operator_owner_uid,owner_uid,location_id,device_id,user_id,amount,refund
,KG9Pba3wEih0TBi9XNHT4pI25V42,-O4A69NIczhDVSOvO-bK,-O4A8U3FC8qU3Y1efNl9,W4zM5c0XmNfv11Z7mXQIjkP1QE82,200,false
,KG9Pba3wEih0TBi9XNHT4pI25V42,-NyVaxBHWh_fOMAilGLc,-NyZC_42Anw3-eR6f9fa,lkQUgqMZyrZibkU5qrT8gyoyPRD3,200,false
,KG9Pba3wEih0TBi9XNHT4pI25V42,-NmC18VrA8CeragiVGu8,-NmC5J_583iJk4ArlvBh,ebPQ2BI1ibhrhO4KrOXt48T4djz2,200,false
,KG9Pba3wEih0TBi9XNHT4pI25V42,-NzhxakpJN9VUjNaxkDc,-NzhzyFXDKVfO12DZ_wF,3fARaZOekGXDl0N6uqpuvdfNMMq2,200,false
,KG9Pba3wEih0TBi9XNHT4pI25V42,-O4A69NIczhDVSOvO-bK,-O4A6vAjWhTh4c66lozl,W4zM5c0XmNfv11Z7mXQIjkP1QE82,300,false
,KG9Pba3wEih0TBi9XNHT4pI25V42,-O4A69NIczhDVSOvO-bK,-O4A7eTwQIItyzde7fnW,W4zM5c0XmNfv11Z7mXQIjkP1QE82,300,false
,KG9Pba3wEih0TBi9XNHT4pI25V42,-NyPT5X9y1d-Hfu3x4Kk,-NyPWC_RvPFq8GLBm-5W,unx7JeTSE9cEGdBknsaCP6fOn722,350,false
,KG9Pba3wEih0TBi9XNHT4pI25V42,-NyPT5X9y1d-Hfu3x4Kk,-NyPVtvtbnR17UIyzC3r,unx7JeTSE9cEGdBknsaCP6fOn722,350,false
,KG9Pba3wEih0TBi9XNHT4pI25V42,-O4A69NIczhDVSOvO-bK,-O4A7JRtUlLTg8YqAY37,W4zM5c0XmNfv11Z7mXQIjkP1QE82,300,false
,KG9Pba3wEih0TBi9XNHT4pI25V42,-Ny0cIPTcro557kRNPEh,-NyPTZvfnqRfYZsi6foZ,F2MWbnM4MzXp7Eo3iR7jWe83SbQ2,350,false
,KG9Pba3wEih0TBi9XNHT4pI25V42,-O08Scdjlm_JdR5aBA18,-O08VSmx--lFsgHdaDAi,rTZ82KNjL9MvtTXMxwbB9zvwdwd2,300,false
,KG9Pba3wEih0TBi9XNHT4pI25V42,-O08Scdjlm_JdR5aBA18,-O08V9lYBzmXGZyY06NI,rTZ82KNjL9MvtTXMxwbB9zvwdwd2,300,false
,KG9Pba3wEih0TBi9XNHT4pI25V42,-NzhxakpJN9VUjNaxkDc,-NzhzJUAI8an8rhRhrHl,yrkJoIfYniVPyVIz7it4OmO00fo1,300,false
,KG9Pba3wEih0TBi9XNHT4pI25V42,-O4A69NIczhDVSOvO-bK,-O4A7JRtUlLTg8YqAY37,W4zM5c0XmNfv11Z7mXQIjkP1QE82,300,false
,KG9Pba3wEih0TBi9XNHT4pI25V42,-NrG3htiQeFdwRH5uWDN,-NrG5lwA4LweBQPkhqGB,SMoD0NQvhZa7ibx83e1JPkNpILy1,350,false
,KG9Pba3wEih0TBi9XNHT4pI25V42,-O4A69NIczhDVSOvO-bK,-O4A6vAjWhTh4c66lozl,W4zM5c0XmNfv11Z7mXQIjkP1QE82,300,false
,KG9Pba3wEih0TBi9XNHT4pI25V42,-NyPT5X9y1d-Hfu3x4Kk,-Nz7dXBVkcVnkE1bXDaR,unx7JeTSE9cEGdBknsaCP6fOn722,200,false
,KG9Pba3wEih0TBi9XNHT4pI25V42,-O08vVh_sepkZWWYtBMO,-O08yfZdlcZXR0v-MhGe,zGJKLFbhYKbhBKAb29dqSKEH7Vf1,200,false
,KG9Pba3wEih0TBi9XNHT4pI25V42,-O2iRso2iyzmadqIfVbD,-O2iT4IXCgbFFbsoUOyi,r81eaF32dKNviefmtozL4sD6eEk1,300,false
,KG9Pba3wEih0TBi9XNHT4pI25V42,-O2iRso2iyzmadqIfVbD,-O2iSiCZ3n_IDeoNr9Sj,r81eaF32dKNviefmtozL4sD6eEk1,300,false
,KG9Pba3wEih0TBi9XNHT4pI25V42,-NyPQFt54nlNBW3puYIA,-NyPURUWwgu2qwP-H-fL,qlWojHPQArh47sSE4LEKIPSf9Tu1,350,false
,KG9Pba3wEih0TBi9XNHT4pI25V42,-NrG3htiQeFdwRH5uWDN,-NrG5lwA4LweBQPkhqGB,SMoD0NQvhZa7ibx83e1JPkNpILy1,350,false
,KG9Pba3wEih0TBi9XNHT4pI25V42,-NrG3htiQeFdwRH5uWDN,-NrG7hiiHcPoz2vy0EwF,SMoD0NQvhZa7ibx83e1JPkNpILy1,200,false
,KG9Pba3wEih0TBi9XNHT4pI25V42,-O7mAuYTaeRX9n5j3Nuy,-O7mCbz8FUXkz_fhCbWV,GP5WzDwvMIWkMcB1FhNOUnc2G462,280,false
,KG9Pba3wEih0TBi9XNHT4pI25V42,-NtRGnH3AbJJ9Y2PvrXH,-NtRHNLYn6asza81C5t3,i7OZAXq2ERagRVtlg58zkKCeWor1,500,false
,KG9Pba3wEih0TBi9XNHT4pI25V42,-Nl7ldAXg-HYEu5UMywi,-Nl7nGED9NfHgbo65J6t,Ri6JhaL2rVTWHbH4BYEx8vfSM5B3,300,false
,KG9Pba3wEih0TBi9XNHT4pI25V42,-NyPQFt54nlNBW3puYIA,-NyPV7vWjYaxVX_1Gzfo,5Cs2g0Sbaqbzc3QouNrhNMAyuZw2,350,false
,KG9Pba3wEih0TBi9XNHT4pI25V42,-O4AuNoq6t8ZB3Y97B8z,-O4EXdcpnqNz8nBaFfoS,MNvIfq3GJqeEKecKz4o2T7r9Zve2,300,false
,KG9Pba3wEih0TBi9XNHT4pI25V42,-Ny0cIPTcro557kRNPEh,-Nz7bc2O8jMm2Hxz_9YW,F2MWbnM4MzXp7Eo3iR7jWe83SbQ2,200,false
,KG9Pba3wEih0TBi9XNHT4pI25V42,-NzhxakpJN9VUjNaxkDc,-NzhyWA4d2EoN1Y6-s-G,yrkJoIfYniVPyVIz7it4OmO00fo1,300,false
,KG9Pba3wEih0TBi9XNHT4pI25V42,-NrG3htiQeFdwRH5uWDN,-NrG6DDd-74GAp1oKsuu,w08QsusMxRT69OOxs8yjFXTBmJT2,350,false
,KG9Pba3wEih0TBi9XNHT4pI25V42,-Nt0dCRS9khradpJF5zd,-Nt0dk7NbHkuHI8_DjTA,RlAyYGIHWsWCpf1Ytcf3l7U0yHH3,300,false
,KG9Pba3wEih0TBi9XNHT4pI25V42,-N8wrJ7SvHAC_pStTMIM,-N8wsmL2_lyB6oYgJTuO,zvVHo0H5qlcyQxPuGPvbuf0gvvf2,300,false
,KG9Pba3wEih0TBi9XNHT4pI25V42,-N8wrJ7SvHAC_pStTMIM,-N8wtlIzDIeb_bCLJrYv,zvVHo0H5qlcyQxPuGPvbuf0gvvf2,300,false
,KG9Pba3wEih0TBi9XNHT4pI25V42,-NzhxakpJN9VUjNaxkDc,-Nzi-RrZQA3MDrNj4_aB,yrkJoIfYniVPyVIz7it4OmO00fo1,200,false
,KG9Pba3wEih0TBi9XNHT4pI25V42,-O2iCO-kMj1e3jLBhk3I,-O2iL265NrWC4taVxZJK,oXqZ0ZlQsLcTSPY8UOyukVWaYuG3,300,false
,KG9Pba3wEih0TBi9XNHT4pI25V42,-NrG3htiQeFdwRH5uWDN,-NrG8p8JAWM6a_keuTXq,SMoD0NQvhZa7ibx83e1JPkNpILy1,200,false
,KG9Pba3wEih0TBi9XNHT4pI25V42,-O7mAuYTaeRX9n5j3Nuy,-O7mDIl007mLEK73VuVW,GP5WzDwvMIWkMcB1FhNOUnc2G462,200,false
,KG9Pba3wEih0TBi9XNHT4pI25V42,-NzhxakpJN9VUjNaxkDc,-NzhyWA4d2EoN1Y6-s-G,yrkJoIfYniVPyVIz7it4OmO00fo1,300,false
,KG9Pba3wEih0TBi9XNHT4pI25V42,-O-1Cyu-zBSt-dIFoblE,-O-1G956IpbNok5TxV4J,1gGzMXxa8mRjJmRNlZSekOpiBRJ3,180,false
,KG9Pba3wEih0TBi9XNHT4pI25V42,-N_rA4HA5hBTTHe_RVRK,-N_rCAhIBVn-7NAIov63,Z4J6C2jf4sSwzwd6K6JIWInDqen2,300,false
,KG9Pba3wEih0TBi9XNHT4pI25V42,-N_rA4HA5hBTTHe_RVRK,-N_rDAV9dkG0PMBxLE69,Z4J6C2jf4sSwzwd6K6JIWInDqen2,300,false
,KG9Pba3wEih0TBi9XNHT4pI25V42,-NrG3htiQeFdwRH5uWDN,-NrG7GTRtvB4HNgk14D_,VG2xBBdaT0Mlw49TS9OAqsxIx8I3,350,false
,KG9Pba3wEih0TBi9XNHT4pI25V42,-O4A69NIczhDVSOvO-bK,-O4A7eTwQIItyzde7fnW,W4zM5c0XmNfv11Z7mXQIjkP1QE82,300,false
,KG9Pba3wEih0TBi9XNHT4pI25V42,-N8wrJ7SvHAC_pStTMIM,-N8wv7AYBe7IbOTB9k6r,zvVHo0H5qlcyQxPuGPvbuf0gvvf2,200,false
,KG9Pba3wEih0TBi9XNHT4pI25V42,-O2iCO-kMj1e3jLBhk3I,-O2iDWVm9nO-tPeKLcN7,oXqZ0ZlQsLcTSPY8UOyukVWaYuG3,300,false
,KG9Pba3wEih0TBi9XNHT4pI25V42,-NzhxakpJN9VUjNaxkDc,-Nzhy-U3IfUfhWdH4Rkg,yrkJoIfYniVPyVIz7it4OmO00fo1,300,false
,KG9Pba3wEih0TBi9XNHT4pI25V42,-NrG3htiQeFdwRH5uWDN,-NrG6gnqT9gYK-sLjvsk,Qkg0A8sNoGPGzfeGqoXz8uTAhWj2,350,false
,KG9Pba3wEih0TBi9XNHT4pI25V42,-O4A69NIczhDVSOvO-bK,-O4A7JRtUlLTg8YqAY37,W4zM5c0XmNfv11Z7mXQIjkP1QE82,300,false
,KG9Pba3wEih0TBi9XNHT4pI25V42,-O-1Cyu-zBSt-dIFoblE,-O-1FmAoeLjT-YSDRXuk,1gGzMXxa8mRjJmRNlZSekOpiBRJ3,330,false
,KG9Pba3wEih0TBi9XNHT4pI25V42,-O08Scdjlm_JdR5aBA18,-O08UN7JJcEyY_Wy3PcR,rTZ82KNjL9MvtTXMxwbB9zvwdwd2,300,false
,KG9Pba3wEih0TBi9XNHT4pI25V42,-O08Scdjlm_JdR5aBA18,-O08TRGdveTR1ACscEE-,rTZ82KNjL9MvtTXMxwbB9zvwdwd2,300,false
,KG9Pba3wEih0TBi9XNHT4pI25V42,-O4A69NIczhDVSOvO-bK,-O4A8U3FC8qU3Y1efNl9,W4zM5c0XmNfv11Z7mXQIjkP1QE82,200,false
,KG9Pba3wEih0TBi9XNHT4pI25V42,-NrG3htiQeFdwRH5uWDN,-NrG8DuY47gGAxT5u_Bh,w08QsusMxRT69OOxs8yjFXTBmJT2,200,false
,KG9Pba3wEih0TBi9XNHT4pI25V42,-O4A69NIczhDVSOvO-bK,-O4A9Zu1SvZjXrQoQyrl,xYddUwLRm5gRTqDG3UXxeGZREe12,200,false
,KG9Pba3wEih0TBi9XNHT4pI25V42,-O4A69NIczhDVSOvO-bK,-O4A6vAjWhTh4c66lozl,W4zM5c0XmNfv11Z7mXQIjkP1QE82,300,false
,KG9Pba3wEih0TBi9XNHT4pI25V42,-NikJ-sBrcRBMSF0jgFo,-NikKlkgG8STENhi1-RG,4qpjHqWGxBVRircldaLbMbykVHs2,300,false
,KG9Pba3wEih0TBi9XNHT4pI25V42,-NikJ-sBrcRBMSF0jgFo,-NikLFJvnMyG7jfT-dK8,4qpjHqWGxBVRircldaLbMbykVHs2,300,false
,KG9Pba3wEih0TBi9XNHT4pI25V42,-NikJ-sBrcRBMSF0jgFo,-NikKDH65SXjmZM5nj7g,4qpjHqWGxBVRircldaLbMbykVHs2,300,false
,KG9Pba3wEih0TBi9XNHT4pI25V42,-NzhxakpJN9VUjNaxkDc,-NzhzJUAI8an8rhRhrHl,yrkJoIfYniVPyVIz7it4OmO00fo1,300,false
,KG9Pba3wEih0TBi9XNHT4pI25V42,-NzhxakpJN9VUjNaxkDc,-O3gb-6Y39mzH6rLXIV0,yrkJoIfYniVPyVIz7it4OmO00fo1,300,false
,KG9Pba3wEih0TBi9XNHT4pI25V42,-NZZuJzST4E62TJ_gPvq,-N_rrSXRo2PyFR5D6qjQ,B0l1EmLq9fOfPnIOZSUworUGGIb2,300,false
,KG9Pba3wEih0TBi9XNHT4pI25V42,-NcXs2ErKckrr89Qsdf_,-NcXu_7aEPbNNzccZoQf,Em5ikAsNyIWtFq0uXd2kkiKGj9o2,300,false
,KG9Pba3wEih0TBi9XNHT4pI25V42,-NcXs2ErKckrr89Qsdf_,-NcXu2OMUrzqZKduQwRD,Em5ikAsNyIWtFq0uXd2kkiKGj9o2,300,false
,KG9Pba3wEih0TBi9XNHT4pI25V42,-MvW5gwdK1MOWBE3u7g6,-MvW5gwdK1MOWBE3u7g8,vKAjsLeQlQV7wW9xYQ9q7mYfpUd2,300,false
,KG9Pba3wEih0TBi9XNHT4pI25V42,-MvW5gwdK1MOWBE3u7g6,-MvW5gwdK1MOWBE3u7g9,vKAjsLeQlQV7wW9xYQ9q7mYfpUd2,300,false
,KG9Pba3wEih0TBi9XNHT4pI25V42,-Nz8gz69kcJhEvw7yuiK,-Nz8sbgEhTGqoDwMyKrG,qfu7IPPcCyXFoV1Gn1sToYfq5F63,260,false
,KG9Pba3wEih0TBi9XNHT4pI25V42,-NrG3htiQeFdwRH5uWDN,-NrG5lwA4LweBQPkhqGB,Qkg0A8sNoGPGzfeGqoXz8uTAhWj2,350,false
,KG9Pba3wEih0TBi9XNHT4pI25V42,-O2iRso2iyzmadqIfVbD,-O2iSJxW236KMyApWe0f,r81eaF32dKNviefmtozL4sD6eEk1,300,false
,KG9Pba3wEih0TBi9XNHT4pI25V42,-NzhxakpJN9VUjNaxkDc,-NzhzyFXDKVfO12DZ_wF,yrkJoIfYniVPyVIz7it4OmO00fo1,200,false
,KG9Pba3wEih0TBi9XNHT4pI25V42,-NmC18VrA8CeragiVGu8,-NmC27wH2iBooJJtQVsG,XaWGfDs7RXgji1DvJkHXs6XGiyU2,300,false
,KG9Pba3wEih0TBi9XNHT4pI25V42,-Nt0dCRS9khradpJF5zd,-Nt0f94vJLCgbmyZBskU,RlAyYGIHWsWCpf1Ytcf3l7U0yHH3,200,false
,KG9Pba3wEih0TBi9XNHT4pI25V42,-O7mAuYTaeRX9n5j3Nuy,-O7mCbz8FUXkz_fhCbWV,GP5WzDwvMIWkMcB1FhNOUnc2G462,280,false
,KG9Pba3wEih0TBi9XNHT4pI25V42,-MvW5gwdK1MOWBE3u7g6,-MvW5gwdK1MOWBE3u7g7,32HZENZnsqSxz9qdyEA1tRawihj1,300,false
,KG9Pba3wEih0TBi9XNHT4pI25V42,-NmC18VrA8CeragiVGu8,-NmC3zHKWpUgOPi-vIMv,XaWGfDs7RXgji1DvJkHXs6XGiyU2,300,false
,KG9Pba3wEih0TBi9XNHT4pI25V42,-NmC18VrA8CeragiVGu8,-NmC2faARSqpAG6okYEj,XaWGfDs7RXgji1DvJkHXs6XGiyU2,300,false
,KG9Pba3wEih0TBi9XNHT4pI25V42,-O3lSfIeS08GM2ivPHvw,-O3lTHRbe8YhqeVxbo4P,zUbjejEygcOo1OhxGJ6EjSv3lnJ2,350,false
,KG9Pba3wEih0TBi9XNHT4pI25V42,-NyPQFt54nlNBW3puYIA,-Nz7c1mrSxF3AM0MkKgH,qlWojHPQArh47sSE4LEKIPSf9Tu1,200,false
,KG9Pba3wEih0TBi9XNHT4pI25V42,-Nl7ldAXg-HYEu5UMywi,-Nl7nGED9NfHgbo65J6t,FKABl2pdGZMpN8Px6N97Y8Zk84c2,300,false
,KG9Pba3wEih0TBi9XNHT4pI25V42,-NcXs2ErKckrr89Qsdf_,-NcXszPYLYFyRWlyT2jh,Em5ikAsNyIWtFq0uXd2kkiKGj9o2,300,false
,KG9Pba3wEih0TBi9XNHT4pI25V42,-O-1Cyu-zBSt-dIFoblE,-O-1FT1G9MctcDJXgW4v,1gGzMXxa8mRjJmRNlZSekOpiBRJ3,330,false
,KG9Pba3wEih0TBi9XNHT4pI25V42,-NcXs2ErKckrr89Qsdf_,-NcXv2pWm1f1Q9A7lWWS,Em5ikAsNyIWtFq0uXd2kkiKGj9o2,200,false
,KG9Pba3wEih0TBi9XNHT4pI25V42,-NcXs2ErKckrr89Qsdf_,-NdKFdCqVGnzDSWs0dLW,Em5ikAsNyIWtFq0uXd2kkiKGj9o2,200,false
,KG9Pba3wEih0TBi9XNHT4pI25V42,-NcXs2ErKckrr89Qsdf_,-NcXvxcxv5ZAirWzAGcp,Em5ikAsNyIWtFq0uXd2kkiKGj9o2,200,false
,KG9Pba3wEih0TBi9XNHT4pI25V42,-O5s3Rd4oAvokOAYSy_4,-O5s4nhsunLWLU2x5iy6,QpNynavALeRphpqE2Ce8iK4aCbv2,300,false
,KG9Pba3wEih0TBi9XNHT4pI25V42,-NzhxakpJN9VUjNaxkDc,-NzhyWA4d2EoN1Y6-s-G,yrkJoIfYniVPyVIz7it4OmO00fo1,300,false
,KG9Pba3wEih0TBi9XNHT4pI25V42,-O5s3Rd4oAvokOAYSy_4,-O5s5A6AG8VhjGy-P_fb,QpNynavALeRphpqE2Ce8iK4aCbv2,300,false
,KG9Pba3wEih0TBi9XNHT4pI25V42,-NrG3htiQeFdwRH5uWDN,-NrG8p8JAWM6a_keuTXq,VG2xBBdaT0Mlw49TS9OAqsxIx8I3,200,false
,KG9Pba3wEih0TBi9XNHT4pI25V42,-Nl7ldAXg-HYEu5UMywi,-Nl7p0MqMy8IsomQju4P,W9qit9mifNRXreA5L81OVHtCqGf2,300,false
,KG9Pba3wEih0TBi9XNHT4pI25V42,-Nzhrmf0iuIlOwL7OxlM,-Nzht5CMNinGqP-HpxQX,JjgK259ffIYREcCanlAIYEvUhNr1,300,false
,KG9Pba3wEih0TBi9XNHT4pI25V42,-Nl7ldAXg-HYEu5UMywi,-Nl7qBavtazhQ8colX4P,xSEkRVhfaER7O2u4msl7Qqsz5z82,300,false
,KG9Pba3wEih0TBi9XNHT4pI25V42,-NyPQFt54nlNBW3puYIA,-NyPUlupQ6jBxywhUH63,5Cs2g0Sbaqbzc3QouNrhNMAyuZw2,350,false
,KG9Pba3wEih0TBi9XNHT4pI25V42,-NrG3htiQeFdwRH5uWDN,-NrG7hiiHcPoz2vy0EwF,pM1Vig0SijSk4Ek1BBHicBpOHEK2,200,false
,KG9Pba3wEih0TBi9XNHT4pI25V42,-NzhxakpJN9VUjNaxkDc,-Nzhy-U3IfUfhWdH4Rkg,c4By0ZcRtrPCBB3uZjGq41oo1en2,300,false
,KG9Pba3wEih0TBi9XNHT4pI25V42,-O08vVh_sepkZWWYtBMO,-O08wzXd6faohj_jfp2v,9tzAjmHxkrSTkPlzfxkmBRu06l03,300,false
,KG9Pba3wEih0TBi9XNHT4pI25V42,-Nz8gz69kcJhEvw7yuiK,-Nz8tbsNgSMTHHogrwO3,qfu7IPPcCyXFoV1Gn1sToYfq5F63,40,false
,KG9Pba3wEih0TBi9XNHT4pI25V42,-O2OF229tBkgX-nhToQ8,-O2OFlD0FivMgNFq6m0C,eMiEweHv5GdbmGTAYFMOLDY4wD52,300,false
,KG9Pba3wEih0TBi9XNHT4pI25V42,-O2OF229tBkgX-nhToQ8,-O2OG6he4G6anOmfvIyZ,eMiEweHv5GdbmGTAYFMOLDY4wD52,300,false
,KG9Pba3wEih0TBi9XNHT4pI25V42,-NzhxakpJN9VUjNaxkDc,-Nzi0Aj0W95lOxfxo1Ie,E14edafBLaZIgh4zfsWBudMbNvC2,200,false
,KG9Pba3wEih0TBi9XNHT4pI25V42,-Nz8gz69kcJhEvw7yuiK,-Nz8rmI_FZ1gY_-RtCgA,qfu7IPPcCyXFoV1Gn1sToYfq5F63,260,false
,KG9Pba3wEih0TBi9XNHT4pI25V42,-Nz8gz69kcJhEvw7yuiK,-Nz8sbgEhTGqoDwMyKrG,qfu7IPPcCyXFoV1Gn1sToYfq5F63,260,false
,KG9Pba3wEih0TBi9XNHT4pI25V42,-Nz8gz69kcJhEvw7yuiK,-Nz8syGdcIwPn3fkc82I,qfu7IPPcCyXFoV1Gn1sToYfq5F63,260,false
,KG9Pba3wEih0TBi9XNHT4pI25V42,-NyPQFt54nlNBW3puYIA,-NyPV7vWjYaxVX_1Gzfo,fv3FLaidz2XvqWyAdhNo0A57isD2,350,false
,KG9Pba3wEih0TBi9XNHT4pI25V42,-Nzhrmf0iuIlOwL7OxlM,-NzhshtG_h2SG96Qhobf,i2F4957LoSQws0Hj5H0MeP62zYp1,300,false
,KG9Pba3wEih0TBi9XNHT4pI25V42,-O5s3Rd4oAvokOAYSy_4,-O5s5bgEy8Y2nxuGvO3_,QpNynavALeRphpqE2Ce8iK4aCbv2,200,false
,KG9Pba3wEih0TBi9XNHT4pI25V42,-Nc6Oh9qfA9ThSW4lbxv,-Nc6PtOC7oH1DR4AjtEl,6gJXt1LAXBairKBPbg17E1uZVlH3,300,false
,KG9Pba3wEih0TBi9XNHT4pI25V42,-O2OF229tBkgX-nhToQ8,-O2OGThYnuW1vpBn6HC0,eMiEweHv5GdbmGTAYFMOLDY4wD52,300,false
,KG9Pba3wEih0TBi9XNHT4pI25V42,-O7mAuYTaeRX9n5j3Nuy,-O7mCbz8FUXkz_fhCbWV,GP5WzDwvMIWkMcB1FhNOUnc2G462,280,false
,KG9Pba3wEih0TBi9XNHT4pI25V42,-NrG3htiQeFdwRH5uWDN,-NrG9jnOfMjfAqS3CimW,Qkg0A8sNoGPGzfeGqoXz8uTAhWj2,200,false
,KG9Pba3wEih0TBi9XNHT4pI25V42,-O4A69NIczhDVSOvO-bK,-O4A7JRtUlLTg8YqAY37,W4zM5c0XmNfv11Z7mXQIjkP1QE82,300,false
,KG9Pba3wEih0TBi9XNHT4pI25V42,-NoVk5Kd7SDp2FKbe2Jr,-NoVmLgFP3ev5v11tfAY,5thBaBZMEmdtt6Ny7mY60v3redb2,300,false
,KG9Pba3wEih0TBi9XNHT4pI25V42,-NoVk5Kd7SDp2FKbe2Jr,-NoVmeZVmmgYNxANZALf,5thBaBZMEmdtt6Ny7mY60v3redb2,300,false
,KG9Pba3wEih0TBi9XNHT4pI25V42,-O08Scdjlm_JdR5aBA18,-O08WetfDgMEbuIKjnxo,LA88Zs2GA3MjzbJlxLWgdQJHhr12,200,false
,KG9Pba3wEih0TBi9XNHT4pI25V42,-O08Scdjlm_JdR5aBA18,-O08TtG2VAtQLTTWo-SH,rTZ82KNjL9MvtTXMxwbB9zvwdwd2,300,false
,KG9Pba3wEih0TBi9XNHT4pI25V42,-NikJ-sBrcRBMSF0jgFo,-NikLupoi1Vfxj9FOcG5,4qpjHqWGxBVRircldaLbMbykVHs2,200,false
,KG9Pba3wEih0TBi9XNHT4pI25V42,-NrG3htiQeFdwRH5uWDN,-NrG6gnqT9gYK-sLjvsk,pM1Vig0SijSk4Ek1BBHicBpOHEK2,350,false
,KG9Pba3wEih0TBi9XNHT4pI25V42,-O2iCO-kMj1e3jLBhk3I,-O2iLafmghSVp3Dx_p0V,oXqZ0ZlQsLcTSPY8UOyukVWaYuG3,300,false
,KG9Pba3wEih0TBi9XNHT4pI25V42,-O-1Cyu-zBSt-dIFoblE,-O-1FmAoeLjT-YSDRXuk,1gGzMXxa8mRjJmRNlZSekOpiBRJ3,330,false
,KG9Pba3wEih0TBi9XNHT4pI25V42,-NyPQFt54nlNBW3puYIA,-NyPURUWwgu2qwP-H-fL,TUNKgNPpdMRQXVqwY3eLeQeu0sM2,350,false
,KG9Pba3wEih0TBi9XNHT4pI25V42,-O-1Cyu-zBSt-dIFoblE,-O-1G956IpbNok5TxV4J,1gGzMXxa8mRjJmRNlZSekOpiBRJ3,180,false
,KG9Pba3wEih0TBi9XNHT4pI25V42,-NzhxakpJN9VUjNaxkDc,-Nzi-RrZQA3MDrNj4_aB,yrkJoIfYniVPyVIz7it4OmO00fo1,200,false
,KG9Pba3wEih0TBi9XNHT4pI25V42,-MvW5gwdK1MOWBE3u7g6,-MvW5gwdK1MOWBE3u7gA,vKAjsLeQlQV7wW9xYQ9q7mYfpUd2,200,false
,KG9Pba3wEih0TBi9XNHT4pI25V42,-Nz8TUgyp8W61kxo694b,-Nz8dGH2Lx9TWPKsCp3L,Ex8LbbYN3TMYGv2u27hFgOskDHd2,350,false
,KG9Pba3wEih0TBi9XNHT4pI25V42,-NmC18VrA8CeragiVGu8,-NmC5J_583iJk4ArlvBh,XaWGfDs7RXgji1DvJkHXs6XGiyU2,200,false
,KG9Pba3wEih0TBi9XNHT4pI25V42,-Nt0dCRS9khradpJF5zd,-Nt0eVtg7KrpUToZc6p7,hL4IJHRQe7VjxXRpLTcA72cPEmE3,300,false
,KG9Pba3wEih0TBi9XNHT4pI25V42,-O4A69NIczhDVSOvO-bK,-O4A6vAjWhTh4c66lozl,W4zM5c0XmNfv11Z7mXQIjkP1QE82,300,false
,KG9Pba3wEih0TBi9XNHT4pI25V42,-Nl7ldAXg-HYEu5UMywi,-Nl7nGED9NfHgbo65J6t,0wNHbQ2LSyQleCxzQr8PIrsiVpB2,300,false
,KG9Pba3wEih0TBi9XNHT4pI25V42,-NmC18VrA8CeragiVGu8,-NmC6Txocmq8GZ4cO7H6,XaWGfDs7RXgji1DvJkHXs6XGiyU2,200,false
,KG9Pba3wEih0TBi9XNHT4pI25V42,-Nc6Oh9qfA9ThSW4lbxv,-Nc6QoTKmZndH7XV17Dj,tRFnzT5qK6RIpyWTUSLM3Vj2Yze2,300,false
,KG9Pba3wEih0TBi9XNHT4pI25V42,-NyPT5X9y1d-Hfu3x4Kk,-NyPWC_RvPFq8GLBm-5W,MKx3JsnjRQTCRyToR8vlQn4EJq72,350,false
,KG9Pba3wEih0TBi9XNHT4pI25V42,-OEO3uN0yOJDl9KJg_L-,-OEO4pg2vgOp_5oQttSc,lzE8rR5G2QPhwIctNWVuGoFjJfF3,300,false
,KG9Pba3wEih0TBi9XNHT4pI25V42,-NrG3htiQeFdwRH5uWDN,-NrG6DDd-74GAp1oKsuu,Qkg0A8sNoGPGzfeGqoXz8uTAhWj2,350,false
,KG9Pba3wEih0TBi9XNHT4pI25V42,-O4A69NIczhDVSOvO-bK,-O4A7eTwQIItyzde7fnW,W4zM5c0XmNfv11Z7mXQIjkP1QE82,300,false
,KG9Pba3wEih0TBi9XNHT4pI25V42,-NyPT5X9y1d-Hfu3x4Kk,-NyPVWdQ2KUiPkIKO_Am,unx7JeTSE9cEGdBknsaCP6fOn722,350,false
,KG9Pba3wEih0TBi9XNHT4pI25V42,-NZZuJzST4E62TJ_gPvq,-N_rrSXRo2PyFR5D6qjQ,5fdfM2PajHgSqQed0MzJB612E1I2,300,false
,KG9Pba3wEih0TBi9XNHT4pI25V42,-NyPT5X9y1d-Hfu3x4Kk,-NyPVtvtbnR17UIyzC3r,unx7JeTSE9cEGdBknsaCP6fOn722,350,false
,KG9Pba3wEih0TBi9XNHT4pI25V42,-NyPQFt54nlNBW3puYIA,-Nz7cLqwnDL_8r61vhry,fv3FLaidz2XvqWyAdhNo0A57isD2,200,false
,KG9Pba3wEih0TBi9XNHT4pI25V42,-Nl7ldAXg-HYEu5UMywi,-Nl7qo73b_M6fJHtWMeB,W9qit9mifNRXreA5L81OVHtCqGf2,200,false
,KG9Pba3wEih0TBi9XNHT4pI25V42,-Nz8gz69kcJhEvw7yuiK,-Nz8tJF34Bks4HiPLqb3,qfu7IPPcCyXFoV1Gn1sToYfq5F63,40,false
,KG9Pba3wEih0TBi9XNHT4pI25V42,-Nz8gz69kcJhEvw7yuiK,-Nz8tbsNgSMTHHogrwO3,qfu7IPPcCyXFoV1Gn1sToYfq5F63,40,false
,KG9Pba3wEih0TBi9XNHT4pI25V42,-Nz8gz69kcJhEvw7yuiK,-Nz8tzF8mnIGB4W3X0tp,qfu7IPPcCyXFoV1Gn1sToYfq5F63,40,false
,KG9Pba3wEih0TBi9XNHT4pI25V42,-NyZD8bzYBvRicskkW1I,-NyZDYOxjq2OMCHPQHm8,LiFOrD73diQxqWFALmlbObJVzaD2,350,false
,KG9Pba3wEih0TBi9XNHT4pI25V42,-MvW5gwdK1MOWBE3u7g6,-MvW5gwdK1MOWBE3u7g8,32HZENZnsqSxz9qdyEA1tRawihj1,300,false
,KG9Pba3wEih0TBi9XNHT4pI25V42,-Nz8gz69kcJhEvw7yuiK,-Nz8syGdcIwPn3fkc82I,qfu7IPPcCyXFoV1Gn1sToYfq5F63,260,false
,KG9Pba3wEih0TBi9XNHT4pI25V42,-O08vVh_sepkZWWYtBMO,-O08we8MtTu5y6dHv9RH,eEpprmKZwDd3YkHl8uuIs3zAvAw1,300,false
,KG9Pba3wEih0TBi9XNHT4pI25V42,-NtRGnH3AbJJ9Y2PvrXH,-NtRHNLYn6asza81C5t3,i7OZAXq2ERagRVtlg58zkKCeWor1,500,false
,KG9Pba3wEih0TBi9XNHT4pI25V42,-NzhxakpJN9VUjNaxkDc,-Nzi-rqb2MuRgDzK4q-Z,HtGE0d38dBegIRBp0WkN9jXEx612,200,false
,KG9Pba3wEih0TBi9XNHT4pI25V42,-NzhxakpJN9VUjNaxkDc,-O3gb-6Y39mzH6rLXIV0,3k5hnTzQxGdIPyZCOZQJWNCS7D42,300,false
,KG9Pba3wEih0TBi9XNHT4pI25V42,-NcXs2ErKckrr89Qsdf_,-NcXtZe9WkI7UNKrLLhZ,Em5ikAsNyIWtFq0uXd2kkiKGj9o2,300,false
,KG9Pba3wEih0TBi9XNHT4pI25V42,-O3lSfIeS08GM2ivPHvw,-O3lTHRbe8YhqeVxbo4P,zUbjejEygcOo1OhxGJ6EjSv3lnJ2,350,false
,KG9Pba3wEih0TBi9XNHT4pI25V42,-NikJ-sBrcRBMSF0jgFo,-NikKDH65SXjmZM5nj7g,6pAsP6vOK9Y4XWka7GderZfjEwg1,300,false
,KG9Pba3wEih0TBi9XNHT4pI25V42,-O08Scdjlm_JdR5aBA18,-O08TRGdveTR1ACscEE-,rTZ82KNjL9MvtTXMxwbB9zvwdwd2,300,false
,KG9Pba3wEih0TBi9XNHT4pI25V42,-Nz8gz69kcJhEvw7yuiK,-Nz8sbgEhTGqoDwMyKrG,qfu7IPPcCyXFoV1Gn1sToYfq5F63,260,false
,KG9Pba3wEih0TBi9XNHT4pI25V42,-O08Scdjlm_JdR5aBA18,-O08UN7JJcEyY_Wy3PcR,rTZ82KNjL9MvtTXMxwbB9zvwdwd2,300,false
,KG9Pba3wEih0TBi9XNHT4pI25V42,-N_rA4HA5hBTTHe_RVRK,-N_rS8ZhDu5VOuFPVl4D,E5mj0egfUROYn9wxNQzvruNjn6H3,300,false
,KG9Pba3wEih0TBi9XNHT4pI25V42,-O5s3Rd4oAvokOAYSy_4,-O5s4nhsunLWLU2x5iy6,QpNynavALeRphpqE2Ce8iK4aCbv2,300,false
,KG9Pba3wEih0TBi9XNHT4pI25V42,-O3lSfIeS08GM2ivPHvw,-O3lTdZLuXvPWQ5W3cyg,zUbjejEygcOo1OhxGJ6EjSv3lnJ2,350,false
,KG9Pba3wEih0TBi9XNHT4pI25V42,-O5s3Rd4oAvokOAYSy_4,-O5s5wmBzsFhIjkD7DYb,QpNynavALeRphpqE2Ce8iK4aCbv2,200,false
,KG9Pba3wEih0TBi9XNHT4pI25V42,-O2iRso2iyzmadqIfVbD,-O2iSJxW236KMyApWe0f,r81eaF32dKNviefmtozL4sD6eEk1,300,false
,KG9Pba3wEih0TBi9XNHT4pI25V42,-NzhxakpJN9VUjNaxkDc,-NzhzJUAI8an8rhRhrHl,MKHRInAyyxRVOJ8akdHwEfJq51Y2,300,false
,KG9Pba3wEih0TBi9XNHT4pI25V42,-O2iRso2iyzmadqIfVbD,-O2iUS2MXzci6rSo-gDh,r81eaF32dKNviefmtozL4sD6eEk1,160,false
,KG9Pba3wEih0TBi9XNHT4pI25V42,-Nt0dCRS9khradpJF5zd,-Nt0e8w14Zy1GHbUCF5T,vZ5LIkdH4NYJ3kCpUV0L4S9eDOI2,300,false
,KG9Pba3wEih0TBi9XNHT4pI25V42,-O5s3Rd4oAvokOAYSy_4,-O5s5A6AG8VhjGy-P_fb,sCbcFY1Fx1cdFwYN3qYCiFlcQNb2,300,false
,KG9Pba3wEih0TBi9XNHT4pI25V42,-NikJ-sBrcRBMSF0jgFo,-NikKlkgG8STENhi1-RG,4qpjHqWGxBVRircldaLbMbykVHs2,300,false
,KG9Pba3wEih0TBi9XNHT4pI25V42,-O3lOj3T61E_5vERBmtE,-O3lRCxnD8DGzMFzPDjw,BpUIWVcu2cQUfJwjJG0SiCNGjd92,300,false
,KG9Pba3wEih0TBi9XNHT4pI25V42,-Nt0dCRS9khradpJF5zd,-Nt0dk7NbHkuHI8_DjTA,vZ5LIkdH4NYJ3kCpUV0L4S9eDOI2,300,false
,KG9Pba3wEih0TBi9XNHT4pI25V42,-O3lSfIeS08GM2ivPHvw,-O3lU73vihDJ-tkjb1W7,zUbjejEygcOo1OhxGJ6EjSv3lnJ2,350,false
,KG9Pba3wEih0TBi9XNHT4pI25V42,-NmC7GdJysF695FFzZap,-NmC8seXEhZzMfrk_a5t,fyBsAplDTWUtwtEI6ZKJVVi5p8Q2,300,false
,KG9Pba3wEih0TBi9XNHT4pI25V42,-O08vVh_sepkZWWYtBMO,-O08z7-lRDWJ_U1pxQmd,9tzAjmHxkrSTkPlzfxkmBRu06l03,200,false
,KG9Pba3wEih0TBi9XNHT4pI25V42,-O08Scdjlm_JdR5aBA18,-O08V9lYBzmXGZyY06NI,aX6nnTsKnZf1XiHjolkf0YlQgwR2,300,false
,KG9Pba3wEih0TBi9XNHT4pI25V42,-O7mAuYTaeRX9n5j3Nuy,-O7mDIl007mLEK73VuVW,GP5WzDwvMIWkMcB1FhNOUnc2G462,200,false
,KG9Pba3wEih0TBi9XNHT4pI25V42,-O08Scdjlm_JdR5aBA18,-O08VSmx--lFsgHdaDAi,aX6nnTsKnZf1XiHjolkf0YlQgwR2,300,false
,KG9Pba3wEih0TBi9XNHT4pI25V42,-NyPT5X9y1d-Hfu3x4Kk,-Nz7drF8d4_W3PsoXA87,unx7JeTSE9cEGdBknsaCP6fOn722,200,false
,KG9Pba3wEih0TBi9XNHT4pI25V42,-MvW5gwdK1MOWBE3u7g6,-MvW5gwdK1MOWBE3u7g9,DzsSFFmwolh74tWWa2OzcpCjotj2,300,false
,KG9Pba3wEih0TBi9XNHT4pI25V42,-Nzhrmf0iuIlOwL7OxlM,-Nzht5CMNinGqP-HpxQX,JjgK259ffIYREcCanlAIYEvUhNr1,300,false
,KG9Pba3wEih0TBi9XNHT4pI25V42,-NyPT5X9y1d-Hfu3x4Kk,-NyPVWdQ2KUiPkIKO_Am,unx7JeTSE9cEGdBknsaCP6fOn722,350,false
,KG9Pba3wEih0TBi9XNHT4pI25V42,-NyPT5X9y1d-Hfu3x4Kk,-NyPVtvtbnR17UIyzC3r,unx7JeTSE9cEGdBknsaCP6fOn722,350,false
,KG9Pba3wEih0TBi9XNHT4pI25V42,-Nz8gz69kcJhEvw7yuiK,-Nz8tzF8mnIGB4W3X0tp,qfu7IPPcCyXFoV1Gn1sToYfq5F63,40,false
,KG9Pba3wEih0TBi9XNHT4pI25V42,-MvW5gwdK1MOWBE3u7g6,-MvW5gwdK1MOWBE3u7g7,QxOvoyGV70OE9dAvjUkaxkircPz2,300,false
,KG9Pba3wEih0TBi9XNHT4pI25V42,-NcXs2ErKckrr89Qsdf_,-NcXszPYLYFyRWlyT2jh,Em5ikAsNyIWtFq0uXd2kkiKGj9o2,300,false
,KG9Pba3wEih0TBi9XNHT4pI25V42,-NyZD8bzYBvRicskkW1I,-NyZELio1r7yPkhnCuRT,LiFOrD73diQxqWFALmlbObJVzaD2,200,false
,KG9Pba3wEih0TBi9XNHT4pI25V42,-NcXs2ErKckrr89Qsdf_,-NcXu2OMUrzqZKduQwRD,Em5ikAsNyIWtFq0uXd2kkiKGj9o2,300,false
,KG9Pba3wEih0TBi9XNHT4pI25V42,-NzhxakpJN9VUjNaxkDc,-NzhyWA4d2EoN1Y6-s-G,3fARaZOekGXDl0N6uqpuvdfNMMq2,300,false
,KG9Pba3wEih0TBi9XNHT4pI25V42,-O4A69NIczhDVSOvO-bK,-O4A7JRtUlLTg8YqAY37,W4zM5c0XmNfv11Z7mXQIjkP1QE82,300,false
,KG9Pba3wEih0TBi9XNHT4pI25V42,-O-1Cyu-zBSt-dIFoblE,-O-1FT1G9MctcDJXgW4v,1gGzMXxa8mRjJmRNlZSekOpiBRJ3,330,false
,KG9Pba3wEih0TBi9XNHT4pI25V42,-NZZuJzST4E62TJ_gPvq,-NsHnClg2eh_08S_7DmI,jemlOyv7bPVa453Zjov1k2KVOee2,300,false
,KG9Pba3wEih0TBi9XNHT4pI25V42,-O2iCO-kMj1e3jLBhk3I,-O2iMdXQsSAmK0lohefp,oXqZ0ZlQsLcTSPY8UOyukVWaYuG3,300,false
,KG9Pba3wEih0TBi9XNHT4pI25V42,-Nz8gz69kcJhEvw7yuiK,-Nz8tJF34Bks4HiPLqb3,qfu7IPPcCyXFoV1Gn1sToYfq5F63,40,false
,KG9Pba3wEih0TBi9XNHT4pI25V42,-O08Scdjlm_JdR5aBA18,-O08TtG2VAtQLTTWo-SH,rTZ82KNjL9MvtTXMxwbB9zvwdwd2,300,false
,KG9Pba3wEih0TBi9XNHT4pI25V42,-O08Scdjlm_JdR5aBA18,-O08X4OjSysslQtCnSef,rTZ82KNjL9MvtTXMxwbB9zvwdwd2,200,false
,KG9Pba3wEih0TBi9XNHT4pI25V42,-NrG3htiQeFdwRH5uWDN,-NrG7hiiHcPoz2vy0EwF,Qkg0A8sNoGPGzfeGqoXz8uTAhWj2,200,false
,KG9Pba3wEih0TBi9XNHT4pI25V42,-Nt0dCRS9khradpJF5zd,-Nt0f94vJLCgbmyZBskU,hL4IJHRQe7VjxXRpLTcA72cPEmE3,200,false
,KG9Pba3wEih0TBi9XNHT4pI25V42,-NyZD8bzYBvRicskkW1I,-NyZDYOxjq2OMCHPQHm8,LiFOrD73diQxqWFALmlbObJVzaD2,350,false
,KG9Pba3wEih0TBi9XNHT4pI25V42,-NzhxakpJN9VUjNaxkDc,-NzhzJUAI8an8rhRhrHl,3k5hnTzQxGdIPyZCOZQJWNCS7D42,300,false
,KG9Pba3wEih0TBi9XNHT4pI25V42,-Nt0dCRS9khradpJF5zd,-Nt0eVtg7KrpUToZc6p7,fS7svYsjv8hNvns5UjvEi0p8keB3,300,false
,KG9Pba3wEih0TBi9XNHT4pI25V42,-NyPQFt54nlNBW3puYIA,-NyPUlupQ6jBxywhUH63,5Cs2g0Sbaqbzc3QouNrhNMAyuZw2,350,false
,KG9Pba3wEih0TBi9XNHT4pI25V42,-Nz8gz69kcJhEvw7yuiK,-Nz8syGdcIwPn3fkc82I,qfu7IPPcCyXFoV1Gn1sToYfq5F63,260,false
,KG9Pba3wEih0TBi9XNHT4pI25V42,-Nz8TUgyp8W61kxo694b,-Nz8eVRz8XOiKZ-QWs1e,Ex8LbbYN3TMYGv2u27hFgOskDHd2,200,false
,KG9Pba3wEih0TBi9XNHT4pI25V42,-O-1Cyu-zBSt-dIFoblE,-O-1G956IpbNok5TxV4J,1gGzMXxa8mRjJmRNlZSekOpiBRJ3,180,false
,KG9Pba3wEih0TBi9XNHT4pI25V42,-O7mAuYTaeRX9n5j3Nuy,-O7mCbz8FUXkz_fhCbWV,GP5WzDwvMIWkMcB1FhNOUnc2G462,280,false
,KG9Pba3wEih0TBi9XNHT4pI25V42,-Nz8gz69kcJhEvw7yuiK,-Nz8rmI_FZ1gY_-RtCgA,qfu7IPPcCyXFoV1Gn1sToYfq5F63,260,false
,KG9Pba3wEih0TBi9XNHT4pI25V42,-Nc6UA9Hl08A7BFSuNAc,-Nc6V0X6OIQrhj8c84Mw,SlBZrKmiPwSpYYhjoUokJPHjoh72,300,false
,KG9Pba3wEih0TBi9XNHT4pI25V42,-Nc6UA9Hl08A7BFSuNAc,-Nc6Ue9E8YtzB0vHdq7r,SlBZrKmiPwSpYYhjoUokJPHjoh72,300,false
,KG9Pba3wEih0TBi9XNHT4pI25V42,-NikJ-sBrcRBMSF0jgFo,-NikLFJvnMyG7jfT-dK8,0Kf2hlmXzzfnXNwWIXsPsbQWzQr2,300,false
,KG9Pba3wEih0TBi9XNHT4pI25V42,-NmC18VrA8CeragiVGu8,-NmC3zHKWpUgOPi-vIMv,uqC0cifHlCXXND9DHeJR14ryLRa2,300,false
,KG9Pba3wEih0TBi9XNHT4pI25V42,-O7mAuYTaeRX9n5j3Nuy,-O7mCHN-I06WYMsxafGK,GP5WzDwvMIWkMcB1FhNOUnc2G462,280,false
,KG9Pba3wEih0TBi9XNHT4pI25V42,-O4A69NIczhDVSOvO-bK,-O4A7eTwQIItyzde7fnW,W4zM5c0XmNfv11Z7mXQIjkP1QE82,300,false
,KG9Pba3wEih0TBi9XNHT4pI25V42,-MvW5gwdK1MOWBE3u7g6,-MvW5gwdK1MOWBE3u7g7,QxOvoyGV70OE9dAvjUkaxkircPz2,300,false
,KG9Pba3wEih0TBi9XNHT4pI25V42,-MvW5gwdK1MOWBE3u7g6,-MvW5gweqPowDXKXA3c1,QxOvoyGV70OE9dAvjUkaxkircPz2,200,false
,KG9Pba3wEih0TBi9XNHT4pI25V42,-NmC18VrA8CeragiVGu8,-NmC27wH2iBooJJtQVsG,0ndnEiX8NIggQ4zhgj9Mcycc4E12,300,false
,KG9Pba3wEih0TBi9XNHT4pI25V42,-NtRGnH3AbJJ9Y2PvrXH,-NtRIsYNSjaX50S7FryQ,i7OZAXq2ERagRVtlg58zkKCeWor1,300,false
,KG9Pba3wEih0TBi9XNHT4pI25V42,-NmC18VrA8CeragiVGu8,-NmC2faARSqpAG6okYEj,0ndnEiX8NIggQ4zhgj9Mcycc4E12,300,false
,KG9Pba3wEih0TBi9XNHT4pI25V42,-Nz8gz69kcJhEvw7yuiK,-Nz8tbsNgSMTHHogrwO3,qfu7IPPcCyXFoV1Gn1sToYfq5F63,40,false
,KG9Pba3wEih0TBi9XNHT4pI25V42,-NyVaxBHWh_fOMAilGLc,-NyZBjZLvY3AO5AteGiE,IMUphzIjrXbFJrCDY0fZ9DyRMMA3,350,false
,KG9Pba3wEih0TBi9XNHT4pI25V42,-OEO3uN0yOJDl9KJg_L-,-OEO5aOOCNSLgFNlamU2,lzE8rR5G2QPhwIctNWVuGoFjJfF3,160,false
,KG9Pba3wEih0TBi9XNHT4pI25V42,-O3lSfIeS08GM2ivPHvw,-O3lV8PaQWdxrd4tDNdB,zUbjejEygcOo1OhxGJ6EjSv3lnJ2,200,false
,KG9Pba3wEih0TBi9XNHT4pI25V42,-NmC18VrA8CeragiVGu8,-NmC3IN8-skUxO0_9c18,E9DqfyHOC2UToeTolK2ckFHYjlu1,300,false
,KG9Pba3wEih0TBi9XNHT4pI25V42,-O3lSfIeS08GM2ivPHvw,-O3lUkHiQX_jTelG-byR,zUbjejEygcOo1OhxGJ6EjSv3lnJ2,200,false
,KG9Pba3wEih0TBi9XNHT4pI25V42,-NyPQFt54nlNBW3puYIA,-NyPV7vWjYaxVX_1Gzfo,5Cs2g0Sbaqbzc3QouNrhNMAyuZw2,350,false
,KG9Pba3wEih0TBi9XNHT4pI25V42,-MvW5gwdK1MOWBE3u7g6,-MvW5gwdK1MOWBE3u7g8,AQBlya3VioQ06ioET3rdlqneqp13,300,false
,KG9Pba3wEih0TBi9XNHT4pI25V42,-O08Scdjlm_JdR5aBA18,-O08UN7JJcEyY_Wy3PcR,rTZ82KNjL9MvtTXMxwbB9zvwdwd2,300,false
,KG9Pba3wEih0TBi9XNHT4pI25V42,-NzhxakpJN9VUjNaxkDc,-Nzhy-U3IfUfhWdH4Rkg,4B6z2Zi9tmaSynhWbAlPPBAlEnH3,300,false
,KG9Pba3wEih0TBi9XNHT4pI25V42,-Nc6UA9Hl08A7BFSuNAc,-Nc6VTOrX-7LXkDnK1PC,DrsO8q2uTaM4oxPehgdR2rO9SrS2,300,false
,KG9Pba3wEih0TBi9XNHT4pI25V42,-NzhxakpJN9VUjNaxkDc,-NzhysuNuXLLjQPuspd-,4B6z2Zi9tmaSynhWbAlPPBAlEnH3,300,false
,KG9Pba3wEih0TBi9XNHT4pI25V42,-Nz8gz69kcJhEvw7yuiK,-Nz8sbgEhTGqoDwMyKrG,qfu7IPPcCyXFoV1Gn1sToYfq5F63,260,false
,KG9Pba3wEih0TBi9XNHT4pI25V42,-NzhxakpJN9VUjNaxkDc,-O3gb-6Y39mzH6rLXIV0,c9c7rv3C5FaAjfGTREHBl7hEmP92,300,false
,KG9Pba3wEih0TBi9XNHT4pI25V42,-NcXs2ErKckrr89Qsdf_,-NcXtZe9WkI7UNKrLLhZ,Em5ikAsNyIWtFq0uXd2kkiKGj9o2,300,false
,KG9Pba3wEih0TBi9XNHT4pI25V42,-NzhxakpJN9VUjNaxkDc,-NzhzJUAI8an8rhRhrHl,1rboVGWw3YSqq0zN6Y9t9mhT3g02,300,false
,KG9Pba3wEih0TBi9XNHT4pI25V42,-NyPT5X9y1d-Hfu3x4Kk,-Nz7drF8d4_W3PsoXA87,unx7JeTSE9cEGdBknsaCP6fOn722,200,false
,KG9Pba3wEih0TBi9XNHT4pI25V42,-NyPT5X9y1d-Hfu3x4Kk,-Nz7dXBVkcVnkE1bXDaR,unx7JeTSE9cEGdBknsaCP6fOn722,200,false
,KG9Pba3wEih0TBi9XNHT4pI25V42,-NyPT5X9y1d-Hfu3x4Kk,-NyPVWdQ2KUiPkIKO_Am,unx7JeTSE9cEGdBknsaCP6fOn722,350,false
,KG9Pba3wEih0TBi9XNHT4pI25V42,-NyZD8bzYBvRicskkW1I,-NyZELio1r7yPkhnCuRT,LiFOrD73diQxqWFALmlbObJVzaD2,200,false
,KG9Pba3wEih0TBi9XNHT4pI25V42,-NoVk5Kd7SDp2FKbe2Jr,-NoVmeZVmmgYNxANZALf,5thBaBZMEmdtt6Ny7mY60v3redb2,300,false
,KG9Pba3wEih0TBi9XNHT4pI25V42,-Nt0dCRS9khradpJF5zd,-Nt0dk7NbHkuHI8_DjTA,UYynXcWWAEYV01fJXR5Nof4kBFU2,300,false
,KG9Pba3wEih0TBi9XNHT4pI25V42,-Nt0dCRS9khradpJF5zd,-Nt0e8w14Zy1GHbUCF5T,7GcOrZPOCmPWazVemtCukb7ChG02,300,false
,KG9Pba3wEih0TBi9XNHT4pI25V42,-O7mAuYTaeRX9n5j3Nuy,-O7mCbz8FUXkz_fhCbWV,GP5WzDwvMIWkMcB1FhNOUnc2G462,280,false
,KG9Pba3wEih0TBi9XNHT4pI25V42,-N_rA4HA5hBTTHe_RVRK,-N_rI7ojBZ1mVQa0ySaf,E5mj0egfUROYn9wxNQzvruNjn6H3,200,false
,KG9Pba3wEih0TBi9XNHT4pI25V42,-O08Scdjlm_JdR5aBA18,-O08TRGdveTR1ACscEE-,rTZ82KNjL9MvtTXMxwbB9zvwdwd2,300,false
,KG9Pba3wEih0TBi9XNHT4pI25V42,-O08Scdjlm_JdR5aBA18,-O08WDcPi1su6xlGGOtO,rTZ82KNjL9MvtTXMxwbB9zvwdwd2,200,false
,KG9Pba3wEih0TBi9XNHT4pI25V42,-NyPQFt54nlNBW3puYIA,-Nz7cLqwnDL_8r61vhry,5Cs2g0Sbaqbzc3QouNrhNMAyuZw2,200,false
,KG9Pba3wEih0TBi9XNHT4pI25V42,-O08Scdjlm_JdR5aBA18,-O08VSmx--lFsgHdaDAi,rTZ82KNjL9MvtTXMxwbB9zvwdwd2,300,false
,KG9Pba3wEih0TBi9XNHT4pI25V42,-O2OF229tBkgX-nhToQ8,-O2OHjqDU5YM-vl-AQut,eMiEweHv5GdbmGTAYFMOLDY4wD52,200,false
,KG9Pba3wEih0TBi9XNHT4pI25V42,-O08Scdjlm_JdR5aBA18,-O08V9lYBzmXGZyY06NI,rTZ82KNjL9MvtTXMxwbB9zvwdwd2,300,false
,KG9Pba3wEih0TBi9XNHT4pI25V42,-Nt0dCRS9khradpJF5zd,-Nt0eVtg7KrpUToZc6p7,fS7svYsjv8hNvns5UjvEi0p8keB3,300,false
,KG9Pba3wEih0TBi9XNHT4pI25V42,-Nz8gz69kcJhEvw7yuiK,-Nz8tJF34Bks4HiPLqb3,qfu7IPPcCyXFoV1Gn1sToYfq5F63,40,false
,KG9Pba3wEih0TBi9XNHT4pI25V42,-O3lOj3T61E_5vERBmtE,-O3lRiqGBvKaPDAAJd5n,BpUIWVcu2cQUfJwjJG0SiCNGjd92,200,false
,KG9Pba3wEih0TBi9XNHT4pI25V42,-NZZuJzST4E62TJ_gPvq,-N_rrSXRo2PyFR5D6qjQ,WwPiXuPpBCSULcLYEPfBfjghTMw1,300,false
,KG9Pba3wEih0TBi9XNHT4pI25V42,-NikJ-sBrcRBMSF0jgFo,-NikLupoi1Vfxj9FOcG5,4qpjHqWGxBVRircldaLbMbykVHs2,200,false
,KG9Pba3wEih0TBi9XNHT4pI25V42,-Nl7ldAXg-HYEu5UMywi,-Nl7qBavtazhQ8colX4P,xnpUGN5iIDYU02mcIwmGDE2zpaC3,300,false
,KG9Pba3wEih0TBi9XNHT4pI25V42,-MvW5gwdK1MOWBE3u7g6,-MvW5gwdK1MOWBE3u7g8,AQBlya3VioQ06ioET3rdlqneqp13,300,false
,KG9Pba3wEih0TBi9XNHT4pI25V42,-MvW5gwdK1MOWBE3u7g6,-MvW5gwdK1MOWBE3u7gA,DzsSFFmwolh74tWWa2OzcpCjotj2,200,false
,KG9Pba3wEih0TBi9XNHT4pI25V42,-NikJ-sBrcRBMSF0jgFo,-NikKDH65SXjmZM5nj7g,99lZAYThzMXfxNogw5xBlUjQ9Uz1,300,false
,KG9Pba3wEih0TBi9XNHT4pI25V42,-O5s3Rd4oAvokOAYSy_4,-O5s5A6AG8VhjGy-P_fb,sCbcFY1Fx1cdFwYN3qYCiFlcQNb2,300,false
,KG9Pba3wEih0TBi9XNHT4pI25V42,-NZZuJzST4E62TJ_gPvq,-N_rruIq0BgOu7VCPENp,WwPiXuPpBCSULcLYEPfBfjghTMw1,300,false
,KG9Pba3wEih0TBi9XNHT4pI25V42,-NmC7GdJysF695FFzZap,-NmC9SsZuM5Hg--_gz4R,fyBsAplDTWUtwtEI6ZKJVVi5p8Q2,200,false
,KG9Pba3wEih0TBi9XNHT4pI25V42,-Nzhrmf0iuIlOwL7OxlM,-NzhvUB-VJFOqmgk1mm9,JjgK259ffIYREcCanlAIYEvUhNr1,200,false
,KG9Pba3wEih0TBi9XNHT4pI25V42,-O2iCO-kMj1e3jLBhk3I,-O2iNmXJPTawig22QnDh,oXqZ0ZlQsLcTSPY8UOyukVWaYuG3,200,false
,KG9Pba3wEih0TBi9XNHT4pI25V42,-NyPQFt54nlNBW3puYIA,-NyPURUWwgu2qwP-H-fL,5Cs2g0Sbaqbzc3QouNrhNMAyuZw2,350,false
,KG9Pba3wEih0TBi9XNHT4pI25V42,-NyPT5X9y1d-Hfu3x4Kk,-NyPVtvtbnR17UIyzC3r,unx7JeTSE9cEGdBknsaCP6fOn722,350,false
,KG9Pba3wEih0TBi9XNHT4pI25V42,-Nz8gz69kcJhEvw7yuiK,-Nz8syGdcIwPn3fkc82I,qfu7IPPcCyXFoV1Gn1sToYfq5F63,260,false
,KG9Pba3wEih0TBi9XNHT4pI25V42,-O2iCO-kMj1e3jLBhk3I,-O2iLafmghSVp3Dx_p0V,oXqZ0ZlQsLcTSPY8UOyukVWaYuG3,300,false
,KG9Pba3wEih0TBi9XNHT4pI25V42,-O08vVh_sepkZWWYtBMO,-O08wG3qCuMaBM2jUzna,heNxNCfoarROA8XCg4RQMd41K9t2,300,false
,KG9Pba3wEih0TBi9XNHT4pI25V42,-O08vVh_sepkZWWYtBMO,-O08we8MtTu5y6dHv9RH,heNxNCfoarROA8XCg4RQMd41K9t2,300,false
,KG9Pba3wEih0TBi9XNHT4pI25V42,-NmC18VrA8CeragiVGu8,-NmC5J_583iJk4ArlvBh,E9DqfyHOC2UToeTolK2ckFHYjlu1,200,false
,KG9Pba3wEih0TBi9XNHT4pI25V42,-NyPT5X9y1d-Hfu3x4Kk,-NyPWC_RvPFq8GLBm-5W,unx7JeTSE9cEGdBknsaCP6fOn722,350,false
,KG9Pba3wEih0TBi9XNHT4pI25V42,-O5s3Rd4oAvokOAYSy_4,-O5s5bgEy8Y2nxuGvO3_,QpNynavALeRphpqE2Ce8iK4aCbv2,200,false
,KG9Pba3wEih0TBi9XNHT4pI25V42,-Ny0cIPTcro557kRNPEh,-NyPTZvfnqRfYZsi6foZ,ecPETjLkj8TPRy2PppjGXNv9OuJ3,350,false
,KG9Pba3wEih0TBi9XNHT4pI25V42,-NmC18VrA8CeragiVGu8,-NmC3IN8-skUxO0_9c18,OsdwwLXwicfdeq8LPTrJFAz4Gm72,300,false
,KG9Pba3wEih0TBi9XNHT4pI25V42,-Nzhrmf0iuIlOwL7OxlM,-NzhshtG_h2SG96Qhobf,JjgK259ffIYREcCanlAIYEvUhNr1,300,false
,KG9Pba3wEih0TBi9XNHT4pI25V42,-NzhxakpJN9VUjNaxkDc,-NzhyWA4d2EoN1Y6-s-G,1LKQNHwbjggoHchdyS3THtPSH683,300,false
,KG9Pba3wEih0TBi9XNHT4pI25V42,-MvW5gwdK1MOWBE3u7g6,-MvW5gweqPowDXKXA3c1,QxOvoyGV70OE9dAvjUkaxkircPz2,200,false
,KG9Pba3wEih0TBi9XNHT4pI25V42,-O5s3Rd4oAvokOAYSy_4,-O5s4nhsunLWLU2x5iy6,QpNynavALeRphpqE2Ce8iK4aCbv2,300,false
,KG9Pba3wEih0TBi9XNHT4pI25V42,-NcXs2ErKckrr89Qsdf_,-NcY5rPmaKnN70Drwi4L,Em5ikAsNyIWtFq0uXd2kkiKGj9o2,200,false
,KG9Pba3wEih0TBi9XNHT4pI25V42,-O2iRso2iyzmadqIfVbD,-O2iSJxW236KMyApWe0f,r81eaF32dKNviefmtozL4sD6eEk1,300,false
,KG9Pba3wEih0TBi9XNHT4pI25V42,-O4A69NIczhDVSOvO-bK,-O4A6vAjWhTh4c66lozl,W4zM5c0XmNfv11Z7mXQIjkP1QE82,300,false
,KG9Pba3wEih0TBi9XNHT4pI25V42,-O4A69NIczhDVSOvO-bK,-O4A8U3FC8qU3Y1efNl9,W4zM5c0XmNfv11Z7mXQIjkP1QE82,200,false
,KG9Pba3wEih0TBi9XNHT4pI25V42,-O3lSfIeS08GM2ivPHvw,-O3lTHRbe8YhqeVxbo4P,zUbjejEygcOo1OhxGJ6EjSv3lnJ2,350,false
,KG9Pba3wEih0TBi9XNHT4pI25V42,-NZZuJzST4E62TJ_gPvq,-N_rsaAGDmIPKyJ2IPXr,jemlOyv7bPVa453Zjov1k2KVOee2,200,false
,KG9Pba3wEih0TBi9XNHT4pI25V42,-Nz8gz69kcJhEvw7yuiK,-Nz8tbsNgSMTHHogrwO3,qfu7IPPcCyXFoV1Gn1sToYfq5F63,40,false
,KG9Pba3wEih0TBi9XNHT4pI25V42,-O2iRso2iyzmadqIfVbD,-O2iTSjZ967VPuSGP8ME,r81eaF32dKNviefmtozL4sD6eEk1,160,false
,KG9Pba3wEih0TBi9XNHT4pI25V42,-Ny0cIPTcro557kRNPEh,-Ny0d9INQaoDTWXMFBfe,ecPETjLkj8TPRy2PppjGXNv9OuJ3,350,false
,KG9Pba3wEih0TBi9XNHT4pI25V42,-O7mAuYTaeRX9n5j3Nuy,-O7mCbz8FUXkz_fhCbWV,GP5WzDwvMIWkMcB1FhNOUnc2G462,280,false
,KG9Pba3wEih0TBi9XNHT4pI25V42,-MvW5gwdK1MOWBE3u7g6,-MvW5gwdK1MOWBE3u7g7,H74IcX7sUIa9NFrQlKCuoUfprb03,300,false
,KG9Pba3wEih0TBi9XNHT4pI25V42,-Ny0cIPTcro557kRNPEh,-NyPTvUvGo2nhGT92rMO,ecPETjLkj8TPRy2PppjGXNv9OuJ3,350,false
,KG9Pba3wEih0TBi9XNHT4pI25V42,-Nz8TUgyp8W61kxo694b,-Nz8eVRz8XOiKZ-QWs1e,Ex8LbbYN3TMYGv2u27hFgOskDHd2,200,false
,KG9Pba3wEih0TBi9XNHT4pI25V42,-Nt0dCRS9khradpJF5zd,-Nt0f94vJLCgbmyZBskU,7GcOrZPOCmPWazVemtCukb7ChG02,200,false
,KG9Pba3wEih0TBi9XNHT4pI25V42,-O7mAuYTaeRX9n5j3Nuy,-O7mDIl007mLEK73VuVW,GP5WzDwvMIWkMcB1FhNOUnc2G462,200,false
,KG9Pba3wEih0TBi9XNHT4pI25V42,-O2iRso2iyzmadqIfVbD,-O2iSiCZ3n_IDeoNr9Sj,q6IZg0to34Mq95Og3TZXkDAkXfN2,300,false
,KG9Pba3wEih0TBi9XNHT4pI25V42,-Nz8gz69kcJhEvw7yuiK,-Nz8tzF8mnIGB4W3X0tp,qfu7IPPcCyXFoV1Gn1sToYfq5F63,40,false
,KG9Pba3wEih0TBi9XNHT4pI25V42,-NmC18VrA8CeragiVGu8,-NmC4TFQCahBPwfbBz5Z,uqC0cifHlCXXND9DHeJR14ryLRa2,200,false
,KG9Pba3wEih0TBi9XNHT4pI25V42,-Nz8TUgyp8W61kxo694b,-Nz8bngvOXQWuCw_YItd,izGYddhkH3Xkdq054FMr4gk747K2,350,false
,KG9Pba3wEih0TBi9XNHT4pI25V42,-Nz8TUgyp8W61kxo694b,-Nz8cI8DRjzOud1NKXDp,izGYddhkH3Xkdq054FMr4gk747K2,350,false
,KG9Pba3wEih0TBi9XNHT4pI25V42,-O4A69NIczhDVSOvO-bK,-O4A7JRtUlLTg8YqAY37,W4zM5c0XmNfv11Z7mXQIjkP1QE82,300,false
,KG9Pba3wEih0TBi9XNHT4pI25V42,-Nt0dCRS9khradpJF5zd,-Nt0eVtg7KrpUToZc6p7,fS7svYsjv8hNvns5UjvEi0p8keB3,300,false
,KG9Pba3wEih0TBi9XNHT4pI25V42,-N_rA4HA5hBTTHe_RVRK,-N_rS8ZhDu5VOuFPVl4D,pCCN20Bj2ZV431rq2htUdzRnYnX2,300,false
,KG9Pba3wEih0TBi9XNHT4pI25V42,-Nz8TUgyp8W61kxo694b,-Nz8cfhT4Qs6i-8a4-EE,izGYddhkH3Xkdq054FMr4gk747K2,350,false
,KG9Pba3wEih0TBi9XNHT4pI25V42,-Nz8TUgyp8W61kxo694b,-Nz8dGH2Lx9TWPKsCp3L,izGYddhkH3Xkdq054FMr4gk747K2,350,false
,KG9Pba3wEih0TBi9XNHT4pI25V42,-NyPT5X9y1d-Hfu3x4Kk,-Nz7dXBVkcVnkE1bXDaR,unx7JeTSE9cEGdBknsaCP6fOn722,200,false
,KG9Pba3wEih0TBi9XNHT4pI25V42,-NyPT5X9y1d-Hfu3x4Kk,-Nz7drF8d4_W3PsoXA87,unx7JeTSE9cEGdBknsaCP6fOn722,200,false
,KG9Pba3wEih0TBi9XNHT4pI25V42,-NoVk5Kd7SDp2FKbe2Jr,-NoVl05cwblKySdgw3ES,5thBaBZMEmdtt6Ny7mY60v3redb2,300,false
,KG9Pba3wEih0TBi9XNHT4pI25V42,-Nc6UA9Hl08A7BFSuNAc,-Nc6Wd3VTLEeMHlv4qLp,DrsO8q2uTaM4oxPehgdR2rO9SrS2,200,false
,KG9Pba3wEih0TBi9XNHT4pI25V42,-NmC7GdJysF695FFzZap,-NmC8seXEhZzMfrk_a5t,YWe0kX3vJHMGqIfva8UWFO5dhwh2,300,false
,KG9Pba3wEih0TBi9XNHT4pI25V42,-O2iCO-kMj1e3jLBhk3I,-O2iDWVm9nO-tPeKLcN7,7lyQDGl1piapuiukDh8uohyumrE2,300,false
,KG9Pba3wEih0TBi9XNHT4pI25V42,-O4A69NIczhDVSOvO-bK,-O4A7eTwQIItyzde7fnW,W4zM5c0XmNfv11Z7mXQIjkP1QE82,300,false
,KG9Pba3wEih0TBi9XNHT4pI25V42,-Nc6UA9Hl08A7BFSuNAc,-Nc6X0pL5nPDbO4iR8uD,SlBZrKmiPwSpYYhjoUokJPHjoh72,200,false
,KG9Pba3wEih0TBi9XNHT4pI25V42,-NyPQFt54nlNBW3puYIA,-NyPV7vWjYaxVX_1Gzfo,5Cs2g0Sbaqbzc3QouNrhNMAyuZw2,350,false
,KG9Pba3wEih0TBi9XNHT4pI25V42,-O2OF229tBkgX-nhToQ8,-O2OFlD0FivMgNFq6m0C,0AVJzqhE1SdmALfANXQgoIAhRPi2,300,false
,KG9Pba3wEih0TBi9XNHT4pI25V42,-OFbG05KZY963l9O7GtV,-OFbI_ZoXccjgreXaQfO,MdwWNmzs8lNvUGDQkb6FRfBhNBU2,350,false
,KG9Pba3wEih0TBi9XNHT4pI25V42,-NzhxakpJN9VUjNaxkDc,-O3gbqoWJRkhFhgcVdGi,1rboVGWw3YSqq0zN6Y9t9mhT3g02,200,false
,KG9Pba3wEih0TBi9XNHT4pI25V42,-OFbG05KZY963l9O7GtV,-OFbJO49uIcZxKTj6UZL,MdwWNmzs8lNvUGDQkb6FRfBhNBU2,350,false
,KG9Pba3wEih0TBi9XNHT4pI25V42,-NmC18VrA8CeragiVGu8,-NmC27wH2iBooJJtQVsG,GjM8Ut5R9yXNB76mUida7tEMTLf1,300,false
,KG9Pba3wEih0TBi9XNHT4pI25V42,-NmC18VrA8CeragiVGu8,-NmC2faARSqpAG6okYEj,GjM8Ut5R9yXNB76mUida7tEMTLf1,300,false
,KG9Pba3wEih0TBi9XNHT4pI25V42,-NmC18VrA8CeragiVGu8,-NmC3zHKWpUgOPi-vIMv,GjM8Ut5R9yXNB76mUida7tEMTLf1,300,false
,KG9Pba3wEih0TBi9XNHT4pI25V42,-NoVk5Kd7SDp2FKbe2Jr,-NoVnK4HclG1KSpRyrTk,5thBaBZMEmdtt6Ny7mY60v3redb2,200,false
,KG9Pba3wEih0TBi9XNHT4pI25V42,-NikJ-sBrcRBMSF0jgFo,-NikKlkgG8STENhi1-RG,4qpjHqWGxBVRircldaLbMbykVHs2,300,false
,KG9Pba3wEih0TBi9XNHT4pI25V42,-O7mAuYTaeRX9n5j3Nuy,-O7mCxZoracdLc3kQdG3,GP5WzDwvMIWkMcB1FhNOUnc2G462,200,false
,KG9Pba3wEih0TBi9XNHT4pI25V42,-Nz8gz69kcJhEvw7yuiK,-Nz8tbsNgSMTHHogrwO3,qfu7IPPcCyXFoV1Gn1sToYfq5F63,40,false
,KG9Pba3wEih0TBi9XNHT4pI25V42,-O08Scdjlm_JdR5aBA18,-O08UN7JJcEyY_Wy3PcR,rTZ82KNjL9MvtTXMxwbB9zvwdwd2,300,false
,KG9Pba3wEih0TBi9XNHT4pI25V42,-O08Scdjlm_JdR5aBA18,-O08XTpLd6NlmtuTwnpD,rTZ82KNjL9MvtTXMxwbB9zvwdwd2,200,false
,KG9Pba3wEih0TBi9XNHT4pI25V42,-O2OF229tBkgX-nhToQ8,-O2OGThYnuW1vpBn6HC0,bSIWJTEObpOtCCrsG9N6VCpcMzj2,300,false
,KG9Pba3wEih0TBi9XNHT4pI25V42,-O7mAuYTaeRX9n5j3Nuy,-O7mCbz8FUXkz_fhCbWV,GP5WzDwvMIWkMcB1FhNOUnc2G462,280,false
,KG9Pba3wEih0TBi9XNHT4pI25V42,-NyPQFt54nlNBW3puYIA,-NyPUlupQ6jBxywhUH63,5Cs2g0Sbaqbzc3QouNrhNMAyuZw2,350,false
,KG9Pba3wEih0TBi9XNHT4pI25V42,-Nzhrmf0iuIlOwL7OxlM,-NzhtT8zbN9PIqu0RgQ0,JjgK259ffIYREcCanlAIYEvUhNr1,300,false
,KG9Pba3wEih0TBi9XNHT4pI25V42,-Nz8gz69kcJhEvw7yuiK,-Nz8sbgEhTGqoDwMyKrG,qfu7IPPcCyXFoV1Gn1sToYfq5F63,260,false
,KG9Pba3wEih0TBi9XNHT4pI25V42,-O08Scdjlm_JdR5aBA18,-O08TRGdveTR1ACscEE-,rTZ82KNjL9MvtTXMxwbB9zvwdwd2,300,false
,KG9Pba3wEih0TBi9XNHT4pI25V42,-O08Scdjlm_JdR5aBA18,-O08VSmx--lFsgHdaDAi,rTZ82KNjL9MvtTXMxwbB9zvwdwd2,300,false
,KG9Pba3wEih0TBi9XNHT4pI25V42,-O08Scdjlm_JdR5aBA18,-O08WetfDgMEbuIKjnxo,rTZ82KNjL9MvtTXMxwbB9zvwdwd2,200,false
,KG9Pba3wEih0TBi9XNHT4pI25V42,-NikJ-sBrcRBMSF0jgFo,-NikNgf5aHOpzTioEp5m,0Kf2hlmXzzfnXNwWIXsPsbQWzQr2,200,false
,KG9Pba3wEih0TBi9XNHT4pI25V42,-O08Scdjlm_JdR5aBA18,-O08V9lYBzmXGZyY06NI,rTZ82KNjL9MvtTXMxwbB9zvwdwd2,300,false
,KG9Pba3wEih0TBi9XNHT4pI25V42,-NzhxakpJN9VUjNaxkDc,-Nzhy-U3IfUfhWdH4Rkg,4B6z2Zi9tmaSynhWbAlPPBAlEnH3,300,false
,KG9Pba3wEih0TBi9XNHT4pI25V42,-NzhxakpJN9VUjNaxkDc,-NzhysuNuXLLjQPuspd-,4B6z2Zi9tmaSynhWbAlPPBAlEnH3,300,false
,KG9Pba3wEih0TBi9XNHT4pI25V42,-Nz8gz69kcJhEvw7yuiK,-Nz8tzF8mnIGB4W3X0tp,qfu7IPPcCyXFoV1Gn1sToYfq5F63,40,false
,KG9Pba3wEih0TBi9XNHT4pI25V42,-N_rA4HA5hBTTHe_RVRK,-N_rCAhIBVn-7NAIov63,u9lA6WWhtGb0vtNStNZsswYVowS2,300,false
,KG9Pba3wEih0TBi9XNHT4pI25V42,-NzhxakpJN9VUjNaxkDc,-NzhzJUAI8an8rhRhrHl,xSWypbLHTQPnQafQYBByVfEN2ow2,300,false
,KG9Pba3wEih0TBi9XNHT4pI25V42,-NzhxakpJN9VUjNaxkDc,-O3gb-6Y39mzH6rLXIV0,xSWypbLHTQPnQafQYBByVfEN2ow2,300,false
,KG9Pba3wEih0TBi9XNHT4pI25V42,-O-1Cyu-zBSt-dIFoblE,-O-1G956IpbNok5TxV4J,1gGzMXxa8mRjJmRNlZSekOpiBRJ3,180,false
,KG9Pba3wEih0TBi9XNHT4pI25V42,-Nl7ldAXg-HYEu5UMywi,-Nl7p0MqMy8IsomQju4P,fTHJ8CxREybK3vW27TY9JIq2iKv1,300,false
,KG9Pba3wEih0TBi9XNHT4pI25V42,-O7mAuYTaeRX9n5j3Nuy,-O7mDIl007mLEK73VuVW,GP5WzDwvMIWkMcB1FhNOUnc2G462,200,false
,KG9Pba3wEih0TBi9XNHT4pI25V42,-O3lSfIeS08GM2ivPHvw,-O3lUkHiQX_jTelG-byR,zUbjejEygcOo1OhxGJ6EjSv3lnJ2,200,false
,KG9Pba3wEih0TBi9XNHT4pI25V42,-Nzhrmf0iuIlOwL7OxlM,-Nzht5CMNinGqP-HpxQX,JjgK259ffIYREcCanlAIYEvUhNr1,300,false
,KG9Pba3wEih0TBi9XNHT4pI25V42,-NyPT5X9y1d-Hfu3x4Kk,-NyPVWdQ2KUiPkIKO_Am,unx7JeTSE9cEGdBknsaCP6fOn722,350,false
,KG9Pba3wEih0TBi9XNHT4pI25V42,-NmC18VrA8CeragiVGu8,-NmC3IN8-skUxO0_9c18,xCvTPrhqEPPY3EMidBq4Y5F8QJ82,300,false
,KG9Pba3wEih0TBi9XNHT4pI25V42,-O-1Cyu-zBSt-dIFoblE,-O-1FmAoeLjT-YSDRXuk,1gGzMXxa8mRjJmRNlZSekOpiBRJ3,330,false
,KG9Pba3wEih0TBi9XNHT4pI25V42,-NyZD8bzYBvRicskkW1I,-NyZDYOxjq2OMCHPQHm8,LiFOrD73diQxqWFALmlbObJVzaD2,350,false
,KG9Pba3wEih0TBi9XNHT4pI25V42,-Nt0dCRS9khradpJF5zd,-Nt0e8w14Zy1GHbUCF5T,fS7svYsjv8hNvns5UjvEi0p8keB3,300,false
,KG9Pba3wEih0TBi9XNHT4pI25V42,-Nt0dCRS9khradpJF5zd,-Nt0dk7NbHkuHI8_DjTA,F5ds0o19ObMUPDhdrcqSfXt9G4x1,300,false
,KG9Pba3wEih0TBi9XNHT4pI25V42,-Nz8TUgyp8W61kxo694b,-Nz8bngvOXQWuCw_YItd,LmxPwOIS46V0sL3QLoqbYf4DHBT2,350,false
,KG9Pba3wEih0TBi9XNHT4pI25V42,-NrG3htiQeFdwRH5uWDN,-NrG7GTRtvB4HNgk14D_,Qkg0A8sNoGPGzfeGqoXz8uTAhWj2,350,false
,KG9Pba3wEih0TBi9XNHT4pI25V42,-Nz8TUgyp8W61kxo694b,-Nz8dnIMrrPRovQJ2Gm8,izGYddhkH3Xkdq054FMr4gk747K2,200,false
,KG9Pba3wEih0TBi9XNHT4pI25V42,-O08vVh_sepkZWWYtBMO,-O08vsqJMhBWrNKTuKiS,JOQ7Vq055ehVPRkwaJCrL7f4isT2,300,false
,KG9Pba3wEih0TBi9XNHT4pI25V42,-Nz8TUgyp8W61kxo694b,-Nz8f8_jIjV8UNIsblAn,izGYddhkH3Xkdq054FMr4gk747K2,200,false
,KG9Pba3wEih0TBi9XNHT4pI25V42,-O08vVh_sepkZWWYtBMO,-O08wzXd6faohj_jfp2v,JOQ7Vq055ehVPRkwaJCrL7f4isT2,300,false
,KG9Pba3wEih0TBi9XNHT4pI25V42,-NrG3htiQeFdwRH5uWDN,-NrG6gnqT9gYK-sLjvsk,Qkg0A8sNoGPGzfeGqoXz8uTAhWj2,350,false
,KG9Pba3wEih0TBi9XNHT4pI25V42,-MvW5gwdK1MOWBE3u7g6,-MvW5gwdK1MOWBE3u7g8,SlQmsc2Hi2WAzag3vX4V8XdkIDP2,300,false
,KG9Pba3wEih0TBi9XNHT4pI25V42,-MvW5gwdK1MOWBE3u7g6,-MvW5gwdK1MOWBE3u7g9,SlQmsc2Hi2WAzag3vX4V8XdkIDP2,300,false
,KG9Pba3wEih0TBi9XNHT4pI25V42,-NrG3htiQeFdwRH5uWDN,-NrG6DDd-74GAp1oKsuu,Qkg0A8sNoGPGzfeGqoXz8uTAhWj2,350,false
,KG9Pba3wEih0TBi9XNHT4pI25V42,-Nt0dCRS9khradpJF5zd,-Nt0eVtg7KrpUToZc6p7,fS7svYsjv8hNvns5UjvEi0p8keB3,300,false
,KG9Pba3wEih0TBi9XNHT4pI25V42,-NrG3htiQeFdwRH5uWDN,-NrG5lwA4LweBQPkhqGB,Qkg0A8sNoGPGzfeGqoXz8uTAhWj2,350,false
,KG9Pba3wEih0TBi9XNHT4pI25V42,-O2iCO-kMj1e3jLBhk3I,-O2iPhLBpDuvHRCf86yC,oXqZ0ZlQsLcTSPY8UOyukVWaYuG3,200,false
,KG9Pba3wEih0TBi9XNHT4pI25V42,-NzhxakpJN9VUjNaxkDc,-NzhzyFXDKVfO12DZ_wF,3fARaZOekGXDl0N6uqpuvdfNMMq2,200,false
,KG9Pba3wEih0TBi9XNHT4pI25V42,-NyPT5X9y1d-Hfu3x4Kk,-NyPWC_RvPFq8GLBm-5W,OqjFFWj2bnMpMDVNYBhNbvVXsKI3,350,false
,KG9Pba3wEih0TBi9XNHT4pI25V42,-O2iCO-kMj1e3jLBhk3I,-O2iLafmghSVp3Dx_p0V,oXqZ0ZlQsLcTSPY8UOyukVWaYuG3,300,false
,KG9Pba3wEih0TBi9XNHT4pI25V42,-O3lSfIeS08GM2ivPHvw,-O3lV8PaQWdxrd4tDNdB,zUbjejEygcOo1OhxGJ6EjSv3lnJ2,200,false
,KG9Pba3wEih0TBi9XNHT4pI25V42,-Nl7ldAXg-HYEu5UMywi,-Nl7nGED9NfHgbo65J6t,qyQ30eASeuWpEYroqWKUiQYd4hu1,300,false
,KG9Pba3wEih0TBi9XNHT4pI25V42,-Nl7ldAXg-HYEu5UMywi,-Nl7qBavtazhQ8colX4P,qyQ30eASeuWpEYroqWKUiQYd4hu1,300,false
,KG9Pba3wEih0TBi9XNHT4pI25V42,-NmC7GdJysF695FFzZap,-NmC8seXEhZzMfrk_a5t,bvdG21eNuRcjzHHgrhra7shxPue2,300,false
,KG9Pba3wEih0TBi9XNHT4pI25V42,-Nzhrmf0iuIlOwL7OxlM,-NzhshtG_h2SG96Qhobf,JjgK259ffIYREcCanlAIYEvUhNr1,300,false
,KG9Pba3wEih0TBi9XNHT4pI25V42,-NZZuJzST4E62TJ_gPvq,-N_rruIq0BgOu7VCPENp,5AeVwUcrWFRCiak9XHh84rBzhu43,300,false
,KG9Pba3wEih0TBi9XNHT4pI25V42,-NikJ-sBrcRBMSF0jgFo,-NikLFJvnMyG7jfT-dK8,4qpjHqWGxBVRircldaLbMbykVHs2,300,false
,KG9Pba3wEih0TBi9XNHT4pI25V42,-O7mAuYTaeRX9n5j3Nuy,-O7mCxZoracdLc3kQdG3,GP5WzDwvMIWkMcB1FhNOUnc2G462,200,false
,KG9Pba3wEih0TBi9XNHT4pI25V42,-NzhxakpJN9VUjNaxkDc,-NzhyWA4d2EoN1Y6-s-G,UmLPF0brtETwNNrrAIp4TQfSQvZ2,300,false
,KG9Pba3wEih0TBi9XNHT4pI25V42,-MvW5gwdK1MOWBE3u7g6,-MvW5gweqPowDXKXA3c1,AQBlya3VioQ06ioET3rdlqneqp13,200,false
,KG9Pba3wEih0TBi9XNHT4pI25V42,-NyPT5X9y1d-Hfu3x4Kk,-Nz7drF8d4_W3PsoXA87,unx7JeTSE9cEGdBknsaCP6fOn722,200,false
,KG9Pba3wEih0TBi9XNHT4pI25V42,-O2iRso2iyzmadqIfVbD,-O2iSJxW236KMyApWe0f,r81eaF32dKNviefmtozL4sD6eEk1,300,false
,KG9Pba3wEih0TBi9XNHT4pI25V42,-NoVk5Kd7SDp2FKbe2Jr,-NoVmeZVmmgYNxANZALf,5thBaBZMEmdtt6Ny7mY60v3redb2,300,false
,KG9Pba3wEih0TBi9XNHT4pI25V42,-O2iRso2iyzmadqIfVbD,-O2iTpSXiRJciOBtrbQr,r81eaF32dKNviefmtozL4sD6eEk1,160,false
,KG9Pba3wEih0TBi9XNHT4pI25V42,-Nz8TUgyp8W61kxo694b,-Nz8dGH2Lx9TWPKsCp3L,VzzNmJat25fj9t1aHXfmyYBVRN02,350,false
,KG9Pba3wEih0TBi9XNHT4pI25V42,-NoVk5Kd7SDp2FKbe2Jr,-NoVmLgFP3ev5v11tfAY,5thBaBZMEmdtt6Ny7mY60v3redb2,300,false
,KG9Pba3wEih0TBi9XNHT4pI25V42,-NyPQFt54nlNBW3puYIA,-Nz7c1mrSxF3AM0MkKgH,5Cs2g0Sbaqbzc3QouNrhNMAyuZw2,200,false
,KG9Pba3wEih0TBi9XNHT4pI25V42,-O2iRso2iyzmadqIfVbD,-O2iUS2MXzci6rSo-gDh,q6IZg0to34Mq95Og3TZXkDAkXfN2,160,false
,KG9Pba3wEih0TBi9XNHT4pI25V42,-O4A69NIczhDVSOvO-bK,-O4A85C6M_apBWLikX84,W4zM5c0XmNfv11Z7mXQIjkP1QE82,200,false
,KG9Pba3wEih0TBi9XNHT4pI25V42,-Nz8gz69kcJhEvw7yuiK,-Nz8tJF34Bks4HiPLqb3,qfu7IPPcCyXFoV1Gn1sToYfq5F63,40,false
,KG9Pba3wEih0TBi9XNHT4pI25V42,-N_rA4HA5hBTTHe_RVRK,-N_rGE42e0Hz2PjYOWuX,pCCN20Bj2ZV431rq2htUdzRnYnX2,200,false
,KG9Pba3wEih0TBi9XNHT4pI25V42,-N_rA4HA5hBTTHe_RVRK,-N_rDg0OPmNWcKnB15RQ,ih4VjzYseAOhRi0GLOyQNONSk5Y2,300,false
,KG9Pba3wEih0TBi9XNHT4pI25V42,-O4A69NIczhDVSOvO-bK,-O4A7JRtUlLTg8YqAY37,W4zM5c0XmNfv11Z7mXQIjkP1QE82,300,false
,KG9Pba3wEih0TBi9XNHT4pI25V42,-O08Scdjlm_JdR5aBA18,-O08TtG2VAtQLTTWo-SH,rTZ82KNjL9MvtTXMxwbB9zvwdwd2,300,false
,KG9Pba3wEih0TBi9XNHT4pI25V42,-NyZD8bzYBvRicskkW1I,-NyZDYOxjq2OMCHPQHm8,LiFOrD73diQxqWFALmlbObJVzaD2,350,false
,KG9Pba3wEih0TBi9XNHT4pI25V42,-Nt0dCRS9khradpJF5zd,-Nt0f94vJLCgbmyZBskU,7GcOrZPOCmPWazVemtCukb7ChG02,200,false
,KG9Pba3wEih0TBi9XNHT4pI25V42,-NmC18VrA8CeragiVGu8,-NmC5J_583iJk4ArlvBh,0ndnEiX8NIggQ4zhgj9Mcycc4E12,200,false
,KG9Pba3wEih0TBi9XNHT4pI25V42,-OFbG05KZY963l9O7GtV,-OFbKt-ApYrwwFtMzSmL,MdwWNmzs8lNvUGDQkb6FRfBhNBU2,200,false
,KG9Pba3wEih0TBi9XNHT4pI25V42,-NyZD8bzYBvRicskkW1I,-NyZDwq6dGNBkNl8mQGy,LiFOrD73diQxqWFALmlbObJVzaD2,350,false
,KG9Pba3wEih0TBi9XNHT4pI25V42,-NyPT5X9y1d-Hfu3x4Kk,-NyPVWdQ2KUiPkIKO_Am,68HihGrIZHRx5ZqypP8S88vnULA2,350,false
,KG9Pba3wEih0TBi9XNHT4pI25V42,-O08vVh_sepkZWWYtBMO,-O08xSuDFCHuFY5S4x7d,K578veExtsUCTutL9mWZeCliTMy2,300,false
,KG9Pba3wEih0TBi9XNHT4pI25V42,-NoVk5Kd7SDp2FKbe2Jr,-NoVl05cwblKySdgw3ES,5thBaBZMEmdtt6Ny7mY60v3redb2,300,false
,KG9Pba3wEih0TBi9XNHT4pI25V42,-NoVk5Kd7SDp2FKbe2Jr,-NoVlNhdzUovGOIM7iut,5thBaBZMEmdtt6Ny7mY60v3redb2,300,false
,KG9Pba3wEih0TBi9XNHT4pI25V42,-NtRGnH3AbJJ9Y2PvrXH,-NtRHNLYn6asza81C5t3,i7OZAXq2ERagRVtlg58zkKCeWor1,500,false
,KG9Pba3wEih0TBi9XNHT4pI25V42,-NmC18VrA8CeragiVGu8,-NmC6Txocmq8GZ4cO7H6,GjM8Ut5R9yXNB76mUida7tEMTLf1,200,false
,KG9Pba3wEih0TBi9XNHT4pI25V42,-NikJ-sBrcRBMSF0jgFo,-NikLupoi1Vfxj9FOcG5,4qpjHqWGxBVRircldaLbMbykVHs2,200,false
,KG9Pba3wEih0TBi9XNHT4pI25V42,-NikJ-sBrcRBMSF0jgFo,-NikKDH65SXjmZM5nj7g,4qpjHqWGxBVRircldaLbMbykVHs2,300,false
,KG9Pba3wEih0TBi9XNHT4pI25V42,-Nt0dCRS9khradpJF5zd,-Nt0eVtg7KrpUToZc6p7,pon8BtYHdbMXchEemdaIRMbQO5k2,300,false
,KG9Pba3wEih0TBi9XNHT4pI25V42,-O08Scdjlm_JdR5aBA18,-O08UN7JJcEyY_Wy3PcR,rTZ82KNjL9MvtTXMxwbB9zvwdwd2,300,false
,KG9Pba3wEih0TBi9XNHT4pI25V42,-NmC18VrA8CeragiVGu8,-NmC2faARSqpAG6okYEj,xCvTPrhqEPPY3EMidBq4Y5F8QJ82,300,false
,KG9Pba3wEih0TBi9XNHT4pI25V42,-NzhxakpJN9VUjNaxkDc,-NzhysuNuXLLjQPuspd-,09IhiAHXhKacolgWSr8YyUEsj192,300,false
,KG9Pba3wEih0TBi9XNHT4pI25V42,-Nc6Oh9qfA9ThSW4lbxv,-Nc6QoTKmZndH7XV17Dj,OWffKQXLbnYormoEeuV197CyDWv1,300,false
,KG9Pba3wEih0TBi9XNHT4pI25V42,-NmC18VrA8CeragiVGu8,-NmC4TFQCahBPwfbBz5Z,GjM8Ut5R9yXNB76mUida7tEMTLf1,200,false
,KG9Pba3wEih0TBi9XNHT4pI25V42,-O2OF229tBkgX-nhToQ8,-O2OFlD0FivMgNFq6m0C,0AVJzqhE1SdmALfANXQgoIAhRPi2,300,false
,KG9Pba3wEih0TBi9XNHT4pI25V42,-NmC18VrA8CeragiVGu8,-NmC27wH2iBooJJtQVsG,PvNXf61Yk7gvjfHUzYxipvrJ7vv2,300,false
,KG9Pba3wEih0TBi9XNHT4pI25V42,-Nz8gz69kcJhEvw7yuiK,-Nz8syGdcIwPn3fkc82I,qfu7IPPcCyXFoV1Gn1sToYfq5F63,260,false
,KG9Pba3wEih0TBi9XNHT4pI25V42,-Nt0dCRS9khradpJF5zd,-Nt0dk7NbHkuHI8_DjTA,sF8qMi0M8fbxi2dKNTn9gr90P0D3,300,false
,KG9Pba3wEih0TBi9XNHT4pI25V42,-Nz8gz69kcJhEvw7yuiK,-Nz8rmI_FZ1gY_-RtCgA,qfu7IPPcCyXFoV1Gn1sToYfq5F63,260,false
,KG9Pba3wEih0TBi9XNHT4pI25V42,-Nz8gz69kcJhEvw7yuiK,-Nz8sbgEhTGqoDwMyKrG,qfu7IPPcCyXFoV1Gn1sToYfq5F63,260,false
,KG9Pba3wEih0TBi9XNHT4pI25V42,-O2OF229tBkgX-nhToQ8,-O2OHjqDU5YM-vl-AQut,bSIWJTEObpOtCCrsG9N6VCpcMzj2,200,false
,KG9Pba3wEih0TBi9XNHT4pI25V42,-O2iRso2iyzmadqIfVbD,-O2iSiCZ3n_IDeoNr9Sj,r81eaF32dKNviefmtozL4sD6eEk1,300,false
,KG9Pba3wEih0TBi9XNHT4pI25V42,-O08vVh_sepkZWWYtBMO,-O08yfZdlcZXR0v-MhGe,JOQ7Vq055ehVPRkwaJCrL7f4isT2,200,false
,KG9Pba3wEih0TBi9XNHT4pI25V42,-O08vVh_sepkZWWYtBMO,-O08vsqJMhBWrNKTuKiS,JOQ7Vq055ehVPRkwaJCrL7f4isT2,300,false
,KG9Pba3wEih0TBi9XNHT4pI25V42,-N_rA4HA5hBTTHe_RVRK,-N_rDAV9dkG0PMBxLE69,tOr5aRaQBjaBx3GLyw7BhVAugx12,300,false
,KG9Pba3wEih0TBi9XNHT4pI25V42,-O08vVh_sepkZWWYtBMO,-O08z7-lRDWJ_U1pxQmd,JOQ7Vq055ehVPRkwaJCrL7f4isT2,200,false
,KG9Pba3wEih0TBi9XNHT4pI25V42,-Nz8TUgyp8W61kxo694b,-Nz8cfhT4Qs6i-8a4-EE,VzzNmJat25fj9t1aHXfmyYBVRN02,350,false
,KG9Pba3wEih0TBi9XNHT4pI25V42,-NikJ-sBrcRBMSF0jgFo,-NikKlkgG8STENhi1-RG,HwwCLQOuMPRpU3ojO0MsfefCcQm2,300,false
,KG9Pba3wEih0TBi9XNHT4pI25V42,-O08Scdjlm_JdR5aBA18,-O08Vq6SVkj8UemuXMFg,rTZ82KNjL9MvtTXMxwbB9zvwdwd2,200,false
,KG9Pba3wEih0TBi9XNHT4pI25V42,-O08Scdjlm_JdR5aBA18,-O08X4OjSysslQtCnSef,rTZ82KNjL9MvtTXMxwbB9zvwdwd2,200,false
,KG9Pba3wEih0TBi9XNHT4pI25V42,-O08Scdjlm_JdR5aBA18,-O08VSmx--lFsgHdaDAi,rTZ82KNjL9MvtTXMxwbB9zvwdwd2,300,false
,KG9Pba3wEih0TBi9XNHT4pI25V42,-NyPT5X9y1d-Hfu3x4Kk,-NyPVtvtbnR17UIyzC3r,unx7JeTSE9cEGdBknsaCP6fOn722,350,false
,KG9Pba3wEih0TBi9XNHT4pI25V42,-NyPT5X9y1d-Hfu3x4Kk,-NyPWC_RvPFq8GLBm-5W,unx7JeTSE9cEGdBknsaCP6fOn722,350,false
,KG9Pba3wEih0TBi9XNHT4pI25V42,-Ny0cIPTcro557kRNPEh,-NyPTvUvGo2nhGT92rMO,ecPETjLkj8TPRy2PppjGXNv9OuJ3,350,false
,KG9Pba3wEih0TBi9XNHT4pI25V42,-O2iRso2iyzmadqIfVbD,-O2iT4IXCgbFFbsoUOyi,r81eaF32dKNviefmtozL4sD6eEk1,300,false
,KG9Pba3wEih0TBi9XNHT4pI25V42,-NrG3htiQeFdwRH5uWDN,-NrG7hiiHcPoz2vy0EwF,Qkg0A8sNoGPGzfeGqoXz8uTAhWj2,200,false
,KG9Pba3wEih0TBi9XNHT4pI25V42,-NrG3htiQeFdwRH5uWDN,-NrG8DuY47gGAxT5u_Bh,Qkg0A8sNoGPGzfeGqoXz8uTAhWj2,200,false
,KG9Pba3wEih0TBi9XNHT4pI25V42,-NrG3htiQeFdwRH5uWDN,-NrG8p8JAWM6a_keuTXq,Qkg0A8sNoGPGzfeGqoXz8uTAhWj2,200,false
,KG9Pba3wEih0TBi9XNHT4pI25V42,-NrG3htiQeFdwRH5uWDN,-NrG9jnOfMjfAqS3CimW,Qkg0A8sNoGPGzfeGqoXz8uTAhWj2,200,false
,KG9Pba3wEih0TBi9XNHT4pI25V42,-Nzhrmf0iuIlOwL7OxlM,-NzhtvWUSkU3Hchvt1Fp,JjgK259ffIYREcCanlAIYEvUhNr1,300,false
,KG9Pba3wEih0TBi9XNHT4pI25V42,-Nzhrmf0iuIlOwL7OxlM,-Nzhv7zrmE-xgGC1EoFc,JjgK259ffIYREcCanlAIYEvUhNr1,200,false
,KG9Pba3wEih0TBi9XNHT4pI25V42,-O08Scdjlm_JdR5aBA18,-O08V9lYBzmXGZyY06NI,rTZ82KNjL9MvtTXMxwbB9zvwdwd2,300,false
,KG9Pba3wEih0TBi9XNHT4pI25V42,-NyPT5X9y1d-Hfu3x4Kk,-Nz7drF8d4_W3PsoXA87,68HihGrIZHRx5ZqypP8S88vnULA2,200,false
,KG9Pba3wEih0TBi9XNHT4pI25V42,-NyZD8bzYBvRicskkW1I,-NyZELio1r7yPkhnCuRT,LiFOrD73diQxqWFALmlbObJVzaD2,200,false
,KG9Pba3wEih0TBi9XNHT4pI25V42,-NmC18VrA8CeragiVGu8,-NmC2faARSqpAG6okYEj,qNzfboBsPHXE8pO3YBkjrnWoOUs2,300,false
,KG9Pba3wEih0TBi9XNHT4pI25V42,-NmC18VrA8CeragiVGu8,-NmC3zHKWpUgOPi-vIMv,qNzfboBsPHXE8pO3YBkjrnWoOUs2,300,false
,KG9Pba3wEih0TBi9XNHT4pI25V42,-MvW5gwdK1MOWBE3u7g6,-MvW5gwdK1MOWBE3u7g9,m5puK6l7kCgk0jSplfTQFoiy1I63,300,false
,KG9Pba3wEih0TBi9XNHT4pI25V42,-O7mAuYTaeRX9n5j3Nuy,-O7mCHN-I06WYMsxafGK,YDrCVvtllbhvQIoXSfJJDI8sR1A2,280,false
,KG9Pba3wEih0TBi9XNHT4pI25V42,-N_rA4HA5hBTTHe_RVRK,-N_rFO64wr75wH_HLbVb,tOr5aRaQBjaBx3GLyw7BhVAugx12,200,false
,KG9Pba3wEih0TBi9XNHT4pI25V42,-NyPQFt54nlNBW3puYIA,-NyPUlupQ6jBxywhUH63,5Cs2g0Sbaqbzc3QouNrhNMAyuZw2,350,false
,KG9Pba3wEih0TBi9XNHT4pI25V42,-NzhxakpJN9VUjNaxkDc,-O3gb-6Y39mzH6rLXIV0,UmLPF0brtETwNNrrAIp4TQfSQvZ2,300,false
,KG9Pba3wEih0TBi9XNHT4pI25V42,-O2iCO-kMj1e3jLBhk3I,-O2iNmXJPTawig22QnDh,oXqZ0ZlQsLcTSPY8UOyukVWaYuG3,200,false
,KG9Pba3wEih0TBi9XNHT4pI25V42,-Ny0cIPTcro557kRNPEh,-NyPTZvfnqRfYZsi6foZ,ecPETjLkj8TPRy2PppjGXNv9OuJ3,350,false
,KG9Pba3wEih0TBi9XNHT4pI25V42,-N_rA4HA5hBTTHe_RVRK,-N_rI7ojBZ1mVQa0ySaf,u9lA6WWhtGb0vtNStNZsswYVowS2,200,false
,KG9Pba3wEih0TBi9XNHT4pI25V42,-Ny0cIPTcro557kRNPEh,-Nz7bEth_Zn7YTFueRHu,ecPETjLkj8TPRy2PppjGXNv9OuJ3,200,false
,KG9Pba3wEih0TBi9XNHT4pI25V42,-Ny0cIPTcro557kRNPEh,-Nz7bc2O8jMm2Hxz_9YW,ecPETjLkj8TPRy2PppjGXNv9OuJ3,200,false
,KG9Pba3wEih0TBi9XNHT4pI25V42,-NzhxakpJN9VUjNaxkDc,-Nzhy-U3IfUfhWdH4Rkg,CfFG32UDWOMmjmBZk0u9uXJp5Si2,300,false
,KG9Pba3wEih0TBi9XNHT4pI25V42,-O08Scdjlm_JdR5aBA18,-O08TRGdveTR1ACscEE-,rTZ82KNjL9MvtTXMxwbB9zvwdwd2,300,false
,KG9Pba3wEih0TBi9XNHT4pI25V42,-Nc6Oh9qfA9ThSW4lbxv,-Nc6PtOC7oH1DR4AjtEl,Liat61sqPcTCc3qhVDi5sIz1kkw2,300,false
,KG9Pba3wEih0TBi9XNHT4pI25V42,-NzhxakpJN9VUjNaxkDc,-O3gbqoWJRkhFhgcVdGi,UmLPF0brtETwNNrrAIp4TQfSQvZ2,200,false
,KG9Pba3wEih0TBi9XNHT4pI25V42,-Nc6Oh9qfA9ThSW4lbxv,-Nc6QJoVKBMMQDLBFT37,Liat61sqPcTCc3qhVDi5sIz1kkw2,300,false
,KG9Pba3wEih0TBi9XNHT4pI25V42,-NrG3htiQeFdwRH5uWDN,-NrG5lwA4LweBQPkhqGB,SMoD0NQvhZa7ibx83e1JPkNpILy1,350,false
,KG9Pba3wEih0TBi9XNHT4pI25V42,-Nz8gz69kcJhEvw7yuiK,-Nz8tJF34Bks4HiPLqb3,qfu7IPPcCyXFoV1Gn1sToYfq5F63,40,false
,KG9Pba3wEih0TBi9XNHT4pI25V42,-Nz8gz69kcJhEvw7yuiK,-Nz8tbsNgSMTHHogrwO3,qfu7IPPcCyXFoV1Gn1sToYfq5F63,40,false
,KG9Pba3wEih0TBi9XNHT4pI25V42,-NyPT5X9y1d-Hfu3x4Kk,-Nz7dXBVkcVnkE1bXDaR,MKx3JsnjRQTCRyToR8vlQn4EJq72,200,false
,KG9Pba3wEih0TBi9XNHT4pI25V42,-NrG3htiQeFdwRH5uWDN,-NrG5HJYwfH4liroGXii,6eWF7rsX4mdFhWtYKVgfO0kslkQ2,350,false
,KG9Pba3wEih0TBi9XNHT4pI25V42,-N_rA4HA5hBTTHe_RVRK,-N_rSiKs82A4VHNArXvf,ih4VjzYseAOhRi0GLOyQNONSk5Y2,200,false
,KG9Pba3wEih0TBi9XNHT4pI25V42,-Nz8gz69kcJhEvw7yuiK,-Nz8tzF8mnIGB4W3X0tp,qfu7IPPcCyXFoV1Gn1sToYfq5F63,40,false
,KG9Pba3wEih0TBi9XNHT4pI25V42,-O4A69NIczhDVSOvO-bK,-O4A7eTwQIItyzde7fnW,W4zM5c0XmNfv11Z7mXQIjkP1QE82,300,false
,KG9Pba3wEih0TBi9XNHT4pI25V42,-NoVk5Kd7SDp2FKbe2Jr,-NoVnK4HclG1KSpRyrTk,5thBaBZMEmdtt6Ny7mY60v3redb2,200,false
,KG9Pba3wEih0TBi9XNHT4pI25V42,-Nt0dCRS9khradpJF5zd,-Nt0f_LnwepsiHaqolx9,sF8qMi0M8fbxi2dKNTn9gr90P0D3,200,false
,KG9Pba3wEih0TBi9XNHT4pI25V42,-O4A69NIczhDVSOvO-bK,-O4A85C6M_apBWLikX84,W4zM5c0XmNfv11Z7mXQIjkP1QE82,200,false
,KG9Pba3wEih0TBi9XNHT4pI25V42,-O4A69NIczhDVSOvO-bK,-O4A7JRtUlLTg8YqAY37,W4zM5c0XmNfv11Z7mXQIjkP1QE82,300,false
,KG9Pba3wEih0TBi9XNHT4pI25V42,-MvW5gwdK1MOWBE3u7g6,-MvW5gwdK1MOWBE3u7g9,AFBGifBIPaQOATglnzwrLb9QtC23,300,false
,KG9Pba3wEih0TBi9XNHT4pI25V42,-O4A69NIczhDVSOvO-bK,-O4A6vAjWhTh4c66lozl,W4zM5c0XmNfv11Z7mXQIjkP1QE82,300,false
,KG9Pba3wEih0TBi9XNHT4pI25V42,-NmC18VrA8CeragiVGu8,-NmC27wH2iBooJJtQVsG,Qjzbhb2f1VN7wRzOzb5UKAMJLT22,300,false
,KG9Pba3wEih0TBi9XNHT4pI25V42,-NikJ-sBrcRBMSF0jgFo,-NikLFJvnMyG7jfT-dK8,4qpjHqWGxBVRircldaLbMbykVHs2,300,false
,KG9Pba3wEih0TBi9XNHT4pI25V42,-NrG3htiQeFdwRH5uWDN,-NrG6gnqT9gYK-sLjvsk,Qkg0A8sNoGPGzfeGqoXz8uTAhWj2,350,false
,KG9Pba3wEih0TBi9XNHT4pI25V42,-NrG3htiQeFdwRH5uWDN,-NrG7GTRtvB4HNgk14D_,Qkg0A8sNoGPGzfeGqoXz8uTAhWj2,350,false
,KG9Pba3wEih0TBi9XNHT4pI25V42,-NrG3htiQeFdwRH5uWDN,-NrG6DDd-74GAp1oKsuu,Qkg0A8sNoGPGzfeGqoXz8uTAhWj2,350,false
,KG9Pba3wEih0TBi9XNHT4pI25V42,-Nc6Oh9qfA9ThSW4lbxv,-Nc6SB-qZZbutYeS2rPK,OWffKQXLbnYormoEeuV197CyDWv1,200,false
,KG9Pba3wEih0TBi9XNHT4pI25V42,-NikJ-sBrcRBMSF0jgFo,-NikMSDkW9Q7OwEx9i50,4qpjHqWGxBVRircldaLbMbykVHs2,200,false
,KG9Pba3wEih0TBi9XNHT4pI25V42,-NyPT5X9y1d-Hfu3x4Kk,-Nz7drF8d4_W3PsoXA87,unx7JeTSE9cEGdBknsaCP6fOn722,200,false
,KG9Pba3wEih0TBi9XNHT4pI25V42,-Nc6Oh9qfA9ThSW4lbxv,-Nc6QoTKmZndH7XV17Dj,qr0OtTQDlga7pqAftsoXg38PZQ13,300,false
,KG9Pba3wEih0TBi9XNHT4pI25V42,-Nc6Oh9qfA9ThSW4lbxv,-Nc6REiQl4nV4AXPxknu,qr0OtTQDlga7pqAftsoXg38PZQ13,300,false
,KG9Pba3wEih0TBi9XNHT4pI25V42,-NyPT5X9y1d-Hfu3x4Kk,-NyPVtvtbnR17UIyzC3r,unx7JeTSE9cEGdBknsaCP6fOn722,350,false
,KG9Pba3wEih0TBi9XNHT4pI25V42,-NyPT5X9y1d-Hfu3x4Kk,-NyPWC_RvPFq8GLBm-5W,unx7JeTSE9cEGdBknsaCP6fOn722,350,false
,KG9Pba3wEih0TBi9XNHT4pI25V42,-O08Scdjlm_JdR5aBA18,-O08UN7JJcEyY_Wy3PcR,civtSkENcvg1KnsN9JKtE0JPTsV2,300,false
,KG9Pba3wEih0TBi9XNHT4pI25V42,-NzhxakpJN9VUjNaxkDc,-NzhysuNuXLLjQPuspd-,9mWVP4XrX8a2ANEmgI8uMpk2jBy2,300,false
,KG9Pba3wEih0TBi9XNHT4pI25V42,-Nz8gz69kcJhEvw7yuiK,-Nz8tzF8mnIGB4W3X0tp,qfu7IPPcCyXFoV1Gn1sToYfq5F63,40,false
,KG9Pba3wEih0TBi9XNHT4pI25V42,-Ny0cIPTcro557kRNPEh,-NyPTZvfnqRfYZsi6foZ,ecPETjLkj8TPRy2PppjGXNv9OuJ3,350,false
,KG9Pba3wEih0TBi9XNHT4pI25V42,-NyPQFt54nlNBW3puYIA,-NyPV7vWjYaxVX_1Gzfo,5Cs2g0Sbaqbzc3QouNrhNMAyuZw2,350,false
,KG9Pba3wEih0TBi9XNHT4pI25V42,-Nt0dCRS9khradpJF5zd,-Nt0dk7NbHkuHI8_DjTA,1SjlzO59D4bolslmY6aJxUQ4P5o2,300,false
,KG9Pba3wEih0TBi9XNHT4pI25V42,-O08Scdjlm_JdR5aBA18,-O08VSmx--lFsgHdaDAi,rTZ82KNjL9MvtTXMxwbB9zvwdwd2,300,false
,KG9Pba3wEih0TBi9XNHT4pI25V42,-NrG3htiQeFdwRH5uWDN,-NrG8p8JAWM6a_keuTXq,Qkg0A8sNoGPGzfeGqoXz8uTAhWj2,200,false
,KG9Pba3wEih0TBi9XNHT4pI25V42,-NzhxakpJN9VUjNaxkDc,-NzhzJUAI8an8rhRhrHl,qAGrhrFc7oQy0Fqxf1tu5KVIrcv2,300,false
,KG9Pba3wEih0TBi9XNHT4pI25V42,-NzhxakpJN9VUjNaxkDc,-NzhyWA4d2EoN1Y6-s-G,qAGrhrFc7oQy0Fqxf1tu5KVIrcv2,300,false
,KG9Pba3wEih0TBi9XNHT4pI25V42,-NmC18VrA8CeragiVGu8,-NmC6Txocmq8GZ4cO7H6,Qjzbhb2f1VN7wRzOzb5UKAMJLT22,200,false
,KG9Pba3wEih0TBi9XNHT4pI25V42,-Nc6UA9Hl08A7BFSuNAc,-Nc6Ue9E8YtzB0vHdq7r,z0CwZSgCMuevfqoP5eRFkyTGJoC2,300,false
,KG9Pba3wEih0TBi9XNHT4pI25V42,-Nc6UA9Hl08A7BFSuNAc,-Nc6V0X6OIQrhj8c84Mw,z0CwZSgCMuevfqoP5eRFkyTGJoC2,300,false
,KG9Pba3wEih0TBi9XNHT4pI25V42,-NikJ-sBrcRBMSF0jgFo,-NikKDH65SXjmZM5nj7g,4qpjHqWGxBVRircldaLbMbykVHs2,300,false
,KG9Pba3wEih0TBi9XNHT4pI25V42,-NrG3htiQeFdwRH5uWDN,-NrG7hiiHcPoz2vy0EwF,6eWF7rsX4mdFhWtYKVgfO0kslkQ2,200,false
,KG9Pba3wEih0TBi9XNHT4pI25V42,-O4AuNoq6t8ZB3Y97B8z,-O4EYI6OgFQiJkY2ZhYq,c7srj80ovoVtqSOwZBm1ppBO68a2,300,false
,KG9Pba3wEih0TBi9XNHT4pI25V42,-NmC18VrA8CeragiVGu8,-NmC2faARSqpAG6okYEj,qNzfboBsPHXE8pO3YBkjrnWoOUs2,300,false
,KG9Pba3wEih0TBi9XNHT4pI25V42,-Nzhrmf0iuIlOwL7OxlM,-NzhtvWUSkU3Hchvt1Fp,JjgK259ffIYREcCanlAIYEvUhNr1,300,false
,KG9Pba3wEih0TBi9XNHT4pI25V42,-NyPQFt54nlNBW3puYIA,-NyPURUWwgu2qwP-H-fL,yqm9elpZOAfOcfxpA91CdRhB48U2,350,false
,KG9Pba3wEih0TBi9XNHT4pI25V42,-Nc6Oh9qfA9ThSW4lbxv,-Nc6Rn483ku8JuI8KTnm,Liat61sqPcTCc3qhVDi5sIz1kkw2,200,false
,KG9Pba3wEih0TBi9XNHT4pI25V42,-Nl7ldAXg-HYEu5UMywi,-Nl7nGED9NfHgbo65J6t,I0jwf3L9ilg03oRJiXZ4h4Nwhq72,300,false
,KG9Pba3wEih0TBi9XNHT4pI25V42,-Nl7ldAXg-HYEu5UMywi,-Nl7qBavtazhQ8colX4P,I0jwf3L9ilg03oRJiXZ4h4Nwhq72,300,false
,KG9Pba3wEih0TBi9XNHT4pI25V42,-Nzhrmf0iuIlOwL7OxlM,-Nzht5CMNinGqP-HpxQX,JjgK259ffIYREcCanlAIYEvUhNr1,300,false
,KG9Pba3wEih0TBi9XNHT4pI25V42,-Nt0dCRS9khradpJF5zd,-Nt0f_LnwepsiHaqolx9,sF8qMi0M8fbxi2dKNTn9gr90P0D3,200,false
,KG9Pba3wEih0TBi9XNHT4pI25V42,-Nzhrmf0iuIlOwL7OxlM,-NzhtT8zbN9PIqu0RgQ0,JjgK259ffIYREcCanlAIYEvUhNr1,300,false
,KG9Pba3wEih0TBi9XNHT4pI25V42,-O2iCO-kMj1e3jLBhk3I,-O2iL265NrWC4taVxZJK,oXqZ0ZlQsLcTSPY8UOyukVWaYuG3,300,false
,KG9Pba3wEih0TBi9XNHT4pI25V42,-O08Scdjlm_JdR5aBA18,-O08WDcPi1su6xlGGOtO,rTZ82KNjL9MvtTXMxwbB9zvwdwd2,200,false
,KG9Pba3wEih0TBi9XNHT4pI25V42,-NcXs2ErKckrr89Qsdf_,-NcXu_7aEPbNNzccZoQf,Em5ikAsNyIWtFq0uXd2kkiKGj9o2,300,false
,KG9Pba3wEih0TBi9XNHT4pI25V42,-O2OF229tBkgX-nhToQ8,-O2OG6he4G6anOmfvIyZ,1lwuiLOCVXMp4DNs3lSPcm5MR8U2,300,false
,KG9Pba3wEih0TBi9XNHT4pI25V42,-Nzhrmf0iuIlOwL7OxlM,-NzhshtG_h2SG96Qhobf,JjgK259ffIYREcCanlAIYEvUhNr1,300,false
,KG9Pba3wEih0TBi9XNHT4pI25V42,-NrG3htiQeFdwRH5uWDN,-NrG8DuY47gGAxT5u_Bh,Qkg0A8sNoGPGzfeGqoXz8uTAhWj2,200,false
,KG9Pba3wEih0TBi9XNHT4pI25V42,-Nt0dCRS9khradpJF5zd,-Nt0e8w14Zy1GHbUCF5T,UYynXcWWAEYV01fJXR5Nof4kBFU2,300,false
,KG9Pba3wEih0TBi9XNHT4pI25V42,-Nt0dCRS9khradpJF5zd,-Nt0eVtg7KrpUToZc6p7,UYynXcWWAEYV01fJXR5Nof4kBFU2,300,false
,KG9Pba3wEih0TBi9XNHT4pI25V42,-NrG3htiQeFdwRH5uWDN,-NrG7GTRtvB4HNgk14D_,Qkg0A8sNoGPGzfeGqoXz8uTAhWj2,350,false
,KG9Pba3wEih0TBi9XNHT4pI25V42,-NrG3htiQeFdwRH5uWDN,-NrG9jnOfMjfAqS3CimW,Qkg0A8sNoGPGzfeGqoXz8uTAhWj2,200,false
,KG9Pba3wEih0TBi9XNHT4pI25V42,-NmC18VrA8CeragiVGu8,-NmC27wH2iBooJJtQVsG,qNzfboBsPHXE8pO3YBkjrnWoOUs2,300,false
,KG9Pba3wEih0TBi9XNHT4pI25V42,-NmC18VrA8CeragiVGu8,-NmC3zHKWpUgOPi-vIMv,qNzfboBsPHXE8pO3YBkjrnWoOUs2,300,false
,KG9Pba3wEih0TBi9XNHT4pI25V42,-NmC18VrA8CeragiVGu8,-NmC5J_583iJk4ArlvBh,qNzfboBsPHXE8pO3YBkjrnWoOUs2,200,false
,KG9Pba3wEih0TBi9XNHT4pI25V42,-O3lSfIeS08GM2ivPHvw,-O3lTdZLuXvPWQ5W3cyg,zUbjejEygcOo1OhxGJ6EjSv3lnJ2,350,false
,KG9Pba3wEih0TBi9XNHT4pI25V42,-O3lSfIeS08GM2ivPHvw,-O3lTHRbe8YhqeVxbo4P,zUbjejEygcOo1OhxGJ6EjSv3lnJ2,350,false
,KG9Pba3wEih0TBi9XNHT4pI25V42,-NmC18VrA8CeragiVGu8,-NmC4TFQCahBPwfbBz5Z,qNzfboBsPHXE8pO3YBkjrnWoOUs2,200,false
,KG9Pba3wEih0TBi9XNHT4pI25V42,-OEO3uN0yOJDl9KJg_L-,-OEO4Qi32j5u1BTk8Ne7,lzE8rR5G2QPhwIctNWVuGoFjJfF3,300,false
,KG9Pba3wEih0TBi9XNHT4pI25V42,-OEO3uN0yOJDl9KJg_L-,-OEO4pg2vgOp_5oQttSc,lzE8rR5G2QPhwIctNWVuGoFjJfF3,300,false
,KG9Pba3wEih0TBi9XNHT4pI25V42,-O08vVh_sepkZWWYtBMO,-O08vsqJMhBWrNKTuKiS,K578veExtsUCTutL9mWZeCliTMy2,300,false
,KG9Pba3wEih0TBi9XNHT4pI25V42,-MvW5gwdK1MOWBE3u7g6,-MvW5gwdK1MOWBE3u7g8,AFBGifBIPaQOATglnzwrLb9QtC23,300,false
,KG9Pba3wEih0TBi9XNHT4pI25V42,-O08vVh_sepkZWWYtBMO,-O08wG3qCuMaBM2jUzna,y0vWKMoiQ7WuqMiJNSA1anUE9p93,300,false
,KG9Pba3wEih0TBi9XNHT4pI25V42,-O08vVh_sepkZWWYtBMO,-O08we8MtTu5y6dHv9RH,y0vWKMoiQ7WuqMiJNSA1anUE9p93,300,false
,KG9Pba3wEih0TBi9XNHT4pI25V42,-NyVaxBHWh_fOMAilGLc,-NyZBjZLvY3AO5AteGiE,IMUphzIjrXbFJrCDY0fZ9DyRMMA3,350,false
,KG9Pba3wEih0TBi9XNHT4pI25V42,-NyPQFt54nlNBW3puYIA,-Nz7c1mrSxF3AM0MkKgH,5Cs2g0Sbaqbzc3QouNrhNMAyuZw2,200,false
,KG9Pba3wEih0TBi9XNHT4pI25V42,-NyPQFt54nlNBW3puYIA,-Nz7cLqwnDL_8r61vhry,5Cs2g0Sbaqbzc3QouNrhNMAyuZw2,200,false
,KG9Pba3wEih0TBi9XNHT4pI25V42,-NcXs2ErKckrr89Qsdf_,-NcXu2OMUrzqZKduQwRD,Em5ikAsNyIWtFq0uXd2kkiKGj9o2,300,false
,KG9Pba3wEih0TBi9XNHT4pI25V42,-NcXs2ErKckrr89Qsdf_,-NcXtZe9WkI7UNKrLLhZ,Em5ikAsNyIWtFq0uXd2kkiKGj9o2,300,false
,KG9Pba3wEih0TBi9XNHT4pI25V42,-NoVk5Kd7SDp2FKbe2Jr,-NoVmeZVmmgYNxANZALf,5thBaBZMEmdtt6Ny7mY60v3redb2,300,false
,KG9Pba3wEih0TBi9XNHT4pI25V42,-O4A69NIczhDVSOvO-bK,-O4A6vAjWhTh4c66lozl,W4zM5c0XmNfv11Z7mXQIjkP1QE82,300,false
,KG9Pba3wEih0TBi9XNHT4pI25V42,-O4A69NIczhDVSOvO-bK,-O4A8U3FC8qU3Y1efNl9,W4zM5c0XmNfv11Z7mXQIjkP1QE82,200,false
,KG9Pba3wEih0TBi9XNHT4pI25V42,-O08Scdjlm_JdR5aBA18,-O08TRGdveTR1ACscEE-,rbpjO9ibeLdNCFdbu3fztHooYmO2,300,false
,KG9Pba3wEih0TBi9XNHT4pI25V42,-Nt0dCRS9khradpJF5zd,-Nt0f94vJLCgbmyZBskU,1SjlzO59D4bolslmY6aJxUQ4P5o2,200,false
,KG9Pba3wEih0TBi9XNHT4pI25V42,-NikJ-sBrcRBMSF0jgFo,-NikLFJvnMyG7jfT-dK8,vH4CK90yBhfCzGPgpsfRHQiqRbh2,300,false
,KG9Pba3wEih0TBi9XNHT4pI25V42,-O4A69NIczhDVSOvO-bK,-O4A85C6M_apBWLikX84,W4zM5c0XmNfv11Z7mXQIjkP1QE82,200,false
,KG9Pba3wEih0TBi9XNHT4pI25V42,-NikJ-sBrcRBMSF0jgFo,-NikKlkgG8STENhi1-RG,vH4CK90yBhfCzGPgpsfRHQiqRbh2,300,false
,KG9Pba3wEih0TBi9XNHT4pI25V42,-NyPQFt54nlNBW3puYIA,-NyPURUWwgu2qwP-H-fL,5Cs2g0Sbaqbzc3QouNrhNMAyuZw2,350,false
,KG9Pba3wEih0TBi9XNHT4pI25V42,-NyPQFt54nlNBW3puYIA,-NyPUlupQ6jBxywhUH63,5Cs2g0Sbaqbzc3QouNrhNMAyuZw2,350,false
,KG9Pba3wEih0TBi9XNHT4pI25V42,-NzhxakpJN9VUjNaxkDc,-O3gbqoWJRkhFhgcVdGi,UmLPF0brtETwNNrrAIp4TQfSQvZ2,200,false
,KG9Pba3wEih0TBi9XNHT4pI25V42,-O2iRso2iyzmadqIfVbD,-O2iSiCZ3n_IDeoNr9Sj,r81eaF32dKNviefmtozL4sD6eEk1,300,false
,KG9Pba3wEih0TBi9XNHT4pI25V42,-O2iRso2iyzmadqIfVbD,-O2iT4IXCgbFFbsoUOyi,r81eaF32dKNviefmtozL4sD6eEk1,300,false
,KG9Pba3wEih0TBi9XNHT4pI25V42,-O08vVh_sepkZWWYtBMO,-O08yCp4I32zV8Lv4yeV,K578veExtsUCTutL9mWZeCliTMy2,200,false
,KG9Pba3wEih0TBi9XNHT4pI25V42,-Nz8TUgyp8W61kxo694b,-Nz8dGH2Lx9TWPKsCp3L,LmxPwOIS46V0sL3QLoqbYf4DHBT2,350,false
,KG9Pba3wEih0TBi9XNHT4pI25V42,-O08Scdjlm_JdR5aBA18,-O08XTpLd6NlmtuTwnpD,civtSkENcvg1KnsN9JKtE0JPTsV2,200,false
,KG9Pba3wEih0TBi9XNHT4pI25V42,-NcXs2ErKckrr89Qsdf_,-NcXv2pWm1f1Q9A7lWWS,Em5ikAsNyIWtFq0uXd2kkiKGj9o2,200,false
,KG9Pba3wEih0TBi9XNHT4pI25V42,-NrG3htiQeFdwRH5uWDN,-NrG7hiiHcPoz2vy0EwF,Qkg0A8sNoGPGzfeGqoXz8uTAhWj2,200,false
,KG9Pba3wEih0TBi9XNHT4pI25V42,-Nt0dCRS9khradpJF5zd,-Nt0dk7NbHkuHI8_DjTA,v2yoZNMHnNOogoujACB2lskpEl12,300,false
,KG9Pba3wEih0TBi9XNHT4pI25V42,-O08vVh_sepkZWWYtBMO,-O08wzXd6faohj_jfp2v,vsVGrsKCXRevmyke1EvkJZ3ycRf1,300,false
,KG9Pba3wEih0TBi9XNHT4pI25V42,-NoVk5Kd7SDp2FKbe2Jr,-NoVlNhdzUovGOIM7iut,5thBaBZMEmdtt6Ny7mY60v3redb2,300,false
,KG9Pba3wEih0TBi9XNHT4pI25V42,-O4AuNoq6t8ZB3Y97B8z,-O4E_Dfaz8ma9_RHg-K_,c7srj80ovoVtqSOwZBm1ppBO68a2,200,false
,KG9Pba3wEih0TBi9XNHT4pI25V42,-O3lSfIeS08GM2ivPHvw,-O3lU73vihDJ-tkjb1W7,zUbjejEygcOo1OhxGJ6EjSv3lnJ2,350,false
,KG9Pba3wEih0TBi9XNHT4pI25V42,-NmC18VrA8CeragiVGu8,-NmC2faARSqpAG6okYEj,qNzfboBsPHXE8pO3YBkjrnWoOUs2,300,false
,KG9Pba3wEih0TBi9XNHT4pI25V42,-Nzhrmf0iuIlOwL7OxlM,-Nzhua1YBM1aZltxsz5G,JjgK259ffIYREcCanlAIYEvUhNr1,200,false
,KG9Pba3wEih0TBi9XNHT4pI25V42,-Nzhrmf0iuIlOwL7OxlM,-NzhvUB-VJFOqmgk1mm9,JjgK259ffIYREcCanlAIYEvUhNr1,200,false
,KG9Pba3wEih0TBi9XNHT4pI25V42,-O08vVh_sepkZWWYtBMO,-O08vsqJMhBWrNKTuKiS,xOjp2BoX7NcscUjaBpXNdzMRK7g2,300,false
,KG9Pba3wEih0TBi9XNHT4pI25V42,-NzhxakpJN9VUjNaxkDc,-O3gb-6Y39mzH6rLXIV0,yrkJoIfYniVPyVIz7it4OmO00fo1,300,false
,KG9Pba3wEih0TBi9XNHT4pI25V42,-O08vVh_sepkZWWYtBMO,-O08xSuDFCHuFY5S4x7d,xOjp2BoX7NcscUjaBpXNdzMRK7g2,300,false
,KG9Pba3wEih0TBi9XNHT4pI25V42,-Nzhrmf0iuIlOwL7OxlM,-NzhwG4iOys6PHC31sma,JjgK259ffIYREcCanlAIYEvUhNr1,200,false
,KG9Pba3wEih0TBi9XNHT4pI25V42,-O3lSfIeS08GM2ivPHvw,-O3lV8PaQWdxrd4tDNdB,zUbjejEygcOo1OhxGJ6EjSv3lnJ2,200,false
,KG9Pba3wEih0TBi9XNHT4pI25V42,-O2iCO-kMj1e3jLBhk3I,-O2iDWVm9nO-tPeKLcN7,JLUqWFljpjQWehn0kLusKZW1BzP2,300,false
,KG9Pba3wEih0TBi9XNHT4pI25V42,-O4A69NIczhDVSOvO-bK,-O4A7eTwQIItyzde7fnW,W4zM5c0XmNfv11Z7mXQIjkP1QE82,300,false
,KG9Pba3wEih0TBi9XNHT4pI25V42,-Nt0dCRS9khradpJF5zd,-Nt0eVtg7KrpUToZc6p7,euI2fCXJC8Tgk4wSd2tb6uEAtTo2,300,false
,KG9Pba3wEih0TBi9XNHT4pI25V42,-O2OF229tBkgX-nhToQ8,-O2OFlD0FivMgNFq6m0C,8RnuAh8AvLYpQ49hXSrJ512GYt42,300,false
,KG9Pba3wEih0TBi9XNHT4pI25V42,-O2OF229tBkgX-nhToQ8,-O2OG6he4G6anOmfvIyZ,8RnuAh8AvLYpQ49hXSrJ512GYt42,300,false
,KG9Pba3wEih0TBi9XNHT4pI25V42,-O2OF229tBkgX-nhToQ8,-O2OGThYnuW1vpBn6HC0,8RnuAh8AvLYpQ49hXSrJ512GYt42,300,false
,KG9Pba3wEih0TBi9XNHT4pI25V42,-NmC18VrA8CeragiVGu8,-NmC3zHKWpUgOPi-vIMv,FU2Uozm8oiOsTH9T7YYcK7Kk2qK2,300,false
,KG9Pba3wEih0TBi9XNHT4pI25V42,-O4A69NIczhDVSOvO-bK,-O4A9Zu1SvZjXrQoQyrl,W4zM5c0XmNfv11Z7mXQIjkP1QE82,200,false
,KG9Pba3wEih0TBi9XNHT4pI25V42,-NmC18VrA8CeragiVGu8,-NmC27wH2iBooJJtQVsG,FU2Uozm8oiOsTH9T7YYcK7Kk2qK2,300,false
,KG9Pba3wEih0TBi9XNHT4pI25V42,-OEO3uN0yOJDl9KJg_L-,-OEO5El6_avpB5kj8qs8,lzE8rR5G2QPhwIctNWVuGoFjJfF3,160,false
,KG9Pba3wEih0TBi9XNHT4pI25V42,-OEO3uN0yOJDl9KJg_L-,-OEO5aOOCNSLgFNlamU2,lzE8rR5G2QPhwIctNWVuGoFjJfF3,160,false
,KG9Pba3wEih0TBi9XNHT4pI25V42,-NcXs2ErKckrr89Qsdf_,-NcXtZe9WkI7UNKrLLhZ,Em5ikAsNyIWtFq0uXd2kkiKGj9o2,300,false
,KG9Pba3wEih0TBi9XNHT4pI25V42,-O08vVh_sepkZWWYtBMO,-O08zgddF2Y5hb31ggP0,xOjp2BoX7NcscUjaBpXNdzMRK7g2,200,false
,KG9Pba3wEih0TBi9XNHT4pI25V42,-NcXs2ErKckrr89Qsdf_,-NcXvxcxv5ZAirWzAGcp,Em5ikAsNyIWtFq0uXd2kkiKGj9o2,200,false
,KG9Pba3wEih0TBi9XNHT4pI25V42,-Ny0cIPTcro557kRNPEh,-Nz7bEth_Zn7YTFueRHu,ecPETjLkj8TPRy2PppjGXNv9OuJ3,200,false
,KG9Pba3wEih0TBi9XNHT4pI25V42,-NyPQFt54nlNBW3puYIA,-Nz7c1mrSxF3AM0MkKgH,5Cs2g0Sbaqbzc3QouNrhNMAyuZw2,200,false
,KG9Pba3wEih0TBi9XNHT4pI25V42,-Nz8gz69kcJhEvw7yuiK,-Nz8rmI_FZ1gY_-RtCgA,qfu7IPPcCyXFoV1Gn1sToYfq5F63,260,false
,KG9Pba3wEih0TBi9XNHT4pI25V42,-Nz8gz69kcJhEvw7yuiK,-Nz8sbgEhTGqoDwMyKrG,qfu7IPPcCyXFoV1Gn1sToYfq5F63,260,false
,KG9Pba3wEih0TBi9XNHT4pI25V42,-O08Scdjlm_JdR5aBA18,-O08WetfDgMEbuIKjnxo,rbpjO9ibeLdNCFdbu3fztHooYmO2,200,false
,KG9Pba3wEih0TBi9XNHT4pI25V42,-O4A69NIczhDVSOvO-bK,-O4A8U3FC8qU3Y1efNl9,W4zM5c0XmNfv11Z7mXQIjkP1QE82,200,false
,KG9Pba3wEih0TBi9XNHT4pI25V42,-NikJ-sBrcRBMSF0jgFo,-NikLupoi1Vfxj9FOcG5,vH4CK90yBhfCzGPgpsfRHQiqRbh2,200,false
,KG9Pba3wEih0TBi9XNHT4pI25V42,-NzhxakpJN9VUjNaxkDc,-Nzi0Aj0W95lOxfxo1Ie,9mWVP4XrX8a2ANEmgI8uMpk2jBy2,200,false
,KG9Pba3wEih0TBi9XNHT4pI25V42,-NmC18VrA8CeragiVGu8,-NmC4TFQCahBPwfbBz5Z,qNzfboBsPHXE8pO3YBkjrnWoOUs2,200,false
,KG9Pba3wEih0TBi9XNHT4pI25V42,-O08vVh_sepkZWWYtBMO,-O08z7-lRDWJ_U1pxQmd,vsVGrsKCXRevmyke1EvkJZ3ycRf1,200,false
,KG9Pba3wEih0TBi9XNHT4pI25V42,-O4A69NIczhDVSOvO-bK,-O4A85C6M_apBWLikX84,W4zM5c0XmNfv11Z7mXQIjkP1QE82,200,false
,KG9Pba3wEih0TBi9XNHT4pI25V42,-OEO3uN0yOJDl9KJg_L-,-OEO4Qi32j5u1BTk8Ne7,szFtkRYYMzNZTbiBaJQjAxt4a8g1,300,false
,KG9Pba3wEih0TBi9XNHT4pI25V42,-Nz8gz69kcJhEvw7yuiK,-Nz8tJF34Bks4HiPLqb3,qfu7IPPcCyXFoV1Gn1sToYfq5F63,40,false
,KG9Pba3wEih0TBi9XNHT4pI25V42,-Nz8gz69kcJhEvw7yuiK,-Nz8tbsNgSMTHHogrwO3,qfu7IPPcCyXFoV1Gn1sToYfq5F63,40,false
,KG9Pba3wEih0TBi9XNHT4pI25V42,-O4A69NIczhDVSOvO-bK,-O4A8U3FC8qU3Y1efNl9,W4zM5c0XmNfv11Z7mXQIjkP1QE82,200,false
,KG9Pba3wEih0TBi9XNHT4pI25V42,-Nz8gz69kcJhEvw7yuiK,-Nz8rmI_FZ1gY_-RtCgA,qfu7IPPcCyXFoV1Gn1sToYfq5F63,260,false
,KG9Pba3wEih0TBi9XNHT4pI25V42,-Nz8gz69kcJhEvw7yuiK,-Nz8sbgEhTGqoDwMyKrG,qfu7IPPcCyXFoV1Gn1sToYfq5F63,260,false
,KG9Pba3wEih0TBi9XNHT4pI25V42,-O08Scdjlm_JdR5aBA18,-O08UN7JJcEyY_Wy3PcR,rTZ82KNjL9MvtTXMxwbB9zvwdwd2,300,false
,KG9Pba3wEih0TBi9XNHT4pI25V42,-O08Scdjlm_JdR5aBA18,-O08V9lYBzmXGZyY06NI,rTZ82KNjL9MvtTXMxwbB9zvwdwd2,300,false
,KG9Pba3wEih0TBi9XNHT4pI25V42,-O08Scdjlm_JdR5aBA18,-O08VSmx--lFsgHdaDAi,rTZ82KNjL9MvtTXMxwbB9zvwdwd2,300,false
,KG9Pba3wEih0TBi9XNHT4pI25V42,-O08Scdjlm_JdR5aBA18,-O08TRGdveTR1ACscEE-,rTZ82KNjL9MvtTXMxwbB9zvwdwd2,300,false
,KG9Pba3wEih0TBi9XNHT4pI25V42,-O08Scdjlm_JdR5aBA18,-O08TtG2VAtQLTTWo-SH,ZMxBOPZsolewLEGRkOi2tkNzV7J3,300,false
,KG9Pba3wEih0TBi9XNHT4pI25V42,-O-1Cyu-zBSt-dIFoblE,-O-1FmAoeLjT-YSDRXuk,1gGzMXxa8mRjJmRNlZSekOpiBRJ3,330,false
,KG9Pba3wEih0TBi9XNHT4pI25V42,-NmC18VrA8CeragiVGu8,-NmC3zHKWpUgOPi-vIMv,FU2Uozm8oiOsTH9T7YYcK7Kk2qK2,300,false
,KG9Pba3wEih0TBi9XNHT4pI25V42,-O08Scdjlm_JdR5aBA18,-O08WDcPi1su6xlGGOtO,rTZ82KNjL9MvtTXMxwbB9zvwdwd2,200,false
,KG9Pba3wEih0TBi9XNHT4pI25V42,-NmC18VrA8CeragiVGu8,-NmC5J_583iJk4ArlvBh,FU2Uozm8oiOsTH9T7YYcK7Kk2qK2,200,false
,KG9Pba3wEih0TBi9XNHT4pI25V42,-Nz8gz69kcJhEvw7yuiK,-Nz8tbsNgSMTHHogrwO3,qfu7IPPcCyXFoV1Gn1sToYfq5F63,40,false
,KG9Pba3wEih0TBi9XNHT4pI25V42,-Nz8gz69kcJhEvw7yuiK,-Nz8tzF8mnIGB4W3X0tp,qfu7IPPcCyXFoV1Gn1sToYfq5F63,40,false
,KG9Pba3wEih0TBi9XNHT4pI25V42,-Nz8gz69kcJhEvw7yuiK,-Nz8tJF34Bks4HiPLqb3,qfu7IPPcCyXFoV1Gn1sToYfq5F63,40,false
,KG9Pba3wEih0TBi9XNHT4pI25V42,-O-1Cyu-zBSt-dIFoblE,-O-1G956IpbNok5TxV4J,1gGzMXxa8mRjJmRNlZSekOpiBRJ3,180,false
,KG9Pba3wEih0TBi9XNHT4pI25V42,-O08Scdjlm_JdR5aBA18,-O08UN7JJcEyY_Wy3PcR,ZMxBOPZsolewLEGRkOi2tkNzV7J3,300,false
,KG9Pba3wEih0TBi9XNHT4pI25V42,-Nz8gz69kcJhEvw7yuiK,-Nz8syGdcIwPn3fkc82I,qfu7IPPcCyXFoV1Gn1sToYfq5F63,260,false
,KG9Pba3wEih0TBi9XNHT4pI25V42,-O08Scdjlm_JdR5aBA18,-O08WetfDgMEbuIKjnxo,ZMxBOPZsolewLEGRkOi2tkNzV7J3,200,false
,KG9Pba3wEih0TBi9XNHT4pI25V42,-O08Scdjlm_JdR5aBA18,-O08X4OjSysslQtCnSef,rTZ82KNjL9MvtTXMxwbB9zvwdwd2,200,false
,KG9Pba3wEih0TBi9XNHT4pI25V42,-O08Scdjlm_JdR5aBA18,-O08XTpLd6NlmtuTwnpD,rTZ82KNjL9MvtTXMxwbB9zvwdwd2,200,false
,KG9Pba3wEih0TBi9XNHT4pI25V42,-O08Scdjlm_JdR5aBA18,-O08Vq6SVkj8UemuXMFg,rTZ82KNjL9MvtTXMxwbB9zvwdwd2,200,false
,KG9Pba3wEih0TBi9XNHT4pI25V42,-OEO3uN0yOJDl9KJg_L-,-OEO5El6_avpB5kj8qs8,szFtkRYYMzNZTbiBaJQjAxt4a8g1,160,false
,KG9Pba3wEih0TBi9XNHT4pI25V42,-Nz8gz69kcJhEvw7yuiK,-Nz8tzF8mnIGB4W3X0tp,qfu7IPPcCyXFoV1Gn1sToYfq5F63,40,false
,KG9Pba3wEih0TBi9XNHT4pI25V42,-Nc6Oh9qfA9ThSW4lbxv,-Nc6Rn483ku8JuI8KTnm,qr0OtTQDlga7pqAftsoXg38PZQ13,200,false
,KG9Pba3wEih0TBi9XNHT4pI25V42,-Nzhrmf0iuIlOwL7OxlM,-NzhtvWUSkU3Hchvt1Fp,SBCFxvlEbUeNoImGuQE0gVnp3xz1,300,false
,KG9Pba3wEih0TBi9XNHT4pI25V42,-O08Scdjlm_JdR5aBA18,-O08X4OjSysslQtCnSef,ZMxBOPZsolewLEGRkOi2tkNzV7J3,200,false
,KG9Pba3wEih0TBi9XNHT4pI25V42,-NmC18VrA8CeragiVGu8,-NmC5J_583iJk4ArlvBh,FU2Uozm8oiOsTH9T7YYcK7Kk2qK2,200,false
,KG9Pba3wEih0TBi9XNHT4pI25V42,-NzhxakpJN9VUjNaxkDc,-NzhyWA4d2EoN1Y6-s-G,mYOlj0lhuIVqxLKbQRCkKGASafq1,300,false
,KG9Pba3wEih0TBi9XNHT4pI25V42,-NzhxakpJN9VUjNaxkDc,-NzhysuNuXLLjQPuspd-,mYOlj0lhuIVqxLKbQRCkKGASafq1,300,false
,KG9Pba3wEih0TBi9XNHT4pI25V42,-O4A69NIczhDVSOvO-bK,-O4A7JRtUlLTg8YqAY37,W4zM5c0XmNfv11Z7mXQIjkP1QE82,300,false
,KG9Pba3wEih0TBi9XNHT4pI25V42,-O4A69NIczhDVSOvO-bK,-O4A7eTwQIItyzde7fnW,W4zM5c0XmNfv11Z7mXQIjkP1QE82,300,false
,KG9Pba3wEih0TBi9XNHT4pI25V42,-O4A69NIczhDVSOvO-bK,-O4A6vAjWhTh4c66lozl,W4zM5c0XmNfv11Z7mXQIjkP1QE82,300,false
,KG9Pba3wEih0TBi9XNHT4pI25V42,-NmC18VrA8CeragiVGu8,-NmC27wH2iBooJJtQVsG,8f6pV0cAnEa6CD4ik6aMbZ5zJYC2,300,false
,KG9Pba3wEih0TBi9XNHT4pI25V42,-NmC18VrA8CeragiVGu8,-NmC3zHKWpUgOPi-vIMv,8f6pV0cAnEa6CD4ik6aMbZ5zJYC2,300,false
,KG9Pba3wEih0TBi9XNHT4pI25V42,-O08vVh_sepkZWWYtBMO,-O08vsqJMhBWrNKTuKiS,tVxYturW2qhLeQHJ5jmM5VG9BRR2,300,false
,KG9Pba3wEih0TBi9XNHT4pI25V42,-O08vVh_sepkZWWYtBMO,-O08wG3qCuMaBM2jUzna,tVxYturW2qhLeQHJ5jmM5VG9BRR2,300,false
,KG9Pba3wEih0TBi9XNHT4pI25V42,-O08Scdjlm_JdR5aBA18,-O08VSmx--lFsgHdaDAi,rTZ82KNjL9MvtTXMxwbB9zvwdwd2,300,false
,KG9Pba3wEih0TBi9XNHT4pI25V42,-NyPQFt54nlNBW3puYIA,-NyPUlupQ6jBxywhUH63,5Cs2g0Sbaqbzc3QouNrhNMAyuZw2,350,false
,KG9Pba3wEih0TBi9XNHT4pI25V42,-N_rA4HA5hBTTHe_RVRK,-N_rDg0OPmNWcKnB15RQ,E3kNV7jbjdQQaNzlarT2W71ACiF3,300,false
,KG9Pba3wEih0TBi9XNHT4pI25V42,-NyPQFt54nlNBW3puYIA,-NyPV7vWjYaxVX_1Gzfo,5Cs2g0Sbaqbzc3QouNrhNMAyuZw2,350,false
,KG9Pba3wEih0TBi9XNHT4pI25V42,-Nt0dCRS9khradpJF5zd,-Nt0dk7NbHkuHI8_DjTA,zARnwzixdhVvnwzyr2OhEXYkNKq2,300,false
,KG9Pba3wEih0TBi9XNHT4pI25V42,-Nt0dCRS9khradpJF5zd,-Nt0e8w14Zy1GHbUCF5T,zARnwzixdhVvnwzyr2OhEXYkNKq2,300,false
,KG9Pba3wEih0TBi9XNHT4pI25V42,-Nzi60zH5ycXLCx0UeSc,-Nzi88nW1AZ1lhfpa2Fr,IMXgFM9gXCZuqvxP7Fd7SvPoTGT2,300,false
,KG9Pba3wEih0TBi9XNHT4pI25V42,-Nc6UA9Hl08A7BFSuNAc,-Nc6Ue9E8YtzB0vHdq7r,01YfwJfk5EfVrgRILKESUYh0Z3m2,300,false
,KG9Pba3wEih0TBi9XNHT4pI25V42,-NyPT5X9y1d-Hfu3x4Kk,-NyPVtvtbnR17UIyzC3r,unx7JeTSE9cEGdBknsaCP6fOn722,350,false
,KG9Pba3wEih0TBi9XNHT4pI25V42,-Nc6Oh9qfA9ThSW4lbxv,-Nc6QoTKmZndH7XV17Dj,1UrIwOV8XfVxTlzmuYkpRuGVQGr1,300,false
,KG9Pba3wEih0TBi9XNHT4pI25V42,-NcXs2ErKckrr89Qsdf_,-NcXu2OMUrzqZKduQwRD,Em5ikAsNyIWtFq0uXd2kkiKGj9o2,300,false
,KG9Pba3wEih0TBi9XNHT4pI25V42,-NyPQFt54nlNBW3puYIA,-NyPUlupQ6jBxywhUH63,5Cs2g0Sbaqbzc3QouNrhNMAyuZw2,350,false
,KG9Pba3wEih0TBi9XNHT4pI25V42,-NikJ-sBrcRBMSF0jgFo,-NikKDH65SXjmZM5nj7g,4qpjHqWGxBVRircldaLbMbykVHs2,300,false
,KG9Pba3wEih0TBi9XNHT4pI25V42,-O08Scdjlm_JdR5aBA18,-O08UN7JJcEyY_Wy3PcR,rTZ82KNjL9MvtTXMxwbB9zvwdwd2,300,false
,KG9Pba3wEih0TBi9XNHT4pI25V42,-O08Scdjlm_JdR5aBA18,-O08V9lYBzmXGZyY06NI,rTZ82KNjL9MvtTXMxwbB9zvwdwd2,300,false
,KG9Pba3wEih0TBi9XNHT4pI25V42,-O08Scdjlm_JdR5aBA18,-O08TtG2VAtQLTTWo-SH,rTZ82KNjL9MvtTXMxwbB9zvwdwd2,300,false
,KG9Pba3wEih0TBi9XNHT4pI25V42,-NzhxakpJN9VUjNaxkDc,-Nzi-rqb2MuRgDzK4q-Z,mYOlj0lhuIVqxLKbQRCkKGASafq1,200,false
,KG9Pba3wEih0TBi9XNHT4pI25V42,-NzhxakpJN9VUjNaxkDc,-Nzi0Aj0W95lOxfxo1Ie,mYOlj0lhuIVqxLKbQRCkKGASafq1,200,false
,KG9Pba3wEih0TBi9XNHT4pI25V42,-O08Scdjlm_JdR5aBA18,-O08TRGdveTR1ACscEE-,rTZ82KNjL9MvtTXMxwbB9zvwdwd2,300,false
,KG9Pba3wEih0TBi9XNHT4pI25V42,-O7mAuYTaeRX9n5j3Nuy,-O7mCHN-I06WYMsxafGK,GP5WzDwvMIWkMcB1FhNOUnc2G462,280,false
,KG9Pba3wEih0TBi9XNHT4pI25V42,-NzhxakpJN9VUjNaxkDc,-NzhyWA4d2EoN1Y6-s-G,S4RZW3b1poWQQJ4usuMbuHi6Xl63,300,false
,KG9Pba3wEih0TBi9XNHT4pI25V42,-Nzi60zH5ycXLCx0UeSc,-Nzi8rPTTrUnNE570wXg,AVp53dfgqlYPtSgr1LQ00Mk0ET63,300,false
,KG9Pba3wEih0TBi9XNHT4pI25V42,-Nzi60zH5ycXLCx0UeSc,-Nzi7o-Lf_jPEMf3Qg5K,AVp53dfgqlYPtSgr1LQ00Mk0ET63,300,false
,KG9Pba3wEih0TBi9XNHT4pI25V42,-Nt0dCRS9khradpJF5zd,-Nt0f_LnwepsiHaqolx9,zARnwzixdhVvnwzyr2OhEXYkNKq2,200,false
,KG9Pba3wEih0TBi9XNHT4pI25V42,-NmC18VrA8CeragiVGu8,-NmC4TFQCahBPwfbBz5Z,8f6pV0cAnEa6CD4ik6aMbZ5zJYC2,200,false
,KG9Pba3wEih0TBi9XNHT4pI25V42,-NmC18VrA8CeragiVGu8,-NmC6Txocmq8GZ4cO7H6,8f6pV0cAnEa6CD4ik6aMbZ5zJYC2,200,false
,KG9Pba3wEih0TBi9XNHT4pI25V42,-O08Scdjlm_JdR5aBA18,-O08X4OjSysslQtCnSef,rTZ82KNjL9MvtTXMxwbB9zvwdwd2,200,true
,KG9Pba3wEih0TBi9XNHT4pI25V42,-Nc6Oh9qfA9ThSW4lbxv,-Nc6PtOC7oH1DR4AjtEl,nXr6anTWVAZqSOunBcJRRaTC8v82,300,false
,KG9Pba3wEih0TBi9XNHT4pI25V42,-N_rA4HA5hBTTHe_RVRK,-N_rS8ZhDu5VOuFPVl4D,E5mj0egfUROYn9wxNQzvruNjn6H3,300,false
,KG9Pba3wEih0TBi9XNHT4pI25V42,-O2OF229tBkgX-nhToQ8,-O2OG6he4G6anOmfvIyZ,TIeKyiLE4bTOWS01WsiLTM9sLSE2,300,false
,KG9Pba3wEih0TBi9XNHT4pI25V42,-O2OF229tBkgX-nhToQ8,-O2OGThYnuW1vpBn6HC0,TIeKyiLE4bTOWS01WsiLTM9sLSE2,300,false
,KG9Pba3wEih0TBi9XNHT4pI25V42,-Nzhrmf0iuIlOwL7OxlM,-NzhtT8zbN9PIqu0RgQ0,h9xQLtkzutWN4awRWiUAEDhPGqv1,300,false
,KG9Pba3wEih0TBi9XNHT4pI25V42,-Nzhrmf0iuIlOwL7OxlM,-Nzht5CMNinGqP-HpxQX,h9xQLtkzutWN4awRWiUAEDhPGqv1,300,false
,KG9Pba3wEih0TBi9XNHT4pI25V42,-O08vVh_sepkZWWYtBMO,-O08yCp4I32zV8Lv4yeV,tVxYturW2qhLeQHJ5jmM5VG9BRR2,200,false
,KG9Pba3wEih0TBi9XNHT4pI25V42,-O08vVh_sepkZWWYtBMO,-O08yfZdlcZXR0v-MhGe,tVxYturW2qhLeQHJ5jmM5VG9BRR2,200,false
,KG9Pba3wEih0TBi9XNHT4pI25V42,-NmC18VrA8CeragiVGu8,-NmC3zHKWpUgOPi-vIMv,9S74H19UB6QAITTRDiRcwB4cVif2,300,false
,KG9Pba3wEih0TBi9XNHT4pI25V42,-O08Scdjlm_JdR5aBA18,-O08WetfDgMEbuIKjnxo,Bbe4ooxHnZaDfmScMJZKUknU5w42,200,false
,KG9Pba3wEih0TBi9XNHT4pI25V42,-N_rA4HA5hBTTHe_RVRK,-N_rCAhIBVn-7NAIov63,QPkrAf6GTkRKoJpSFuNDLA299c23,300,false
,KG9Pba3wEih0TBi9XNHT4pI25V42,-Nz8TUgyp8W61kxo694b,-Nz8bngvOXQWuCw_YItd,LmxPwOIS46V0sL3QLoqbYf4DHBT2,350,false
,KG9Pba3wEih0TBi9XNHT4pI25V42,-O3lSfIeS08GM2ivPHvw,-O3lTHRbe8YhqeVxbo4P,zUbjejEygcOo1OhxGJ6EjSv3lnJ2,350,false
,KG9Pba3wEih0TBi9XNHT4pI25V42,-Nzhrmf0iuIlOwL7OxlM,-NzhshtG_h2SG96Qhobf,JjgK259ffIYREcCanlAIYEvUhNr1,300,false
,KG9Pba3wEih0TBi9XNHT4pI25V42,-Ny0cIPTcro557kRNPEh,-Ny0d9INQaoDTWXMFBfe,ecPETjLkj8TPRy2PppjGXNv9OuJ3,350,false
,KG9Pba3wEih0TBi9XNHT4pI25V42,-Nz8TUgyp8W61kxo694b,-Nz8cI8DRjzOud1NKXDp,LmxPwOIS46V0sL3QLoqbYf4DHBT2,350,false
,KG9Pba3wEih0TBi9XNHT4pI25V42,-N_rA4HA5hBTTHe_RVRK,-N_rGE42e0Hz2PjYOWuX,E3kNV7jbjdQQaNzlarT2W71ACiF3,200,false
,KG9Pba3wEih0TBi9XNHT4pI25V42,-O08vVh_sepkZWWYtBMO,-O08wG3qCuMaBM2jUzna,77QfCmeOjcRwMozr8vCDTdV0iU42,300,false
,KG9Pba3wEih0TBi9XNHT4pI25V42,-NmC18VrA8CeragiVGu8,-NmC27wH2iBooJJtQVsG,JO16h4oheja7mV93fKO9MIokEgg2,300,false
,KG9Pba3wEih0TBi9XNHT4pI25V42,-O3lSfIeS08GM2ivPHvw,-O3lTdZLuXvPWQ5W3cyg,zUbjejEygcOo1OhxGJ6EjSv3lnJ2,350,false
,KG9Pba3wEih0TBi9XNHT4pI25V42,-Nz8gz69kcJhEvw7yuiK,-Nz8syGdcIwPn3fkc82I,qfu7IPPcCyXFoV1Gn1sToYfq5F63,260,false
,KG9Pba3wEih0TBi9XNHT4pI25V42,-O4A69NIczhDVSOvO-bK,-O4A6vAjWhTh4c66lozl,W4zM5c0XmNfv11Z7mXQIjkP1QE82,300,false
,KG9Pba3wEih0TBi9XNHT4pI25V42,-O3lSfIeS08GM2ivPHvw,-O3lU73vihDJ-tkjb1W7,zUbjejEygcOo1OhxGJ6EjSv3lnJ2,350,false
,KG9Pba3wEih0TBi9XNHT4pI25V42,-O2iRso2iyzmadqIfVbD,-O2iSiCZ3n_IDeoNr9Sj,kvnNwfCnOgPsGWIf9IvTRIH2E1v2,300,false
,KG9Pba3wEih0TBi9XNHT4pI25V42,-O08vVh_sepkZWWYtBMO,-O08vsqJMhBWrNKTuKiS,SGT9WDOXzNXeC1UrjMoAVF21ViI3,300,false
,KG9Pba3wEih0TBi9XNHT4pI25V42,-NcXs2ErKckrr89Qsdf_,-NcXszPYLYFyRWlyT2jh,j7ti5gwckgPlj1fwL0bBPcTXFA92,300,false
,KG9Pba3wEih0TBi9XNHT4pI25V42,-O-1Cyu-zBSt-dIFoblE,-O-1FmAoeLjT-YSDRXuk,3ZURyYI6sgN0wstdket2ZRfGAY23,330,false
,KG9Pba3wEih0TBi9XNHT4pI25V42,-NzhxakpJN9VUjNaxkDc,-Nzhy-U3IfUfhWdH4Rkg,Er5fiWkkaPQxFEfEeIutZJmCBJO2,300,false
,KG9Pba3wEih0TBi9XNHT4pI25V42,-O2iCO-kMj1e3jLBhk3I,-O2iDWVm9nO-tPeKLcN7,oXqZ0ZlQsLcTSPY8UOyukVWaYuG3,300,false
,KG9Pba3wEih0TBi9XNHT4pI25V42,-O2iCO-kMj1e3jLBhk3I,-O2iLafmghSVp3Dx_p0V,oXqZ0ZlQsLcTSPY8UOyukVWaYuG3,300,false
,KG9Pba3wEih0TBi9XNHT4pI25V42,-Nzi60zH5ycXLCx0UeSc,-O32q_Rbs-gVU6xPXJpM,IMXgFM9gXCZuqvxP7Fd7SvPoTGT2,200,false
,KG9Pba3wEih0TBi9XNHT4pI25V42,-O7mAuYTaeRX9n5j3Nuy,-O7mDIl007mLEK73VuVW,GP5WzDwvMIWkMcB1FhNOUnc2G462,200,false
,KG9Pba3wEih0TBi9XNHT4pI25V42,-O08vVh_sepkZWWYtBMO,-O08wzXd6faohj_jfp2v,i7bzszzAr8VX5kurcIPUha2p0hw1,300,false
,KG9Pba3wEih0TBi9XNHT4pI25V42,-NcXs2ErKckrr89Qsdf_,-NcXv2pWm1f1Q9A7lWWS,Em5ikAsNyIWtFq0uXd2kkiKGj9o2,200,false
,KG9Pba3wEih0TBi9XNHT4pI25V42,-NzhxakpJN9VUjNaxkDc,-NzhzJUAI8an8rhRhrHl,yrkJoIfYniVPyVIz7it4OmO00fo1,300,false
,KG9Pba3wEih0TBi9XNHT4pI25V42,-Ny0cIPTcro557kRNPEh,-Ny0d9INQaoDTWXMFBfe,ecPETjLkj8TPRy2PppjGXNv9OuJ3,350,false
,KG9Pba3wEih0TBi9XNHT4pI25V42,-Nc6UA9Hl08A7BFSuNAc,-Nc6V0X6OIQrhj8c84Mw,MAdByWxXilehOC5bHVkzcAErgJ63,300,false
,KG9Pba3wEih0TBi9XNHT4pI25V42,-Nc6Oh9qfA9ThSW4lbxv,-Nc6SB-qZZbutYeS2rPK,1UrIwOV8XfVxTlzmuYkpRuGVQGr1,200,false
,KG9Pba3wEih0TBi9XNHT4pI25V42,-NikJ-sBrcRBMSF0jgFo,-NikMSDkW9Q7OwEx9i50,4qpjHqWGxBVRircldaLbMbykVHs2,200,false
,KG9Pba3wEih0TBi9XNHT4pI25V42,-N_rA4HA5hBTTHe_RVRK,-N_rEGL1tgsluDWD6ex-,i6ZyQ7oHPwdoA3JOyysUJf3ehp32,300,false
,KG9Pba3wEih0TBi9XNHT4pI25V42,-NcXs2ErKckrr89Qsdf_,-NcXvxcxv5ZAirWzAGcp,Em5ikAsNyIWtFq0uXd2kkiKGj9o2,200,false
,KG9Pba3wEih0TBi9XNHT4pI25V42,-N8wrJ7SvHAC_pStTMIM,-N8wsmL2_lyB6oYgJTuO,tuV99QWRz4QNgiiJpTFUDGz9Yao1,300,false
,KG9Pba3wEih0TBi9XNHT4pI25V42,-Nzhrmf0iuIlOwL7OxlM,-NzhtvWUSkU3Hchvt1Fp,SBCFxvlEbUeNoImGuQE0gVnp3xz1,300,false
,KG9Pba3wEih0TBi9XNHT4pI25V42,-NyPT5X9y1d-Hfu3x4Kk,-NyPWC_RvPFq8GLBm-5W,unx7JeTSE9cEGdBknsaCP6fOn722,350,false
,KG9Pba3wEih0TBi9XNHT4pI25V42,-Nzhrmf0iuIlOwL7OxlM,-NzhwG4iOys6PHC31sma,SBCFxvlEbUeNoImGuQE0gVnp3xz1,200,false
,KG9Pba3wEih0TBi9XNHT4pI25V42,-Nz8TUgyp8W61kxo694b,-Nz8dGH2Lx9TWPKsCp3L,LmxPwOIS46V0sL3QLoqbYf4DHBT2,350,false
,KG9Pba3wEih0TBi9XNHT4pI25V42,-O7mAuYTaeRX9n5j3Nuy,-O7mCbz8FUXkz_fhCbWV,GP5WzDwvMIWkMcB1FhNOUnc2G462,280,false
,KG9Pba3wEih0TBi9XNHT4pI25V42,-Nc6UA9Hl08A7BFSuNAc,-Nc6Ue9E8YtzB0vHdq7r,awWrKAlk9PXdGkdhiSkXaLWbi2x2,300,false
,KG9Pba3wEih0TBi9XNHT4pI25V42,-O7mAuYTaeRX9n5j3Nuy,-O7mCHN-I06WYMsxafGK,GP5WzDwvMIWkMcB1FhNOUnc2G462,280,false
,KG9Pba3wEih0TBi9XNHT4pI25V42,-O2iRso2iyzmadqIfVbD,-O2iT4IXCgbFFbsoUOyi,r81eaF32dKNviefmtozL4sD6eEk1,300,false
,KG9Pba3wEih0TBi9XNHT4pI25V42,-OEO3uN0yOJDl9KJg_L-,-OEO4Qi32j5u1BTk8Ne7,lzE8rR5G2QPhwIctNWVuGoFjJfF3,300,false
,KG9Pba3wEih0TBi9XNHT4pI25V42,-OEO3uN0yOJDl9KJg_L-,-OEO4pg2vgOp_5oQttSc,lzE8rR5G2QPhwIctNWVuGoFjJfF3,300,false
,KG9Pba3wEih0TBi9XNHT4pI25V42,-O4AuNoq6t8ZB3Y97B8z,-O4EYI6OgFQiJkY2ZhYq,pwdvvoblfWR1qcHMeJ2w7KaGBYY2,300,false
,KG9Pba3wEih0TBi9XNHT4pI25V42,-O08Scdjlm_JdR5aBA18,-O08VSmx--lFsgHdaDAi,rTZ82KNjL9MvtTXMxwbB9zvwdwd2,300,false
,KG9Pba3wEih0TBi9XNHT4pI25V42,-NmC18VrA8CeragiVGu8,-NmC2faARSqpAG6okYEj,TirvjiUw7WUj3pAfz7Li1CHmZgl2,300,false
,KG9Pba3wEih0TBi9XNHT4pI25V42,-NcXs2ErKckrr89Qsdf_,-NcXu2OMUrzqZKduQwRD,Em5ikAsNyIWtFq0uXd2kkiKGj9o2,300,false
,KG9Pba3wEih0TBi9XNHT4pI25V42,-NyPT5X9y1d-Hfu3x4Kk,-NyPVWdQ2KUiPkIKO_Am,unx7JeTSE9cEGdBknsaCP6fOn722,350,false
,KG9Pba3wEih0TBi9XNHT4pI25V42,-NzhxakpJN9VUjNaxkDc,-NzhzyFXDKVfO12DZ_wF,yrkJoIfYniVPyVIz7it4OmO00fo1,200,false
,KG9Pba3wEih0TBi9XNHT4pI25V42,-Nzhrmf0iuIlOwL7OxlM,-NzhvUB-VJFOqmgk1mm9,S4PIQa3eGqgRSIjewVtAErEETxq1,200,false
,KG9Pba3wEih0TBi9XNHT4pI25V42,-O08Scdjlm_JdR5aBA18,-O08Vq6SVkj8UemuXMFg,rTZ82KNjL9MvtTXMxwbB9zvwdwd2,200,false
,KG9Pba3wEih0TBi9XNHT4pI25V42,-O2OF229tBkgX-nhToQ8,-O2OFlD0FivMgNFq6m0C,3cuz9q8398XE9veVjbYbmSLZCqs2,300,false
,KG9Pba3wEih0TBi9XNHT4pI25V42,-MvW5gwdK1MOWBE3u7g6,-MvW5gwdK1MOWBE3u7g9,E4J7msbpSMZ9z0069L8nUEXBICu1,300,false
,KG9Pba3wEih0TBi9XNHT4pI25V42,-NyPQFt54nlNBW3puYIA,-NyPUlupQ6jBxywhUH63,5Cs2g0Sbaqbzc3QouNrhNMAyuZw2,350,false
,KG9Pba3wEih0TBi9XNHT4pI25V42,-NyPT5X9y1d-Hfu3x4Kk,-NyPVtvtbnR17UIyzC3r,unx7JeTSE9cEGdBknsaCP6fOn722,350,false
,KG9Pba3wEih0TBi9XNHT4pI25V42,-O08vVh_sepkZWWYtBMO,-O08we8MtTu5y6dHv9RH,xr352NoAzEWPSyf5cDo0ukziey03,300,false
,KG9Pba3wEih0TBi9XNHT4pI25V42,-O4A69NIczhDVSOvO-bK,-O4A7JRtUlLTg8YqAY37,W4zM5c0XmNfv11Z7mXQIjkP1QE82,300,false
,KG9Pba3wEih0TBi9XNHT4pI25V42,-NzhxakpJN9VUjNaxkDc,-NzhysuNuXLLjQPuspd-,yrkJoIfYniVPyVIz7it4OmO00fo1,300,false
,KG9Pba3wEih0TBi9XNHT4pI25V42,-O2iCO-kMj1e3jLBhk3I,-O2iMdXQsSAmK0lohefp,oXqZ0ZlQsLcTSPY8UOyukVWaYuG3,300,false
,KG9Pba3wEih0TBi9XNHT4pI25V42,-O2iCO-kMj1e3jLBhk3I,-O2iN9OiR5xZHtqs2g5P,oXqZ0ZlQsLcTSPY8UOyukVWaYuG3,300,false
,KG9Pba3wEih0TBi9XNHT4pI25V42,-O08Scdjlm_JdR5aBA18,-O08X4OjSysslQtCnSef,rTZ82KNjL9MvtTXMxwbB9zvwdwd2,200,false
,KG9Pba3wEih0TBi9XNHT4pI25V42,-O08Scdjlm_JdR5aBA18,-O08XTpLd6NlmtuTwnpD,rTZ82KNjL9MvtTXMxwbB9zvwdwd2,200,false
,KG9Pba3wEih0TBi9XNHT4pI25V42,-Nc6Oh9qfA9ThSW4lbxv,-Nc6QoTKmZndH7XV17Dj,XXpTBgiA5MWTfxf0116sZ8Sgr1C3,300,false
,KG9Pba3wEih0TBi9XNHT4pI25V42,-NzhxakpJN9VUjNaxkDc,-NzhyWA4d2EoN1Y6-s-G,yrkJoIfYniVPyVIz7it4OmO00fo1,300,false
,KG9Pba3wEih0TBi9XNHT4pI25V42,-Nc6Oh9qfA9ThSW4lbxv,-Nc6StWMFAWQQU6Eb-GU,nXr6anTWVAZqSOunBcJRRaTC8v82,200,false
,KG9Pba3wEih0TBi9XNHT4pI25V42,-NzhxakpJN9VUjNaxkDc,-NzhzJUAI8an8rhRhrHl,yrkJoIfYniVPyVIz7it4OmO00fo1,300,false
,KG9Pba3wEih0TBi9XNHT4pI25V42,-Nz8gz69kcJhEvw7yuiK,-Nz8rmI_FZ1gY_-RtCgA,qfu7IPPcCyXFoV1Gn1sToYfq5F63,260,false
,KG9Pba3wEih0TBi9XNHT4pI25V42,-O4A69NIczhDVSOvO-bK,-O4A7eTwQIItyzde7fnW,W4zM5c0XmNfv11Z7mXQIjkP1QE82,300,false
,KG9Pba3wEih0TBi9XNHT4pI25V42,-O08vVh_sepkZWWYtBMO,-O08xSuDFCHuFY5S4x7d,fnnzMRRUyXNYve5i6MbS6uzzM4i2,300,false
,KG9Pba3wEih0TBi9XNHT4pI25V42,-NcXs2ErKckrr89Qsdf_,-NcXtZe9WkI7UNKrLLhZ,Em5ikAsNyIWtFq0uXd2kkiKGj9o2,300,false
,KG9Pba3wEih0TBi9XNHT4pI25V42,-NikJ-sBrcRBMSF0jgFo,-NikKDH65SXjmZM5nj7g,ZEvfdu0EHJd4WIdQdEymlGh7GVi1,300,false
,KG9Pba3wEih0TBi9XNHT4pI25V42,-NoVk5Kd7SDp2FKbe2Jr,-NoVnK4HclG1KSpRyrTk,5thBaBZMEmdtt6Ny7mY60v3redb2,200,false
,KG9Pba3wEih0TBi9XNHT4pI25V42,-O4AuNoq6t8ZB3Y97B8z,-O4EXdcpnqNz8nBaFfoS,c7srj80ovoVtqSOwZBm1ppBO68a2,300,false
,KG9Pba3wEih0TBi9XNHT4pI25V42,-Nt0dCRS9khradpJF5zd,-Nt0e8w14Zy1GHbUCF5T,x1COuwxvtBRC4lGSbKORDmdayv33,300,false
,KG9Pba3wEih0TBi9XNHT4pI25V42,-Nt0dCRS9khradpJF5zd,-Nt0dk7NbHkuHI8_DjTA,qplc2WeZxyOyX9OiOu9r4wc4Ty42,300,false
,KG9Pba3wEih0TBi9XNHT4pI25V42,-NtRGnH3AbJJ9Y2PvrXH,-NtRHNLYn6asza81C5t3,i7OZAXq2ERagRVtlg58zkKCeWor1,500,false
,KG9Pba3wEih0TBi9XNHT4pI25V42,-Nc6Oh9qfA9ThSW4lbxv,-Nc6PtOC7oH1DR4AjtEl,F8CAJm7GVFb1HNYfSQguzeqywtt1,300,false
,KG9Pba3wEih0TBi9XNHT4pI25V42,-Nc6Oh9qfA9ThSW4lbxv,-Nc6REiQl4nV4AXPxknu,F8CAJm7GVFb1HNYfSQguzeqywtt1,300,false
,KG9Pba3wEih0TBi9XNHT4pI25V42,-NmC18VrA8CeragiVGu8,-NmC3zHKWpUgOPi-vIMv,9S74H19UB6QAITTRDiRcwB4cVif2,300,false
,KG9Pba3wEih0TBi9XNHT4pI25V42,-O08Scdjlm_JdR5aBA18,-O08UN7JJcEyY_Wy3PcR,rTZ82KNjL9MvtTXMxwbB9zvwdwd2,300,false
,KG9Pba3wEih0TBi9XNHT4pI25V42,-NmC18VrA8CeragiVGu8,-NmC5J_583iJk4ArlvBh,9S74H19UB6QAITTRDiRcwB4cVif2,200,false
,KG9Pba3wEih0TBi9XNHT4pI25V42,-O08Scdjlm_JdR5aBA18,-O08V9lYBzmXGZyY06NI,rTZ82KNjL9MvtTXMxwbB9zvwdwd2,300,false
,KG9Pba3wEih0TBi9XNHT4pI25V42,-O2OF229tBkgX-nhToQ8,-O2OI4Gk2d7_r8lOojX1,TIeKyiLE4bTOWS01WsiLTM9sLSE2,200,false
,KG9Pba3wEih0TBi9XNHT4pI25V42,-Nzhrmf0iuIlOwL7OxlM,-Nzhv7zrmE-xgGC1EoFc,h9xQLtkzutWN4awRWiUAEDhPGqv1,200,false
,KG9Pba3wEih0TBi9XNHT4pI25V42,-Nz8gz69kcJhEvw7yuiK,-Nz8tJF34Bks4HiPLqb3,qfu7IPPcCyXFoV1Gn1sToYfq5F63,40,false
,KG9Pba3wEih0TBi9XNHT4pI25V42,-Nz8gz69kcJhEvw7yuiK,-Nz8tbsNgSMTHHogrwO3,qfu7IPPcCyXFoV1Gn1sToYfq5F63,40,false
,KG9Pba3wEih0TBi9XNHT4pI25V42,-NikJ-sBrcRBMSF0jgFo,-NikKlkgG8STENhi1-RG,ZEvfdu0EHJd4WIdQdEymlGh7GVi1,300,false
,KG9Pba3wEih0TBi9XNHT4pI25V42,-NrG3htiQeFdwRH5uWDN,-NrG7GTRtvB4HNgk14D_,FmgNKFRwdjerbw0Tw5xz08vIL5z1,350,false
,KG9Pba3wEih0TBi9XNHT4pI25V42,-NrG3htiQeFdwRH5uWDN,-NrG6DDd-74GAp1oKsuu,5jq1fBOsi1Y1CJjR9sGHuP2FKZC2,350,false
,KG9Pba3wEih0TBi9XNHT4pI25V42,-NyPQFt54nlNBW3puYIA,-Nz7c1mrSxF3AM0MkKgH,5Cs2g0Sbaqbzc3QouNrhNMAyuZw2,200,false
,KG9Pba3wEih0TBi9XNHT4pI25V42,-NrG3htiQeFdwRH5uWDN,-NrG6gnqT9gYK-sLjvsk,5jq1fBOsi1Y1CJjR9sGHuP2FKZC2,350,false
,KG9Pba3wEih0TBi9XNHT4pI25V42,-NrG3htiQeFdwRH5uWDN,-NrG5lwA4LweBQPkhqGB,hOpNbvsOEKNfwilwKRtUWYtBo8o2,350,false
,KG9Pba3wEih0TBi9XNHT4pI25V42,-O3lSfIeS08GM2ivPHvw,-O3lV8PaQWdxrd4tDNdB,zUbjejEygcOo1OhxGJ6EjSv3lnJ2,200,false
,KG9Pba3wEih0TBi9XNHT4pI25V42,-NikJ-sBrcRBMSF0jgFo,-NikLFJvnMyG7jfT-dK8,4qpjHqWGxBVRircldaLbMbykVHs2,300,false
,KG9Pba3wEih0TBi9XNHT4pI25V42,-N_rA4HA5hBTTHe_RVRK,-N_rI7ojBZ1mVQa0ySaf,E5mj0egfUROYn9wxNQzvruNjn6H3,200,false
,KG9Pba3wEih0TBi9XNHT4pI25V42,-O4AuNoq6t8ZB3Y97B8z,-O4Auvq9kM2Gmns-_04r,CYfCuukjzNV3JQLKQMEwSZm4psh2,300,false
,KG9Pba3wEih0TBi9XNHT4pI25V42,-O08Scdjlm_JdR5aBA18,-O08TRGdveTR1ACscEE-,rTZ82KNjL9MvtTXMxwbB9zvwdwd2,300,false
,KG9Pba3wEih0TBi9XNHT4pI25V42,-NyPT5X9y1d-Hfu3x4Kk,-Nz7drF8d4_W3PsoXA87,unx7JeTSE9cEGdBknsaCP6fOn722,200,false
,KG9Pba3wEih0TBi9XNHT4pI25V42,-Nzi60zH5ycXLCx0UeSc,-Nzi9DSppQNxrsMwEaqp,AVp53dfgqlYPtSgr1LQ00Mk0ET63,200,false
,KG9Pba3wEih0TBi9XNHT4pI25V42,-Nzhrmf0iuIlOwL7OxlM,-NzhtT8zbN9PIqu0RgQ0,JjgK259ffIYREcCanlAIYEvUhNr1,300,false
,KG9Pba3wEih0TBi9XNHT4pI25V42,-O3lSfIeS08GM2ivPHvw,-O3lUkHiQX_jTelG-byR,zUbjejEygcOo1OhxGJ6EjSv3lnJ2,200,false
,KG9Pba3wEih0TBi9XNHT4pI25V42,-Nc6Oh9qfA9ThSW4lbxv,-Nc6TLyA3bUkpPM7i2JY,XXpTBgiA5MWTfxf0116sZ8Sgr1C3,200,false
,KG9Pba3wEih0TBi9XNHT4pI25V42,-Nzhrmf0iuIlOwL7OxlM,-Nzht5CMNinGqP-HpxQX,JjgK259ffIYREcCanlAIYEvUhNr1,300,false
,KG9Pba3wEih0TBi9XNHT4pI25V42,-NyPQFt54nlNBW3puYIA,-NyPV7vWjYaxVX_1Gzfo,5Cs2g0Sbaqbzc3QouNrhNMAyuZw2,350,false
,KG9Pba3wEih0TBi9XNHT4pI25V42,-Nz8gz69kcJhEvw7yuiK,-Nz8tzF8mnIGB4W3X0tp,qfu7IPPcCyXFoV1Gn1sToYfq5F63,40,false
,KG9Pba3wEih0TBi9XNHT4pI25V42,-O7mAuYTaeRX9n5j3Nuy,-O7mCbz8FUXkz_fhCbWV,GP5WzDwvMIWkMcB1FhNOUnc2G462,280,false
,KG9Pba3wEih0TBi9XNHT4pI25V42,-Nz8TUgyp8W61kxo694b,-Nz8cfhT4Qs6i-8a4-EE,wYLVkZHlrkUeKpizMY1YvOhYRlA3,350,false
,KG9Pba3wEih0TBi9XNHT4pI25V42,-NoVk5Kd7SDp2FKbe2Jr,-NoVmeZVmmgYNxANZALf,5thBaBZMEmdtt6Ny7mY60v3redb2,300,false
,KG9Pba3wEih0TBi9XNHT4pI25V42,-O2iRso2iyzmadqIfVbD,-O2iSJxW236KMyApWe0f,SCmEHuEkEWeSrfMfdlnDk6bAR082,300,false
,KG9Pba3wEih0TBi9XNHT4pI25V42,-O7mAuYTaeRX9n5j3Nuy,-O7mCHN-I06WYMsxafGK,GP5WzDwvMIWkMcB1FhNOUnc2G462,280,false
,KG9Pba3wEih0TBi9XNHT4pI25V42,-NzhxakpJN9VUjNaxkDc,-O3gb-6Y39mzH6rLXIV0,2F0reQBnS8MJ9mt9plj0dluadMg1,300,false
,KG9Pba3wEih0TBi9XNHT4pI25V42,-NyPQFt54nlNBW3puYIA,-NyPUlupQ6jBxywhUH63,5Cs2g0Sbaqbzc3QouNrhNMAyuZw2,350,false
,KG9Pba3wEih0TBi9XNHT4pI25V42,-O7mAuYTaeRX9n5j3Nuy,-O7mDIl007mLEK73VuVW,GP5WzDwvMIWkMcB1FhNOUnc2G462,200,false
,KG9Pba3wEih0TBi9XNHT4pI25V42,-O08vVh_sepkZWWYtBMO,-O08wG3qCuMaBM2jUzna,ZGz8wwfFzSZsT3tCERclkZlw3482,300,false
,KG9Pba3wEih0TBi9XNHT4pI25V42,-NyPT5X9y1d-Hfu3x4Kk,-Nz7dXBVkcVnkE1bXDaR,unx7JeTSE9cEGdBknsaCP6fOn722,200,false
,KG9Pba3wEih0TBi9XNHT4pI25V42,-NyPT5X9y1d-Hfu3x4Kk,-NyPWC_RvPFq8GLBm-5W,O505xXcaUKUWaHk7LUR0zDI6zEh1,350,false
,KG9Pba3wEih0TBi9XNHT4pI25V42,-MvW5gwdK1MOWBE3u7g6,-MvW5gwdK1MOWBE3u7g7,K3LppOWxRJfoVUrUDoEHAq0WzbZ2,300,false
,KG9Pba3wEih0TBi9XNHT4pI25V42,-Nzi60zH5ycXLCx0UeSc,-Nzi7o-Lf_jPEMf3Qg5K,AVp53dfgqlYPtSgr1LQ00Mk0ET63,300,false
,KG9Pba3wEih0TBi9XNHT4pI25V42,-MvW5gwdK1MOWBE3u7g6,-MvW5gwdK1MOWBE3u7g8,K3LppOWxRJfoVUrUDoEHAq0WzbZ2,300,false
,KG9Pba3wEih0TBi9XNHT4pI25V42,-Nz8TUgyp8W61kxo694b,-Nz8dnIMrrPRovQJ2Gm8,LmxPwOIS46V0sL3QLoqbYf4DHBT2,200,false
,KG9Pba3wEih0TBi9XNHT4pI25V42,-Nzi60zH5ycXLCx0UeSc,-Nzi88nW1AZ1lhfpa2Fr,AVp53dfgqlYPtSgr1LQ00Mk0ET63,300,false
,KG9Pba3wEih0TBi9XNHT4pI25V42,-NyPT5X9y1d-Hfu3x4Kk,-NyPVWdQ2KUiPkIKO_Am,O505xXcaUKUWaHk7LUR0zDI6zEh1,350,false
,KG9Pba3wEih0TBi9XNHT4pI25V42,-O08vVh_sepkZWWYtBMO,-O08z7-lRDWJ_U1pxQmd,i7bzszzAr8VX5kurcIPUha2p0hw1,200,false
,KG9Pba3wEih0TBi9XNHT4pI25V42,-O4A69NIczhDVSOvO-bK,-O4A8U3FC8qU3Y1efNl9,W4zM5c0XmNfv11Z7mXQIjkP1QE82,200,false
,KG9Pba3wEih0TBi9XNHT4pI25V42,-NcXs2ErKckrr89Qsdf_,-NcXszPYLYFyRWlyT2jh,TFp6M3p9lDcg38Ojwz2cO7Cc7L22,300,false
,KG9Pba3wEih0TBi9XNHT4pI25V42,-O2iRso2iyzmadqIfVbD,-O2iSiCZ3n_IDeoNr9Sj,8JZRLIfI6QfW22uNKMFKatEinlJ3,300,false
,KG9Pba3wEih0TBi9XNHT4pI25V42,-O2iCO-kMj1e3jLBhk3I,-O2iL265NrWC4taVxZJK,oXqZ0ZlQsLcTSPY8UOyukVWaYuG3,300,false
,KG9Pba3wEih0TBi9XNHT4pI25V42,-NzhxakpJN9VUjNaxkDc,-Nzi-RrZQA3MDrNj4_aB,Er5fiWkkaPQxFEfEeIutZJmCBJO2,200,false
,KG9Pba3wEih0TBi9XNHT4pI25V42,-O2iCO-kMj1e3jLBhk3I,-O2iNmXJPTawig22QnDh,oXqZ0ZlQsLcTSPY8UOyukVWaYuG3,200,false
,KG9Pba3wEih0TBi9XNHT4pI25V42,-NmC18VrA8CeragiVGu8,-NmC27wH2iBooJJtQVsG,sCi2zDAnGrcRNTFWcAbrnfZgtE43,300,false
,KG9Pba3wEih0TBi9XNHT4pI25V42,-O4A69NIczhDVSOvO-bK,-O4A6vAjWhTh4c66lozl,W4zM5c0XmNfv11Z7mXQIjkP1QE82,300,false
,KG9Pba3wEih0TBi9XNHT4pI25V42,-Nl7ldAXg-HYEu5UMywi,-Nl7qBavtazhQ8colX4P,IdtpilIV1ReygoXdEEC59xK1xQ13,300,false
,KG9Pba3wEih0TBi9XNHT4pI25V42,-Nl7ldAXg-HYEu5UMywi,-Nl7p0MqMy8IsomQju4P,IdtpilIV1ReygoXdEEC59xK1xQ13,300,false
,KG9Pba3wEih0TBi9XNHT4pI25V42,-Nt0dCRS9khradpJF5zd,-Nt0f94vJLCgbmyZBskU,qplc2WeZxyOyX9OiOu9r4wc4Ty42,200,false
,KG9Pba3wEih0TBi9XNHT4pI25V42,-O08vVh_sepkZWWYtBMO,-O08vsqJMhBWrNKTuKiS,rHBqvHNmRjUYgNEzwiBAf2cnMw83,300,false
,KG9Pba3wEih0TBi9XNHT4pI25V42,-NyPQFt54nlNBW3puYIA,-Nz7cLqwnDL_8r61vhry,5Cs2g0Sbaqbzc3QouNrhNMAyuZw2,200,false
,KG9Pba3wEih0TBi9XNHT4pI25V42,-O08vVh_sepkZWWYtBMO,-O08wzXd6faohj_jfp2v,rHBqvHNmRjUYgNEzwiBAf2cnMw83,300,false
,KG9Pba3wEih0TBi9XNHT4pI25V42,-O2iCO-kMj1e3jLBhk3I,-O2iLafmghSVp3Dx_p0V,oXqZ0ZlQsLcTSPY8UOyukVWaYuG3,300,false
,KG9Pba3wEih0TBi9XNHT4pI25V42,-Nzhrmf0iuIlOwL7OxlM,-NzhshtG_h2SG96Qhobf,JjgK259ffIYREcCanlAIYEvUhNr1,300,false
,KG9Pba3wEih0TBi9XNHT4pI25V42,-O7mAuYTaeRX9n5j3Nuy,-O7mCbz8FUXkz_fhCbWV,GP5WzDwvMIWkMcB1FhNOUnc2G462,280,false
,KG9Pba3wEih0TBi9XNHT4pI25V42,-O7mAuYTaeRX9n5j3Nuy,-O7mCxZoracdLc3kQdG3,GP5WzDwvMIWkMcB1FhNOUnc2G462,200,false
,KG9Pba3wEih0TBi9XNHT4pI25V42,-NyPT5X9y1d-Hfu3x4Kk,-NyPVtvtbnR17UIyzC3r,unx7JeTSE9cEGdBknsaCP6fOn722,350,false
,KG9Pba3wEih0TBi9XNHT4pI25V42,-NrG3htiQeFdwRH5uWDN,-NrG7hiiHcPoz2vy0EwF,5jq1fBOsi1Y1CJjR9sGHuP2FKZC2,200,false
,KG9Pba3wEih0TBi9XNHT4pI25V42,-Nc6Oh9qfA9ThSW4lbxv,-Nc6QJoVKBMMQDLBFT37,zcJSrLfrg3bBbGB3fK6cO7ry94j1,300,false
,KG9Pba3wEih0TBi9XNHT4pI25V42,-Nt0dCRS9khradpJF5zd,-Nt0dk7NbHkuHI8_DjTA,XAb7D1P7NdWN88ZFT3qKD0oE4vH2,300,false
,KG9Pba3wEih0TBi9XNHT4pI25V42,-O2iCO-kMj1e3jLBhk3I,-O2iDWVm9nO-tPeKLcN7,uYV0p92JicMGeBRtiTI74PRrjKx1,300,false
,KG9Pba3wEih0TBi9XNHT4pI25V42,-Nz8gz69kcJhEvw7yuiK,-Nz8tJF34Bks4HiPLqb3,qfu7IPPcCyXFoV1Gn1sToYfq5F63,40,false
,KG9Pba3wEih0TBi9XNHT4pI25V42,-Nc6UA9Hl08A7BFSuNAc,-Nc6V0X6OIQrhj8c84Mw,sMwYQeMyXnYj0NqSiCSNk9xyEZl1,300,false
,KG9Pba3wEih0TBi9XNHT4pI25V42,-NzhxakpJN9VUjNaxkDc,-Nzhy-U3IfUfhWdH4Rkg,UWY6AQ4AObTY1NHkSMYvekiRINW2,300,false
,KG9Pba3wEih0TBi9XNHT4pI25V42,-OFbG05KZY963l9O7GtV,-OFbI_ZoXccjgreXaQfO,MdwWNmzs8lNvUGDQkb6FRfBhNBU2,350,false
,KG9Pba3wEih0TBi9XNHT4pI25V42,-NrG3htiQeFdwRH5uWDN,-NrG6gnqT9gYK-sLjvsk,OrZ0NBYlz7hDonoUDk5pLDLxXnb2,350,false
,KG9Pba3wEih0TBi9XNHT4pI25V42,-NrG3htiQeFdwRH5uWDN,-NrG6DDd-74GAp1oKsuu,Qkg0A8sNoGPGzfeGqoXz8uTAhWj2,350,false
,KG9Pba3wEih0TBi9XNHT4pI25V42,-NikJ-sBrcRBMSF0jgFo,-NikNgf5aHOpzTioEp5m,ZEvfdu0EHJd4WIdQdEymlGh7GVi1,200,false
,KG9Pba3wEih0TBi9XNHT4pI25V42,-O2iRso2iyzmadqIfVbD,-O2iTSjZ967VPuSGP8ME,r81eaF32dKNviefmtozL4sD6eEk1,160,false
,KG9Pba3wEih0TBi9XNHT4pI25V42,-NrG3htiQeFdwRH5uWDN,-NrG7GTRtvB4HNgk14D_,OrZ0NBYlz7hDonoUDk5pLDLxXnb2,350,false
,KG9Pba3wEih0TBi9XNHT4pI25V42,-NmC18VrA8CeragiVGu8,-NmC2faARSqpAG6okYEj,0ndnEiX8NIggQ4zhgj9Mcycc4E12,300,false
,KG9Pba3wEih0TBi9XNHT4pI25V42,-Nzi60zH5ycXLCx0UeSc,-Nzi8rPTTrUnNE570wXg,hhSKsZdlrPNYKRuZl51Qbe47Q4y1,300,false
,KG9Pba3wEih0TBi9XNHT4pI25V42,-NyPQFt54nlNBW3puYIA,-Nz7c1mrSxF3AM0MkKgH,5Cs2g0Sbaqbzc3QouNrhNMAyuZw2,200,false
,KG9Pba3wEih0TBi9XNHT4pI25V42,-Nzi60zH5ycXLCx0UeSc,-Nzi8TU0ud-USRS0szII,hhSKsZdlrPNYKRuZl51Qbe47Q4y1,300,false
,KG9Pba3wEih0TBi9XNHT4pI25V42,-O-1Cyu-zBSt-dIFoblE,-O-1G956IpbNok5TxV4J,1gGzMXxa8mRjJmRNlZSekOpiBRJ3,180,false
,KG9Pba3wEih0TBi9XNHT4pI25V42,-O08Scdjlm_JdR5aBA18,-O08TtG2VAtQLTTWo-SH,LA88Zs2GA3MjzbJlxLWgdQJHhr12,300,false
,KG9Pba3wEih0TBi9XNHT4pI25V42,-MvW5gwdK1MOWBE3u7g6,-MvW5gwdK1MOWBE3u7g9,LOWtO3lz0JMEN7QwpYvzvq9eT4l2,300,false
,KG9Pba3wEih0TBi9XNHT4pI25V42,-Nz8TUgyp8W61kxo694b,-Nz8f8_jIjV8UNIsblAn,wYLVkZHlrkUeKpizMY1YvOhYRlA3,200,false
,KG9Pba3wEih0TBi9XNHT4pI25V42,-O5s3Rd4oAvokOAYSy_4,-O5s4nhsunLWLU2x5iy6,QpNynavALeRphpqE2Ce8iK4aCbv2,300,false
,KG9Pba3wEih0TBi9XNHT4pI25V42,-NikJ-sBrcRBMSF0jgFo,-NikKDH65SXjmZM5nj7g,4qpjHqWGxBVRircldaLbMbykVHs2,300,false
,KG9Pba3wEih0TBi9XNHT4pI25V42,-NzhxakpJN9VUjNaxkDc,-NzhyWA4d2EoN1Y6-s-G,UWY6AQ4AObTY1NHkSMYvekiRINW2,300,false
,KG9Pba3wEih0TBi9XNHT4pI25V42,-O2iCO-kMj1e3jLBhk3I,-O2iM7WL6efm2x91FehE,ob4ugESrjLXgStN1wypTCdkwbyD2,300,false
,KG9Pba3wEih0TBi9XNHT4pI25V42,-O7mAuYTaeRX9n5j3Nuy,-O7mDIl007mLEK73VuVW,GP5WzDwvMIWkMcB1FhNOUnc2G462,200,false
,KG9Pba3wEih0TBi9XNHT4pI25V42,-Nc6Oh9qfA9ThSW4lbxv,-Nc6QoTKmZndH7XV17Dj,PWZqrecnVed2BpWoN2LGyyIXpGq2,300,false
,KG9Pba3wEih0TBi9XNHT4pI25V42,-N_rA4HA5hBTTHe_RVRK,-N_rGE42e0Hz2PjYOWuX,i6ZyQ7oHPwdoA3JOyysUJf3ehp32,200,false
,KG9Pba3wEih0TBi9XNHT4pI25V42,-O2iCO-kMj1e3jLBhk3I,-O2iQT9IVA_zi2aTrcgv,oXqZ0ZlQsLcTSPY8UOyukVWaYuG3,200,false
,KG9Pba3wEih0TBi9XNHT4pI25V42,-Nzhrmf0iuIlOwL7OxlM,-Nzhua1YBM1aZltxsz5G,SBCFxvlEbUeNoImGuQE0gVnp3xz1,200,false
,KG9Pba3wEih0TBi9XNHT4pI25V42,-O2iCO-kMj1e3jLBhk3I,-O2iMdXQsSAmK0lohefp,oXqZ0ZlQsLcTSPY8UOyukVWaYuG3,300,false
,KG9Pba3wEih0TBi9XNHT4pI25V42,-OEO3uN0yOJDl9KJg_L-,-OEO4pg2vgOp_5oQttSc,lzE8rR5G2QPhwIctNWVuGoFjJfF3,300,false
,KG9Pba3wEih0TBi9XNHT4pI25V42,-NyPT5X9y1d-Hfu3x4Kk,-Nz7drF8d4_W3PsoXA87,O505xXcaUKUWaHk7LUR0zDI6zEh1,200,false
,KG9Pba3wEih0TBi9XNHT4pI25V42,-NikJ-sBrcRBMSF0jgFo,-NikLupoi1Vfxj9FOcG5,HwwCLQOuMPRpU3ojO0MsfefCcQm2,200,false
,KG9Pba3wEih0TBi9XNHT4pI25V42,-O08vVh_sepkZWWYtBMO,-O08zgddF2Y5hb31ggP0,xr352NoAzEWPSyf5cDo0ukziey03,200,false
,KG9Pba3wEih0TBi9XNHT4pI25V42,-O2OF229tBkgX-nhToQ8,-O2OHjqDU5YM-vl-AQut,3cuz9q8398XE9veVjbYbmSLZCqs2,200,false
,KG9Pba3wEih0TBi9XNHT4pI25V42,-Nc6UA9Hl08A7BFSuNAc,-Nc6VTOrX-7LXkDnK1PC,TJMCBDbGNaTks43MRktf2ocWEce2,300,false
,KG9Pba3wEih0TBi9XNHT4pI25V42,-Nzhrmf0iuIlOwL7OxlM,-NzhtvWUSkU3Hchvt1Fp,JjgK259ffIYREcCanlAIYEvUhNr1,300,false
,KG9Pba3wEih0TBi9XNHT4pI25V42,-O08Scdjlm_JdR5aBA18,-O08VSmx--lFsgHdaDAi,rTZ82KNjL9MvtTXMxwbB9zvwdwd2,300,false
,KG9Pba3wEih0TBi9XNHT4pI25V42,-O5s3Rd4oAvokOAYSy_4,-O5s5A6AG8VhjGy-P_fb,sCbcFY1Fx1cdFwYN3qYCiFlcQNb2,300,false
,KG9Pba3wEih0TBi9XNHT4pI25V42,-Nl7ldAXg-HYEu5UMywi,-Nl7nGED9NfHgbo65J6t,L3do9uHH8QYDUOMtsfuLKzc8g2X2,300,false
,KG9Pba3wEih0TBi9XNHT4pI25V42,-O2iCO-kMj1e3jLBhk3I,-O2iN9OiR5xZHtqs2g5P,bBtEwz1TqxdETHXLxg0TGiccSmx1,300,false
,KG9Pba3wEih0TBi9XNHT4pI25V42,-O85f_8vXT7G7-THmWlc,-O85h154qc3W2TTPFwQ6,y9qvolAXr7gMyva1KIcJBE755O22,300,false
,KG9Pba3wEih0TBi9XNHT4pI25V42,-NmC18VrA8CeragiVGu8,-NmC4TFQCahBPwfbBz5Z,9S74H19UB6QAITTRDiRcwB4cVif2,200,false
,KG9Pba3wEih0TBi9XNHT4pI25V42,-O2iRso2iyzmadqIfVbD,-O2iT4IXCgbFFbsoUOyi,r81eaF32dKNviefmtozL4sD6eEk1,300,false
,KG9Pba3wEih0TBi9XNHT4pI25V42,-Nz8gz69kcJhEvw7yuiK,-Nz8sbgEhTGqoDwMyKrG,qfu7IPPcCyXFoV1Gn1sToYfq5F63,260,false
,KG9Pba3wEih0TBi9XNHT4pI25V42,-O4AuNoq6t8ZB3Y97B8z,-O4E_Dfaz8ma9_RHg-K_,c7srj80ovoVtqSOwZBm1ppBO68a2,200,false
,KG9Pba3wEih0TBi9XNHT4pI25V42,-OEO3uN0yOJDl9KJg_L-,-OEO5aOOCNSLgFNlamU2,lzE8rR5G2QPhwIctNWVuGoFjJfF3,160,false
,KG9Pba3wEih0TBi9XNHT4pI25V42,-O7mAuYTaeRX9n5j3Nuy,-O7mCHN-I06WYMsxafGK,GP5WzDwvMIWkMcB1FhNOUnc2G462,280,false
,KG9Pba3wEih0TBi9XNHT4pI25V42,-NzhxakpJN9VUjNaxkDc,-NzhysuNuXLLjQPuspd-,yrkJoIfYniVPyVIz7it4OmO00fo1,300,false
,KG9Pba3wEih0TBi9XNHT4pI25V42,-NyPT5X9y1d-Hfu3x4Kk,-NyPVWdQ2KUiPkIKO_Am,unx7JeTSE9cEGdBknsaCP6fOn722,350,false
,KG9Pba3wEih0TBi9XNHT4pI25V42,-NrG3htiQeFdwRH5uWDN,-NrG8p8JAWM6a_keuTXq,hOpNbvsOEKNfwilwKRtUWYtBo8o2,200,false
,KG9Pba3wEih0TBi9XNHT4pI25V42,-Nz8TUgyp8W61kxo694b,-Nz8dnIMrrPRovQJ2Gm8,1gLu7wSD9TOAJofnkjnY3PE5qPX2,200,false
,KG9Pba3wEih0TBi9XNHT4pI25V42,-NzhxakpJN9VUjNaxkDc,-NzhzJUAI8an8rhRhrHl,LxFkjmkK8wYfW2sNLUWZqHOcOAp2,300,false
,KG9Pba3wEih0TBi9XNHT4pI25V42,-NikJ-sBrcRBMSF0jgFo,-NikMSDkW9Q7OwEx9i50,ZEvfdu0EHJd4WIdQdEymlGh7GVi1,200,false
,KG9Pba3wEih0TBi9XNHT4pI25V42,-NikJ-sBrcRBMSF0jgFo,-NikKlkgG8STENhi1-RG,4qpjHqWGxBVRircldaLbMbykVHs2,300,false
,KG9Pba3wEih0TBi9XNHT4pI25V42,-N8wrJ7SvHAC_pStTMIM,-N8wtlIzDIeb_bCLJrYv,3lM1ylCDoQPvjWaVjEnzkW2V9Zt1,300,false
,KG9Pba3wEih0TBi9XNHT4pI25V42,-NikJ-sBrcRBMSF0jgFo,-NikMSDkW9Q7OwEx9i50,ZEvfdu0EHJd4WIdQdEymlGh7GVi1,200,false
,KG9Pba3wEih0TBi9XNHT4pI25V42,-O08vVh_sepkZWWYtBMO,-O08yfZdlcZXR0v-MhGe,fnnzMRRUyXNYve5i6MbS6uzzM4i2,200,false
,KG9Pba3wEih0TBi9XNHT4pI25V42,-NyPT5X9y1d-Hfu3x4Kk,-NyPWC_RvPFq8GLBm-5W,unx7JeTSE9cEGdBknsaCP6fOn722,350,false
,KG9Pba3wEih0TBi9XNHT4pI25V42,-Nc6Oh9qfA9ThSW4lbxv,-Nc6REiQl4nV4AXPxknu,wNMi0sQICfPobggHJEsmtLh8zv32,300,false
,KG9Pba3wEih0TBi9XNHT4pI25V42,-O2iCO-kMj1e3jLBhk3I,-O2iPhLBpDuvHRCf86yC,oXqZ0ZlQsLcTSPY8UOyukVWaYuG3,200,false
,KG9Pba3wEih0TBi9XNHT4pI25V42,-O08Scdjlm_JdR5aBA18,-O08WDcPi1su6xlGGOtO,rTZ82KNjL9MvtTXMxwbB9zvwdwd2,200,false
,KG9Pba3wEih0TBi9XNHT4pI25V42,-O08Scdjlm_JdR5aBA18,-O08V9lYBzmXGZyY06NI,rTZ82KNjL9MvtTXMxwbB9zvwdwd2,300,false
,KG9Pba3wEih0TBi9XNHT4pI25V42,-O08Scdjlm_JdR5aBA18,-O08UN7JJcEyY_Wy3PcR,rTZ82KNjL9MvtTXMxwbB9zvwdwd2,300,false
,KG9Pba3wEih0TBi9XNHT4pI25V42,-O2iCO-kMj1e3jLBhk3I,-O2iMdXQsSAmK0lohefp,oXqZ0ZlQsLcTSPY8UOyukVWaYuG3,300,false
,KG9Pba3wEih0TBi9XNHT4pI25V42,-NmC18VrA8CeragiVGu8,-NmC3zHKWpUgOPi-vIMv,7reSsOAwiGYNTbrV0BUCIqJiffO2,300,false
,KG9Pba3wEih0TBi9XNHT4pI25V42,-O08vVh_sepkZWWYtBMO,-O08xSuDFCHuFY5S4x7d,fnnzMRRUyXNYve5i6MbS6uzzM4i2,300,false
,KG9Pba3wEih0TBi9XNHT4pI25V42,-O2OF229tBkgX-nhToQ8,-O2OGThYnuW1vpBn6HC0,EOENf8Tcs7R6HShGKP7BRGbjgU03,300,false
,KG9Pba3wEih0TBi9XNHT4pI25V42,-O7mAuYTaeRX9n5j3Nuy,-O7mCxZoracdLc3kQdG3,GP5WzDwvMIWkMcB1FhNOUnc2G462,200,false
,KG9Pba3wEih0TBi9XNHT4pI25V42,-NyPT5X9y1d-Hfu3x4Kk,-NyPVtvtbnR17UIyzC3r,unx7JeTSE9cEGdBknsaCP6fOn722,350,false
,KG9Pba3wEih0TBi9XNHT4pI25V42,-O2OF229tBkgX-nhToQ8,-O2OG6he4G6anOmfvIyZ,EOENf8Tcs7R6HShGKP7BRGbjgU03,300,false
,KG9Pba3wEih0TBi9XNHT4pI25V42,-O2OF229tBkgX-nhToQ8,-O2OFlD0FivMgNFq6m0C,kKxw7qKQXYMYqQsMSou58mJSpsH2,300,false
,KG9Pba3wEih0TBi9XNHT4pI25V42,-Nzhrmf0iuIlOwL7OxlM,-Nzht5CMNinGqP-HpxQX,JjgK259ffIYREcCanlAIYEvUhNr1,300,false
,KG9Pba3wEih0TBi9XNHT4pI25V42,-MvW5gwdK1MOWBE3u7g6,-MvW5gweqPowDXKXA3c1,K3LppOWxRJfoVUrUDoEHAq0WzbZ2,200,false
,KG9Pba3wEih0TBi9XNHT4pI25V42,-O7mAuYTaeRX9n5j3Nuy,-O7mCbz8FUXkz_fhCbWV,GP5WzDwvMIWkMcB1FhNOUnc2G462,280,false
,KG9Pba3wEih0TBi9XNHT4pI25V42,-O2iRso2iyzmadqIfVbD,-O2iUS2MXzci6rSo-gDh,SCmEHuEkEWeSrfMfdlnDk6bAR082,160,false
,KG9Pba3wEih0TBi9XNHT4pI25V42,-NyPT5X9y1d-Hfu3x4Kk,-Nz7dXBVkcVnkE1bXDaR,unx7JeTSE9cEGdBknsaCP6fOn722,200,false
,KG9Pba3wEih0TBi9XNHT4pI25V42,-O08Scdjlm_JdR5aBA18,-O08WetfDgMEbuIKjnxo,rTZ82KNjL9MvtTXMxwbB9zvwdwd2,200,false
,KG9Pba3wEih0TBi9XNHT4pI25V42,-O08Scdjlm_JdR5aBA18,-O08TRGdveTR1ACscEE-,rTZ82KNjL9MvtTXMxwbB9zvwdwd2,300,false
,KG9Pba3wEih0TBi9XNHT4pI25V42,-Nt0dCRS9khradpJF5zd,-Nt0e8w14Zy1GHbUCF5T,RdMVknrFqNOx3whSL7EsLggdrqw1,300,false
,KG9Pba3wEih0TBi9XNHT4pI25V42,-NrG3htiQeFdwRH5uWDN,-NrG9jnOfMjfAqS3CimW,OrZ0NBYlz7hDonoUDk5pLDLxXnb2,200,false
,KG9Pba3wEih0TBi9XNHT4pI25V42,-NrG3htiQeFdwRH5uWDN,-NrG8DuY47gGAxT5u_Bh,Qkg0A8sNoGPGzfeGqoXz8uTAhWj2,200,false
,KG9Pba3wEih0TBi9XNHT4pI25V42,-N8wrJ7SvHAC_pStTMIM,-N8wuVNETeVU9awihAIt,tuV99QWRz4QNgiiJpTFUDGz9Yao1,200,false
,KG9Pba3wEih0TBi9XNHT4pI25V42,-Nl7ldAXg-HYEu5UMywi,-Nl7p0MqMy8IsomQju4P,Z5yi8cl17kgZIU370j5OkTXZR252,300,false
,KG9Pba3wEih0TBi9XNHT4pI25V42,-NZZuJzST4E62TJ_gPvq,-N_rrSXRo2PyFR5D6qjQ,iMnGrjvKewPyV3mMMJnM324QOJg1,300,false
,KG9Pba3wEih0TBi9XNHT4pI25V42,-Nz8TUgyp8W61kxo694b,-Nz8dGH2Lx9TWPKsCp3L,LmxPwOIS46V0sL3QLoqbYf4DHBT2,350,false
,KG9Pba3wEih0TBi9XNHT4pI25V42,-NzhxakpJN9VUjNaxkDc,-O3gb-6Y39mzH6rLXIV0,yrkJoIfYniVPyVIz7it4OmO00fo1,300,false
,KG9Pba3wEih0TBi9XNHT4pI25V42,-Nt0dCRS9khradpJF5zd,-Nt0dk7NbHkuHI8_DjTA,fPrvSQziLXWI86vs2WL6U9mWZ2i1,300,false
,KG9Pba3wEih0TBi9XNHT4pI25V42,-O4A69NIczhDVSOvO-bK,-O4A7JRtUlLTg8YqAY37,W4zM5c0XmNfv11Z7mXQIjkP1QE82,300,false
,KG9Pba3wEih0TBi9XNHT4pI25V42,-O4A69NIczhDVSOvO-bK,-O4A7eTwQIItyzde7fnW,W4zM5c0XmNfv11Z7mXQIjkP1QE82,300,false
,KG9Pba3wEih0TBi9XNHT4pI25V42,-Nzi60zH5ycXLCx0UeSc,-O32q_Rbs-gVU6xPXJpM,AVp53dfgqlYPtSgr1LQ00Mk0ET63,200,false
,KG9Pba3wEih0TBi9XNHT4pI25V42,-Nt0dCRS9khradpJF5zd,-Nt0eVtg7KrpUToZc6p7,bkHP51EPwYgHIYN0zq918di8JL93,300,false
,KG9Pba3wEih0TBi9XNHT4pI25V42,-Nzi60zH5ycXLCx0UeSc,-O32r2YMM4bva9lA83_-,AVp53dfgqlYPtSgr1LQ00Mk0ET63,200,false
,KG9Pba3wEih0TBi9XNHT4pI25V42,-Ny0cIPTcro557kRNPEh,-Ny0d9INQaoDTWXMFBfe,ecPETjLkj8TPRy2PppjGXNv9OuJ3,350,false
,KG9Pba3wEih0TBi9XNHT4pI25V42,-Nz8gz69kcJhEvw7yuiK,-Nz8rmI_FZ1gY_-RtCgA,qfu7IPPcCyXFoV1Gn1sToYfq5F63,260,false
,KG9Pba3wEih0TBi9XNHT4pI25V42,-Ny0cIPTcro557kRNPEh,-NyPTZvfnqRfYZsi6foZ,ecPETjLkj8TPRy2PppjGXNv9OuJ3,350,false
,KG9Pba3wEih0TBi9XNHT4pI25V42,-NikJ-sBrcRBMSF0jgFo,-NikLFJvnMyG7jfT-dK8,sGaCQWmciOR0S4pwqGMz2LArmZd2,300,false
,KG9Pba3wEih0TBi9XNHT4pI25V42,-Nzhrmf0iuIlOwL7OxlM,-NzhwG4iOys6PHC31sma,JjgK259ffIYREcCanlAIYEvUhNr1,200,false
,KG9Pba3wEih0TBi9XNHT4pI25V42,-Nc6UA9Hl08A7BFSuNAc,-Nc6Ue9E8YtzB0vHdq7r,awWrKAlk9PXdGkdhiSkXaLWbi2x2,300,false
,KG9Pba3wEih0TBi9XNHT4pI25V42,-Nc6Oh9qfA9ThSW4lbxv,-Nc6StWMFAWQQU6Eb-GU,F8CAJm7GVFb1HNYfSQguzeqywtt1,200,false
,KG9Pba3wEih0TBi9XNHT4pI25V42,-Nc6Oh9qfA9ThSW4lbxv,-Nc6TLyA3bUkpPM7i2JY,F8CAJm7GVFb1HNYfSQguzeqywtt1,200,false
,KG9Pba3wEih0TBi9XNHT4pI25V42,-N_rA4HA5hBTTHe_RVRK,-N_rS8ZhDu5VOuFPVl4D,OtY5euIkGsQtE9sRW8AlMpG0Cms1,300,false
,KG9Pba3wEih0TBi9XNHT4pI25V42,-NyPT5X9y1d-Hfu3x4Kk,-Nz7drF8d4_W3PsoXA87,O505xXcaUKUWaHk7LUR0zDI6zEh1,200,false
,KG9Pba3wEih0TBi9XNHT4pI25V42,-NyPQFt54nlNBW3puYIA,-NyPV7vWjYaxVX_1Gzfo,5Cs2g0Sbaqbzc3QouNrhNMAyuZw2,350,false
,KG9Pba3wEih0TBi9XNHT4pI25V42,-O2-oGHz11fN1Dyp-42c,-O2-pmynfFSPbXckcgD4,CYNS0eqgyDYBWBSgdZDGRj2cfh43,280,false
,KG9Pba3wEih0TBi9XNHT4pI25V42,-NrG3htiQeFdwRH5uWDN,-NrG7GTRtvB4HNgk14D_,Tv9CZfUsXVatKDAhnEcgo2CuvkI2,350,false
,KG9Pba3wEih0TBi9XNHT4pI25V42,-NyPQFt54nlNBW3puYIA,-NyPUlupQ6jBxywhUH63,5Cs2g0Sbaqbzc3QouNrhNMAyuZw2,350,false
,KG9Pba3wEih0TBi9XNHT4pI25V42,-NcXs2ErKckrr89Qsdf_,-NcXszPYLYFyRWlyT2jh,Em5ikAsNyIWtFq0uXd2kkiKGj9o2,300,false
,KG9Pba3wEih0TBi9XNHT4pI25V42,-O2OF229tBkgX-nhToQ8,-O2OGThYnuW1vpBn6HC0,EOENf8Tcs7R6HShGKP7BRGbjgU03,300,false
,KG9Pba3wEih0TBi9XNHT4pI25V42,-NcXs2ErKckrr89Qsdf_,-NcY5rPmaKnN70Drwi4L,TFp6M3p9lDcg38Ojwz2cO7Cc7L22,200,false
,KG9Pba3wEih0TBi9XNHT4pI25V42,-O2iRso2iyzmadqIfVbD,-O2iTpSXiRJciOBtrbQr,8JZRLIfI6QfW22uNKMFKatEinlJ3,160,false
,KG9Pba3wEih0TBi9XNHT4pI25V42,-O7mAuYTaeRX9n5j3Nuy,-O7mCHN-I06WYMsxafGK,GP5WzDwvMIWkMcB1FhNOUnc2G462,280,false
,KG9Pba3wEih0TBi9XNHT4pI25V42,-O2OF229tBkgX-nhToQ8,-O2OG6he4G6anOmfvIyZ,kKxw7qKQXYMYqQsMSou58mJSpsH2,300,false
,KG9Pba3wEih0TBi9XNHT4pI25V42,-NmC7GdJysF695FFzZap,-NmC8seXEhZzMfrk_a5t,TQoKihixNcYK22ht2n8bvhRejkg1,300,false
,KG9Pba3wEih0TBi9XNHT4pI25V42,-NmC18VrA8CeragiVGu8,-NmC5J_583iJk4ArlvBh,sCi2zDAnGrcRNTFWcAbrnfZgtE43,200,false
,KG9Pba3wEih0TBi9XNHT4pI25V42,-NmC18VrA8CeragiVGu8,-NmC27wH2iBooJJtQVsG,sCi2zDAnGrcRNTFWcAbrnfZgtE43,300,false
,KG9Pba3wEih0TBi9XNHT4pI25V42,-O2iCO-kMj1e3jLBhk3I,-O2iP12-s0wTyHg-nNUr,uYV0p92JicMGeBRtiTI74PRrjKx1,200,false
,KG9Pba3wEih0TBi9XNHT4pI25V42,-NcXs2ErKckrr89Qsdf_,-NcXtZe9WkI7UNKrLLhZ,Em5ikAsNyIWtFq0uXd2kkiKGj9o2,300,false
,KG9Pba3wEih0TBi9XNHT4pI25V42,-Nzhrmf0iuIlOwL7OxlM,-NzhshtG_h2SG96Qhobf,JjgK259ffIYREcCanlAIYEvUhNr1,300,false
,KG9Pba3wEih0TBi9XNHT4pI25V42,-O3lopehLKmdtWWFSRE8,-O3lpHnvDSewCQujirKL,hmSLTcGlNgXwgzDaFAeIPMEuHvo1,500,false
,KG9Pba3wEih0TBi9XNHT4pI25V42,-O2iCO-kMj1e3jLBhk3I,-O2iRFgigzRkqV9VHDqr,oXqZ0ZlQsLcTSPY8UOyukVWaYuG3,200,false
,KG9Pba3wEih0TBi9XNHT4pI25V42,-O7mAuYTaeRX9n5j3Nuy,-O7mDIl007mLEK73VuVW,GP5WzDwvMIWkMcB1FhNOUnc2G462,200,false
,KG9Pba3wEih0TBi9XNHT4pI25V42,-Nzhrmf0iuIlOwL7OxlM,-NzhtT8zbN9PIqu0RgQ0,JjgK259ffIYREcCanlAIYEvUhNr1,300,false
,KG9Pba3wEih0TBi9XNHT4pI25V42,-O2iRso2iyzmadqIfVbD,-O2iSJxW236KMyApWe0f,ZjMbMTamNKUdwaLlBS8EOIj3vYl1,300,false
,KG9Pba3wEih0TBi9XNHT4pI25V42,-Nzhrmf0iuIlOwL7OxlM,-NzhvUB-VJFOqmgk1mm9,JjgK259ffIYREcCanlAIYEvUhNr1,200,false
,KG9Pba3wEih0TBi9XNHT4pI25V42,-O2iRso2iyzmadqIfVbD,-O2iSiCZ3n_IDeoNr9Sj,r81eaF32dKNviefmtozL4sD6eEk1,300,false
,KG9Pba3wEih0TBi9XNHT4pI25V42,-MvW5gwdK1MOWBE3u7g6,-MvW5gwdK1MOWBE3u7g8,zuVwQRoZxxTgJNxlzYa2dIIwwna2,300,false
,KG9Pba3wEih0TBi9XNHT4pI25V42,-O85f_8vXT7G7-THmWlc,-O85giMK_SLtmAlEpEj0,oZ9133OocDhw0xNoA8zVPsiI5LE2,300,false
,KG9Pba3wEih0TBi9XNHT4pI25V42,-Nc6Oh9qfA9ThSW4lbxv,-Nc6SB-qZZbutYeS2rPK,zcJSrLfrg3bBbGB3fK6cO7ry94j1,200,false
,KG9Pba3wEih0TBi9XNHT4pI25V42,-Nl7ldAXg-HYEu5UMywi,-Nl7qBavtazhQ8colX4P,L3do9uHH8QYDUOMtsfuLKzc8g2X2,300,false
,KG9Pba3wEih0TBi9XNHT4pI25V42,-MvW5gwdK1MOWBE3u7g6,-MvW5gwdK1MOWBE3u7gA,LOWtO3lz0JMEN7QwpYvzvq9eT4l2,200,false
,KG9Pba3wEih0TBi9XNHT4pI25V42,-Nl7ldAXg-HYEu5UMywi,-Nl7qo73b_M6fJHtWMeB,L3do9uHH8QYDUOMtsfuLKzc8g2X2,200,false
,KG9Pba3wEih0TBi9XNHT4pI25V42,-NoVk5Kd7SDp2FKbe2Jr,-NoVmLgFP3ev5v11tfAY,5thBaBZMEmdtt6Ny7mY60v3redb2,300,false
,KG9Pba3wEih0TBi9XNHT4pI25V42,-Nz8TUgyp8W61kxo694b,-Nz8cfhT4Qs6i-8a4-EE,UztBioIlzPREvloBiUZoLDv9NRD3,350,false
,KG9Pba3wEih0TBi9XNHT4pI25V42,-NrG3htiQeFdwRH5uWDN,-NrG5lwA4LweBQPkhqGB,7FXKBehhkvW9o2l0b53Vem1rqSj1,350,false
,KG9Pba3wEih0TBi9XNHT4pI25V42,-NrG3htiQeFdwRH5uWDN,-NrG6DDd-74GAp1oKsuu,7FXKBehhkvW9o2l0b53Vem1rqSj1,350,false
,KG9Pba3wEih0TBi9XNHT4pI25V42,-OEO3uN0yOJDl9KJg_L-,-OEO4Qi32j5u1BTk8Ne7,lzE8rR5G2QPhwIctNWVuGoFjJfF3,300,false
,KG9Pba3wEih0TBi9XNHT4pI25V42,-Nz8gz69kcJhEvw7yuiK,-Nz8syGdcIwPn3fkc82I,qfu7IPPcCyXFoV1Gn1sToYfq5F63,260,false
,KG9Pba3wEih0TBi9XNHT4pI25V42,-O3lOj3T61E_5vERBmtE,-O3lP_RVoCHKUneAFPLU,BpUIWVcu2cQUfJwjJG0SiCNGjd92,300,false
,KG9Pba3wEih0TBi9XNHT4pI25V42,-Nz8gz69kcJhEvw7yuiK,-Nz8tbsNgSMTHHogrwO3,qfu7IPPcCyXFoV1Gn1sToYfq5F63,40,false
,KG9Pba3wEih0TBi9XNHT4pI25V42,-O3lOj3T61E_5vERBmtE,-O3lRCxnD8DGzMFzPDjw,BpUIWVcu2cQUfJwjJG0SiCNGjd92,300,false
,KG9Pba3wEih0TBi9XNHT4pI25V42,-NoVk5Kd7SDp2FKbe2Jr,-NoVmeZVmmgYNxANZALf,5thBaBZMEmdtt6Ny7mY60v3redb2,300,false
,KG9Pba3wEih0TBi9XNHT4pI25V42,-Nc6Oh9qfA9ThSW4lbxv,-Nc6QJoVKBMMQDLBFT37,MDNaV6SWkahnRy5XKvNZvZq3N4o2,300,false
,KG9Pba3wEih0TBi9XNHT4pI25V42,-O2iCO-kMj1e3jLBhk3I,-O2iDWVm9nO-tPeKLcN7,oXqZ0ZlQsLcTSPY8UOyukVWaYuG3,300,false
,KG9Pba3wEih0TBi9XNHT4pI25V42,-O4A69NIczhDVSOvO-bK,-O4A85C6M_apBWLikX84,W4zM5c0XmNfv11Z7mXQIjkP1QE82,200,false
,KG9Pba3wEih0TBi9XNHT4pI25V42,-NrG3htiQeFdwRH5uWDN,-NrG6gnqT9gYK-sLjvsk,yBkq8BoZduZmG34kKn16f6hbOW92,350,false
,KG9Pba3wEih0TBi9XNHT4pI25V42,-Nzi60zH5ycXLCx0UeSc,-Nzi7o-Lf_jPEMf3Qg5K,AVp53dfgqlYPtSgr1LQ00Mk0ET63,300,false
,KG9Pba3wEih0TBi9XNHT4pI25V42,-O5s3Rd4oAvokOAYSy_4,-O5s5bgEy8Y2nxuGvO3_,QpNynavALeRphpqE2Ce8iK4aCbv2,200,false
,KG9Pba3wEih0TBi9XNHT4pI25V42,-O2OF229tBkgX-nhToQ8,-O2OFlD0FivMgNFq6m0C,0AVJzqhE1SdmALfANXQgoIAhRPi2,300,false
,KG9Pba3wEih0TBi9XNHT4pI25V42,-Nz8gz69kcJhEvw7yuiK,-Nz8sbgEhTGqoDwMyKrG,qfu7IPPcCyXFoV1Gn1sToYfq5F63,260,false
,KG9Pba3wEih0TBi9XNHT4pI25V42,-O2iCO-kMj1e3jLBhk3I,-O2iLafmghSVp3Dx_p0V,oXqZ0ZlQsLcTSPY8UOyukVWaYuG3,300,false
,KG9Pba3wEih0TBi9XNHT4pI25V42,-NzhxakpJN9VUjNaxkDc,-NzhyWA4d2EoN1Y6-s-G,Ma0Tr1rEIhZOLG6huE8O0igXaYn1,300,false
,KG9Pba3wEih0TBi9XNHT4pI25V42,-NyPT5X9y1d-Hfu3x4Kk,-NyPVWdQ2KUiPkIKO_Am,MKx3JsnjRQTCRyToR8vlQn4EJq72,350,false
,KG9Pba3wEih0TBi9XNHT4pI25V42,-Ny0cIPTcro557kRNPEh,-NyPTvUvGo2nhGT92rMO,ecPETjLkj8TPRy2PppjGXNv9OuJ3,350,false
,KG9Pba3wEih0TBi9XNHT4pI25V42,-O7mAuYTaeRX9n5j3Nuy,-O7mCbz8FUXkz_fhCbWV,GP5WzDwvMIWkMcB1FhNOUnc2G462,280,false
,KG9Pba3wEih0TBi9XNHT4pI25V42,-O4A69NIczhDVSOvO-bK,-O4A6vAjWhTh4c66lozl,W4zM5c0XmNfv11Z7mXQIjkP1QE82,300,false
,KG9Pba3wEih0TBi9XNHT4pI25V42,-O08vVh_sepkZWWYtBMO,-O08vsqJMhBWrNKTuKiS,GJkd1QRLzPa7iy2uP5nLTbgorXC2,300,false
,KG9Pba3wEih0TBi9XNHT4pI25V42,-MvW5gwdK1MOWBE3u7g6,-MvW5gwdK1MOWBE3u7g9,2L9Wyk6qUgU12Bgs7IkppJ8daa72,300,false
,KG9Pba3wEih0TBi9XNHT4pI25V42,-O08Scdjlm_JdR5aBA18,-O08XTpLd6NlmtuTwnpD,LA88Zs2GA3MjzbJlxLWgdQJHhr12,200,false
,KG9Pba3wEih0TBi9XNHT4pI25V42,-NoVk5Kd7SDp2FKbe2Jr,-NoVlNhdzUovGOIM7iut,y118sBnpPBOd3BNUy19ThzUCO5h1,300,false
,KG9Pba3wEih0TBi9XNHT4pI25V42,-Nz8TUgyp8W61kxo694b,-Nz8bngvOXQWuCw_YItd,KLJeD0bWtldPWiFfKDWevXEvwXE2,350,false
,KG9Pba3wEih0TBi9XNHT4pI25V42,-O08vVh_sepkZWWYtBMO,-O08wzXd6faohj_jfp2v,dxzaDCVwoPUQLeo2kATNFIldhbA3,300,false
,KG9Pba3wEih0TBi9XNHT4pI25V42,-O2iCO-kMj1e3jLBhk3I,-O2iM7WL6efm2x91FehE,oXqZ0ZlQsLcTSPY8UOyukVWaYuG3,300,false
,KG9Pba3wEih0TBi9XNHT4pI25V42,-Nz8TUgyp8W61kxo694b,-Nz8cI8DRjzOud1NKXDp,8QoywB7mNogARq2X0E5OnfE0klw2,350,false
,KG9Pba3wEih0TBi9XNHT4pI25V42,-NyPT5X9y1d-Hfu3x4Kk,-Nz7dXBVkcVnkE1bXDaR,unx7JeTSE9cEGdBknsaCP6fOn722,200,false
,KG9Pba3wEih0TBi9XNHT4pI25V42,-NoVk5Kd7SDp2FKbe2Jr,-NoVl05cwblKySdgw3ES,5thBaBZMEmdtt6Ny7mY60v3redb2,300,false
,KG9Pba3wEih0TBi9XNHT4pI25V42,-Nc6UA9Hl08A7BFSuNAc,-Nc6Wd3VTLEeMHlv4qLp,TJMCBDbGNaTks43MRktf2ocWEce2,200,false
,KG9Pba3wEih0TBi9XNHT4pI25V42,-Ny0cIPTcro557kRNPEh,-Ny0d9INQaoDTWXMFBfe,ecPETjLkj8TPRy2PppjGXNv9OuJ3,350,false
,KG9Pba3wEih0TBi9XNHT4pI25V42,-Nc6UA9Hl08A7BFSuNAc,-Nc6V0X6OIQrhj8c84Mw,SNk5mGalUhabUYFgwTNMSzQeUrF2,300,false
,KG9Pba3wEih0TBi9XNHT4pI25V42,-Ny0cIPTcro557kRNPEh,-Nz7bEth_Zn7YTFueRHu,ecPETjLkj8TPRy2PppjGXNv9OuJ3,200,false
,KG9Pba3wEih0TBi9XNHT4pI25V42,-O85f_8vXT7G7-THmWlc,-O85hV3L99V3Phl3GM9W,oZ9133OocDhw0xNoA8zVPsiI5LE2,200,false
,KG9Pba3wEih0TBi9XNHT4pI25V42,-Nz8TUgyp8W61kxo694b,-Nz8dGH2Lx9TWPKsCp3L,8QoywB7mNogARq2X0E5OnfE0klw2,350,false
,KG9Pba3wEih0TBi9XNHT4pI25V42,-O7mAuYTaeRX9n5j3Nuy,-O7mCxZoracdLc3kQdG3,GP5WzDwvMIWkMcB1FhNOUnc2G462,200,false
,KG9Pba3wEih0TBi9XNHT4pI25V42,-Nz8TUgyp8W61kxo694b,-Nz8f8_jIjV8UNIsblAn,LmxPwOIS46V0sL3QLoqbYf4DHBT2,200,false
,KG9Pba3wEih0TBi9XNHT4pI25V42,-NyPQFt54nlNBW3puYIA,-Nz7c1mrSxF3AM0MkKgH,5Cs2g0Sbaqbzc3QouNrhNMAyuZw2,200,false
,KG9Pba3wEih0TBi9XNHT4pI25V42,-NyVaxBHWh_fOMAilGLc,-NyZC8-DHEABcexQ52Ih,IMUphzIjrXbFJrCDY0fZ9DyRMMA3,350,false
,KG9Pba3wEih0TBi9XNHT4pI25V42,-NikJ-sBrcRBMSF0jgFo,-NikKDH65SXjmZM5nj7g,4qpjHqWGxBVRircldaLbMbykVHs2,300,false
,KG9Pba3wEih0TBi9XNHT4pI25V42,-Nt0dCRS9khradpJF5zd,-Nt0f94vJLCgbmyZBskU,RdMVknrFqNOx3whSL7EsLggdrqw1,200,false
,KG9Pba3wEih0TBi9XNHT4pI25V42,-NyZD8bzYBvRicskkW1I,-NyZDYOxjq2OMCHPQHm8,LiFOrD73diQxqWFALmlbObJVzaD2,350,false
,KG9Pba3wEih0TBi9XNHT4pI25V42,-NmC18VrA8CeragiVGu8,-NmC6Txocmq8GZ4cO7H6,0ndnEiX8NIggQ4zhgj9Mcycc4E12,200,false
,KG9Pba3wEih0TBi9XNHT4pI25V42,-NmC18VrA8CeragiVGu8,-NmC2faARSqpAG6okYEj,4wOEzDj1y6RhJIH9KrU8ir13ogA3,300,false
,KG9Pba3wEih0TBi9XNHT4pI25V42,-O5s3Rd4oAvokOAYSy_4,-O5s5wmBzsFhIjkD7DYb,sCbcFY1Fx1cdFwYN3qYCiFlcQNb2,200,false
,KG9Pba3wEih0TBi9XNHT4pI25V42,-NyPQFt54nlNBW3puYIA,-NyPV7vWjYaxVX_1Gzfo,5Cs2g0Sbaqbzc3QouNrhNMAyuZw2,350,false
,KG9Pba3wEih0TBi9XNHT4pI25V42,-NyPQFt54nlNBW3puYIA,-NyPURUWwgu2qwP-H-fL,5Cs2g0Sbaqbzc3QouNrhNMAyuZw2,350,false
,KG9Pba3wEih0TBi9XNHT4pI25V42,-O08vVh_sepkZWWYtBMO,-O08wG3qCuMaBM2jUzna,Aemt3120reUA9gMtmjSq2MQXZjx1,300,false
,KG9Pba3wEih0TBi9XNHT4pI25V42,-O5s3Rd4oAvokOAYSy_4,-O5s5A6AG8VhjGy-P_fb,sCbcFY1Fx1cdFwYN3qYCiFlcQNb2,300,false
,KG9Pba3wEih0TBi9XNHT4pI25V42,-Nc6Oh9qfA9ThSW4lbxv,-Nc6QoTKmZndH7XV17Dj,iNYnIKoleferrv6ZYWH9Uu0nWPv2,300,false
,KG9Pba3wEih0TBi9XNHT4pI25V42,-NzhxakpJN9VUjNaxkDc,-Nzhy-U3IfUfhWdH4Rkg,LxFkjmkK8wYfW2sNLUWZqHOcOAp2,300,false
,KG9Pba3wEih0TBi9XNHT4pI25V42,-O08Scdjlm_JdR5aBA18,-O08TtG2VAtQLTTWo-SH,rTZ82KNjL9MvtTXMxwbB9zvwdwd2,300,false
,KG9Pba3wEih0TBi9XNHT4pI25V42,-O08Scdjlm_JdR5aBA18,-O08VSmx--lFsgHdaDAi,rTZ82KNjL9MvtTXMxwbB9zvwdwd2,300,false
,KG9Pba3wEih0TBi9XNHT4pI25V42,-NmC18VrA8CeragiVGu8,-NmC3IN8-skUxO0_9c18,4wOEzDj1y6RhJIH9KrU8ir13ogA3,300,false
,KG9Pba3wEih0TBi9XNHT4pI25V42,-Nzhrmf0iuIlOwL7OxlM,-Nzhua1YBM1aZltxsz5G,JjgK259ffIYREcCanlAIYEvUhNr1,200,false
,KG9Pba3wEih0TBi9XNHT4pI25V42,-NzhxakpJN9VUjNaxkDc,-Nzi-rqb2MuRgDzK4q-Z,Ma0Tr1rEIhZOLG6huE8O0igXaYn1,200,false
,KG9Pba3wEih0TBi9XNHT4pI25V42,-O5s3Rd4oAvokOAYSy_4,-O5s4nhsunLWLU2x5iy6,QpNynavALeRphpqE2Ce8iK4aCbv2,300,false
,KG9Pba3wEih0TBi9XNHT4pI25V42,-Nzhrmf0iuIlOwL7OxlM,-Nzhv7zrmE-xgGC1EoFc,JjgK259ffIYREcCanlAIYEvUhNr1,200,false
,KG9Pba3wEih0TBi9XNHT4pI25V42,-Nz8gz69kcJhEvw7yuiK,-Nz8tJF34Bks4HiPLqb3,qfu7IPPcCyXFoV1Gn1sToYfq5F63,40,false
,KG9Pba3wEih0TBi9XNHT4pI25V42,-O2iRso2iyzmadqIfVbD,-O2iT4IXCgbFFbsoUOyi,wn5R3zoZCWgMn84rS7pJhAafAFC3,300,false
,KG9Pba3wEih0TBi9XNHT4pI25V42,-NcXs2ErKckrr89Qsdf_,-NcXu_7aEPbNNzccZoQf,9vgF3ju0usgtVwUQCKs69v28jFA2,300,false
,KG9Pba3wEih0TBi9XNHT4pI25V42,-OEO3uN0yOJDl9KJg_L-,-OEO5El6_avpB5kj8qs8,lzE8rR5G2QPhwIctNWVuGoFjJfF3,160,false
,KG9Pba3wEih0TBi9XNHT4pI25V42,-NzhxakpJN9VUjNaxkDc,-NzhzJUAI8an8rhRhrHl,LxFkjmkK8wYfW2sNLUWZqHOcOAp2,300,false
,KG9Pba3wEih0TBi9XNHT4pI25V42,-O2iCO-kMj1e3jLBhk3I,-O2iMdXQsSAmK0lohefp,oXqZ0ZlQsLcTSPY8UOyukVWaYuG3,300,false
,KG9Pba3wEih0TBi9XNHT4pI25V42,-Nt0dCRS9khradpJF5zd,-Nt0e8w14Zy1GHbUCF5T,85vDTUyD0KV8rb0dYqG7ctSqzp03,300,false
,KG9Pba3wEih0TBi9XNHT4pI25V42,-O2iCO-kMj1e3jLBhk3I,-O2iL265NrWC4taVxZJK,oXqZ0ZlQsLcTSPY8UOyukVWaYuG3,300,false
,KG9Pba3wEih0TBi9XNHT4pI25V42,-N8wrJ7SvHAC_pStTMIM,-N8wv7AYBe7IbOTB9k6r,3lM1ylCDoQPvjWaVjEnzkW2V9Zt1,200,false
,KG9Pba3wEih0TBi9XNHT4pI25V42,-NyPQFt54nlNBW3puYIA,-Nz7cLqwnDL_8r61vhry,5Cs2g0Sbaqbzc3QouNrhNMAyuZw2,200,false
,KG9Pba3wEih0TBi9XNHT4pI25V42,-O08Scdjlm_JdR5aBA18,-O08X4OjSysslQtCnSef,rTZ82KNjL9MvtTXMxwbB9zvwdwd2,200,false
,KG9Pba3wEih0TBi9XNHT4pI25V42,-NZZuJzST4E62TJ_gPvq,-N_rsaAGDmIPKyJ2IPXr,iMnGrjvKewPyV3mMMJnM324QOJg1,200,false
,KG9Pba3wEih0TBi9XNHT4pI25V42,-Nz8gz69kcJhEvw7yuiK,-Nz8rmI_FZ1gY_-RtCgA,qfu7IPPcCyXFoV1Gn1sToYfq5F63,260,false
,KG9Pba3wEih0TBi9XNHT4pI25V42,-NcXs2ErKckrr89Qsdf_,-NcXu2OMUrzqZKduQwRD,Em5ikAsNyIWtFq0uXd2kkiKGj9o2,300,false
,KG9Pba3wEih0TBi9XNHT4pI25V42,-O08vVh_sepkZWWYtBMO,-O08z7-lRDWJ_U1pxQmd,fnnzMRRUyXNYve5i6MbS6uzzM4i2,200,false
,KG9Pba3wEih0TBi9XNHT4pI25V42,-Nc6Oh9qfA9ThSW4lbxv,-Nc6REiQl4nV4AXPxknu,R77JnxE62NVJSMRNpD4luLptr6h1,300,false
,KG9Pba3wEih0TBi9XNHT4pI25V42,-NmC18VrA8CeragiVGu8,-NmC3zHKWpUgOPi-vIMv,uEYxLPT0cmhGqmRpH69nPuMDdcH3,300,false
,KG9Pba3wEih0TBi9XNHT4pI25V42,-NrG3htiQeFdwRH5uWDN,-NrG8DuY47gGAxT5u_Bh,OrZ0NBYlz7hDonoUDk5pLDLxXnb2,200,false
,KG9Pba3wEih0TBi9XNHT4pI25V42,-Nz8TUgyp8W61kxo694b,-Nz8eVRz8XOiKZ-QWs1e,UztBioIlzPREvloBiUZoLDv9NRD3,200,false
,KG9Pba3wEih0TBi9XNHT4pI25V42,-Ny0cIPTcro557kRNPEh,-NyPTZvfnqRfYZsi6foZ,ecPETjLkj8TPRy2PppjGXNv9OuJ3,350,false
,KG9Pba3wEih0TBi9XNHT4pI25V42,-O7mAuYTaeRX9n5j3Nuy,-O7mDIl007mLEK73VuVW,GP5WzDwvMIWkMcB1FhNOUnc2G462,200,false
,KG9Pba3wEih0TBi9XNHT4pI25V42,-Nc6UA9Hl08A7BFSuNAc,-Nc6X0pL5nPDbO4iR8uD,awWrKAlk9PXdGkdhiSkXaLWbi2x2,200,false
,KG9Pba3wEih0TBi9XNHT4pI25V42,-Nz8TUgyp8W61kxo694b,-Nz8cfhT4Qs6i-8a4-EE,Tjd8Xmwed7cZ3Sy1lhlFhI4jpgs1,350,false
,KG9Pba3wEih0TBi9XNHT4pI25V42,-O4A69NIczhDVSOvO-bK,-O4A7JRtUlLTg8YqAY37,W4zM5c0XmNfv11Z7mXQIjkP1QE82,300,false
,KG9Pba3wEih0TBi9XNHT4pI25V42,-MvW5gwdK1MOWBE3u7g6,-MvW5gwdK1MOWBE3u7g7,VgiLJFDDEYQQRVDI4CT86fKP1JA3,300,false
,KG9Pba3wEih0TBi9XNHT4pI25V42,-O4A69NIczhDVSOvO-bK,-O4A8U3FC8qU3Y1efNl9,W4zM5c0XmNfv11Z7mXQIjkP1QE82,200,false
,KG9Pba3wEih0TBi9XNHT4pI25V42,-O08vVh_sepkZWWYtBMO,-O08xSuDFCHuFY5S4x7d,x0iNRqu029UiWAwOQsiaT8lGae03,300,false
,KG9Pba3wEih0TBi9XNHT4pI25V42,-O7mAuYTaeRX9n5j3Nuy,-O7mCxZoracdLc3kQdG3,GP5WzDwvMIWkMcB1FhNOUnc2G462,200,false
,KG9Pba3wEih0TBi9XNHT4pI25V42,-O7mAuYTaeRX9n5j3Nuy,-O7mCHN-I06WYMsxafGK,GP5WzDwvMIWkMcB1FhNOUnc2G462,280,false
,KG9Pba3wEih0TBi9XNHT4pI25V42,-Nzhrmf0iuIlOwL7OxlM,-Nzht5CMNinGqP-HpxQX,JjgK259ffIYREcCanlAIYEvUhNr1,300,false
,KG9Pba3wEih0TBi9XNHT4pI25V42,-Nl7ldAXg-HYEu5UMywi,-Nl7qBavtazhQ8colX4P,ZCb6yQIfkThbWehMbI5zA7MZpy12,300,false
,KG9Pba3wEih0TBi9XNHT4pI25V42,-Nzhrmf0iuIlOwL7OxlM,-NzhtvWUSkU3Hchvt1Fp,JjgK259ffIYREcCanlAIYEvUhNr1,300,false
,KG9Pba3wEih0TBi9XNHT4pI25V42,-O2OF229tBkgX-nhToQ8,-O2OHjqDU5YM-vl-AQut,zxvgoeF7kqgHhRj5HjUjzZDw9i53,200,false
,KG9Pba3wEih0TBi9XNHT4pI25V42,-O2iCO-kMj1e3jLBhk3I,-O2iNmXJPTawig22QnDh,bBtEwz1TqxdETHXLxg0TGiccSmx1,200,false
,KG9Pba3wEih0TBi9XNHT4pI25V42,-O08vVh_sepkZWWYtBMO,-O08we8MtTu5y6dHv9RH,ucOIqUQGVrflMOkRpWLnvadLdwH2,300,false
,KG9Pba3wEih0TBi9XNHT4pI25V42,-NyPT5X9y1d-Hfu3x4Kk,-NyPWC_RvPFq8GLBm-5W,unx7JeTSE9cEGdBknsaCP6fOn722,350,false
,KG9Pba3wEih0TBi9XNHT4pI25V42,-Nz8gz69kcJhEvw7yuiK,-Nz8tzF8mnIGB4W3X0tp,qfu7IPPcCyXFoV1Gn1sToYfq5F63,40,false
,KG9Pba3wEih0TBi9XNHT4pI25V42,-O08Scdjlm_JdR5aBA18,-O08WetfDgMEbuIKjnxo,rTZ82KNjL9MvtTXMxwbB9zvwdwd2,200,false
,KG9Pba3wEih0TBi9XNHT4pI25V42,-Nz8TUgyp8W61kxo694b,-Nz8bngvOXQWuCw_YItd,Tjd8Xmwed7cZ3Sy1lhlFhI4jpgs1,350,false
,KG9Pba3wEih0TBi9XNHT4pI25V42,-NikJ-sBrcRBMSF0jgFo,-NikMSDkW9Q7OwEx9i50,ZEvfdu0EHJd4WIdQdEymlGh7GVi1,200,false
,KG9Pba3wEih0TBi9XNHT4pI25V42,-NyPT5X9y1d-Hfu3x4Kk,-Nz7dXBVkcVnkE1bXDaR,unx7JeTSE9cEGdBknsaCP6fOn722,200,false
,KG9Pba3wEih0TBi9XNHT4pI25V42,-NcXs2ErKckrr89Qsdf_,-NcXvxcxv5ZAirWzAGcp,Em5ikAsNyIWtFq0uXd2kkiKGj9o2,200,false
,KG9Pba3wEih0TBi9XNHT4pI25V42,-NikJ-sBrcRBMSF0jgFo,-NikNgf5aHOpzTioEp5m,sGaCQWmciOR0S4pwqGMz2LArmZd2,200,false
,KG9Pba3wEih0TBi9XNHT4pI25V42,-O08Scdjlm_JdR5aBA18,-O08UN7JJcEyY_Wy3PcR,rTZ82KNjL9MvtTXMxwbB9zvwdwd2,300,false
,KG9Pba3wEih0TBi9XNHT4pI25V42,-NrG3htiQeFdwRH5uWDN,-NrG7GTRtvB4HNgk14D_,Qkg0A8sNoGPGzfeGqoXz8uTAhWj2,350,false
,KG9Pba3wEih0TBi9XNHT4pI25V42,-Nz8TUgyp8W61kxo694b,-Nz8cI8DRjzOud1NKXDp,Tjd8Xmwed7cZ3Sy1lhlFhI4jpgs1,350,false
,KG9Pba3wEih0TBi9XNHT4pI25V42,-Nzi60zH5ycXLCx0UeSc,-Nzi8rPTTrUnNE570wXg,hhSKsZdlrPNYKRuZl51Qbe47Q4y1,300,false
,KG9Pba3wEih0TBi9XNHT4pI25V42,-O08Scdjlm_JdR5aBA18,-O08V9lYBzmXGZyY06NI,klOflOH7hJeuXAIck0IqMxa5AB53,300,false
,KG9Pba3wEih0TBi9XNHT4pI25V42,-Nz8TUgyp8W61kxo694b,-Nz8dnIMrrPRovQJ2Gm8,KLJeD0bWtldPWiFfKDWevXEvwXE2,200,false
,KG9Pba3wEih0TBi9XNHT4pI25V42,-O2-oGHz11fN1Dyp-42c,-O2-qgSkWBhy7RJrbAzk,CYNS0eqgyDYBWBSgdZDGRj2cfh43,160,false
,KG9Pba3wEih0TBi9XNHT4pI25V42,-Nc6UA9Hl08A7BFSuNAc,-Nc6VTOrX-7LXkDnK1PC,onNjGIfj3zLUMpLG5UgHkYypZRJ2,300,false
,KG9Pba3wEih0TBi9XNHT4pI25V42,-Nz8TUgyp8W61kxo694b,-Nz8dGH2Lx9TWPKsCp3L,8QoywB7mNogARq2X0E5OnfE0klw2,350,false
,KG9Pba3wEih0TBi9XNHT4pI25V42,-Ny0cIPTcro557kRNPEh,-Nz7bEth_Zn7YTFueRHu,ecPETjLkj8TPRy2PppjGXNv9OuJ3,200,false
,KG9Pba3wEih0TBi9XNHT4pI25V42,-NmC18VrA8CeragiVGu8,-NmC4TFQCahBPwfbBz5Z,sCi2zDAnGrcRNTFWcAbrnfZgtE43,200,false
,KG9Pba3wEih0TBi9XNHT4pI25V42,-NyPT5X9y1d-Hfu3x4Kk,-Nz7drF8d4_W3PsoXA87,MKx3JsnjRQTCRyToR8vlQn4EJq72,200,false
,KG9Pba3wEih0TBi9XNHT4pI25V42,-Nl7ldAXg-HYEu5UMywi,-Nl7p0MqMy8IsomQju4P,fTHJ8CxREybK3vW27TY9JIq2iKv1,300,false
,KG9Pba3wEih0TBi9XNHT4pI25V42,-Nz8gz69kcJhEvw7yuiK,-Nz8tbsNgSMTHHogrwO3,qfu7IPPcCyXFoV1Gn1sToYfq5F63,40,false
,KG9Pba3wEih0TBi9XNHT4pI25V42,-Nz8gz69kcJhEvw7yuiK,-Nz8tJF34Bks4HiPLqb3,qfu7IPPcCyXFoV1Gn1sToYfq5F63,40,false
,KG9Pba3wEih0TBi9XNHT4pI25V42,-NzhxakpJN9VUjNaxkDc,-NzhysuNuXLLjQPuspd-,620bfUxARUQVZ0ojmGsBpquUPfq1,300,false
,KG9Pba3wEih0TBi9XNHT4pI25V42,-NmC18VrA8CeragiVGu8,-NmC27wH2iBooJJtQVsG,yk913vmb0ubGr6yUIID8a3EwA5L2,300,false
,KG9Pba3wEih0TBi9XNHT4pI25V42,-Ny0cIPTcro557kRNPEh,-Ny0d9INQaoDTWXMFBfe,ecPETjLkj8TPRy2PppjGXNv9OuJ3,350,false
,KG9Pba3wEih0TBi9XNHT4pI25V42,-O2iRso2iyzmadqIfVbD,-O2iSiCZ3n_IDeoNr9Sj,r81eaF32dKNviefmtozL4sD6eEk1,300,false
,KG9Pba3wEih0TBi9XNHT4pI25V42,-MvW5gwdK1MOWBE3u7g6,-MvW5gwdK1MOWBE3u7g7,f9YCfWzul5gF4ZuEQvgrB4GfH8I2,300,false
,KG9Pba3wEih0TBi9XNHT4pI25V42,-MvW5gwdK1MOWBE3u7g6,-MvW5gwdK1MOWBE3u7g8,k1q7XCqL3EZiVsT5UGhQmpDQVJg1,300,false
,KG9Pba3wEih0TBi9XNHT4pI25V42,-O2OF229tBkgX-nhToQ8,-O2OGThYnuW1vpBn6HC0,EOENf8Tcs7R6HShGKP7BRGbjgU03,300,false
,KG9Pba3wEih0TBi9XNHT4pI25V42,-O2OF229tBkgX-nhToQ8,-O2OG6he4G6anOmfvIyZ,EOENf8Tcs7R6HShGKP7BRGbjgU03,300,false
,KG9Pba3wEih0TBi9XNHT4pI25V42,-NrG3htiQeFdwRH5uWDN,-NrG8p8JAWM6a_keuTXq,yBkq8BoZduZmG34kKn16f6hbOW92,200,false
,KG9Pba3wEih0TBi9XNHT4pI25V42,-NrG3htiQeFdwRH5uWDN,-NrG6gnqT9gYK-sLjvsk,yBkq8BoZduZmG34kKn16f6hbOW92,350,false
,KG9Pba3wEih0TBi9XNHT4pI25V42,-O4A69NIczhDVSOvO-bK,-O4A7eTwQIItyzde7fnW,W4zM5c0XmNfv11Z7mXQIjkP1QE82,300,false
,KG9Pba3wEih0TBi9XNHT4pI25V42,-O2OF229tBkgX-nhToQ8,-O2OI4Gk2d7_r8lOojX1,EOENf8Tcs7R6HShGKP7BRGbjgU03,200,false
,KG9Pba3wEih0TBi9XNHT4pI25V42,-NoVk5Kd7SDp2FKbe2Jr,-NoVmLgFP3ev5v11tfAY,5thBaBZMEmdtt6Ny7mY60v3redb2,300,false
,KG9Pba3wEih0TBi9XNHT4pI25V42,-Nzhrmf0iuIlOwL7OxlM,-Nzht5CMNinGqP-HpxQX,JjgK259ffIYREcCanlAIYEvUhNr1,300,false
,KG9Pba3wEih0TBi9XNHT4pI25V42,-Nzhrmf0iuIlOwL7OxlM,-NzhtT8zbN9PIqu0RgQ0,JjgK259ffIYREcCanlAIYEvUhNr1,300,false
,KG9Pba3wEih0TBi9XNHT4pI25V42,-O2iRso2iyzmadqIfVbD,-O2iUS2MXzci6rSo-gDh,ZjMbMTamNKUdwaLlBS8EOIj3vYl1,160,false
,KG9Pba3wEih0TBi9XNHT4pI25V42,-OEO3uN0yOJDl9KJg_L-,-OEO4pg2vgOp_5oQttSc,lzE8rR5G2QPhwIctNWVuGoFjJfF3,300,false
,KG9Pba3wEih0TBi9XNHT4pI25V42,-O2iRso2iyzmadqIfVbD,-O2iSJxW236KMyApWe0f,r81eaF32dKNviefmtozL4sD6eEk1,300,false
,KG9Pba3wEih0TBi9XNHT4pI25V42,-NcXs2ErKckrr89Qsdf_,-NcXszPYLYFyRWlyT2jh,apg2Fev3PWSF5oUWGEEJJojreyG2,300,false
,KG9Pba3wEih0TBi9XNHT4pI25V42,-Nzhrmf0iuIlOwL7OxlM,-NzhshtG_h2SG96Qhobf,JjgK259ffIYREcCanlAIYEvUhNr1,300,false
,KG9Pba3wEih0TBi9XNHT4pI25V42,-Nt0dCRS9khradpJF5zd,-Nt0f94vJLCgbmyZBskU,RdMVknrFqNOx3whSL7EsLggdrqw1,200,false
,KG9Pba3wEih0TBi9XNHT4pI25V42,-O2iCO-kMj1e3jLBhk3I,-O2iN9OiR5xZHtqs2g5P,oXqZ0ZlQsLcTSPY8UOyukVWaYuG3,300,false
,KG9Pba3wEih0TBi9XNHT4pI25V42,-NoVk5Kd7SDp2FKbe2Jr,-NoVmeZVmmgYNxANZALf,5thBaBZMEmdtt6Ny7mY60v3redb2,300,false
,KG9Pba3wEih0TBi9XNHT4pI25V42,-Nc6Oh9qfA9ThSW4lbxv,-Nc6PtOC7oH1DR4AjtEl,9hvu62oYRlcTYikGWsmhsmJYXXK2,300,false
,KG9Pba3wEih0TBi9XNHT4pI25V42,-NikJ-sBrcRBMSF0jgFo,-NikKlkgG8STENhi1-RG,4qpjHqWGxBVRircldaLbMbykVHs2,300,false
,KG9Pba3wEih0TBi9XNHT4pI25V42,-O08Scdjlm_JdR5aBA18,-O08TRGdveTR1ACscEE-,rTZ82KNjL9MvtTXMxwbB9zvwdwd2,300,false
,KG9Pba3wEih0TBi9XNHT4pI25V42,-Ny0cIPTcro557kRNPEh,-Nz7bc2O8jMm2Hxz_9YW,ecPETjLkj8TPRy2PppjGXNv9OuJ3,200,false
,KG9Pba3wEih0TBi9XNHT4pI25V42,-O7mAuYTaeRX9n5j3Nuy,-O7mCbz8FUXkz_fhCbWV,GP5WzDwvMIWkMcB1FhNOUnc2G462,280,false
,KG9Pba3wEih0TBi9XNHT4pI25V42,-NrG3htiQeFdwRH5uWDN,-NrG9jnOfMjfAqS3CimW,7FXKBehhkvW9o2l0b53Vem1rqSj1,200,false
,KG9Pba3wEih0TBi9XNHT4pI25V42,-NyPQFt54nlNBW3puYIA,-NyPUlupQ6jBxywhUH63,5Cs2g0Sbaqbzc3QouNrhNMAyuZw2,350,false
,KG9Pba3wEih0TBi9XNHT4pI25V42,-Nz8gz69kcJhEvw7yuiK,-Nz8syGdcIwPn3fkc82I,qfu7IPPcCyXFoV1Gn1sToYfq5F63,260,false
,KG9Pba3wEih0TBi9XNHT4pI25V42,-NrG3htiQeFdwRH5uWDN,-NrG5lwA4LweBQPkhqGB,7FXKBehhkvW9o2l0b53Vem1rqSj1,350,false
,KG9Pba3wEih0TBi9XNHT4pI25V42,-O3lOj3T61E_5vERBmtE,-O3lRiqGBvKaPDAAJd5n,z5V4dXwDnLQ7pMFxDK5PKjlLt7c2,200,false
,KG9Pba3wEih0TBi9XNHT4pI25V42,-Nl7ldAXg-HYEu5UMywi,-Nl7nGED9NfHgbo65J6t,hlWcsckMbWQhXWRSGiNFaFE8OH82,300,false
,KG9Pba3wEih0TBi9XNHT4pI25V42,-NyVaxBHWh_fOMAilGLc,-NyZBjZLvY3AO5AteGiE,IMUphzIjrXbFJrCDY0fZ9DyRMMA3,350,false
,KG9Pba3wEih0TBi9XNHT4pI25V42,-NrG3htiQeFdwRH5uWDN,-NrG6DDd-74GAp1oKsuu,Qkg0A8sNoGPGzfeGqoXz8uTAhWj2,350,false
,KG9Pba3wEih0TBi9XNHT4pI25V42,-NyVaxBHWh_fOMAilGLc,-NyZC8-DHEABcexQ52Ih,IMUphzIjrXbFJrCDY0fZ9DyRMMA3,350,false
,KG9Pba3wEih0TBi9XNHT4pI25V42,-NikJ-sBrcRBMSF0jgFo,-NikLupoi1Vfxj9FOcG5,4qpjHqWGxBVRircldaLbMbykVHs2,200,false
,KG9Pba3wEih0TBi9XNHT4pI25V42,-O7mAuYTaeRX9n5j3Nuy,-O7mCxZoracdLc3kQdG3,GP5WzDwvMIWkMcB1FhNOUnc2G462,200,false
,KG9Pba3wEih0TBi9XNHT4pI25V42,-O3lSfIeS08GM2ivPHvw,-O3lTHRbe8YhqeVxbo4P,zUbjejEygcOo1OhxGJ6EjSv3lnJ2,350,false
,KG9Pba3wEih0TBi9XNHT4pI25V42,-Nc6UA9Hl08A7BFSuNAc,-Nc6XZAzfijtx9xTlfuD,SNk5mGalUhabUYFgwTNMSzQeUrF2,200,false
,KG9Pba3wEih0TBi9XNHT4pI25V42,-O08vVh_sepkZWWYtBMO,-O08vsqJMhBWrNKTuKiS,7PmgbCnOUaglxzUASpjgPmQ6BOj1,300,false
,KG9Pba3wEih0TBi9XNHT4pI25V42,-O3lSfIeS08GM2ivPHvw,-O3lTdZLuXvPWQ5W3cyg,zUbjejEygcOo1OhxGJ6EjSv3lnJ2,350,false
,KG9Pba3wEih0TBi9XNHT4pI25V42,-Nzhrmf0iuIlOwL7OxlM,-Nzht5CMNinGqP-HpxQX,JjgK259ffIYREcCanlAIYEvUhNr1,300,false
,KG9Pba3wEih0TBi9XNHT4pI25V42,-O7mAuYTaeRX9n5j3Nuy,-O7mCHN-I06WYMsxafGK,GP5WzDwvMIWkMcB1FhNOUnc2G462,280,false
,KG9Pba3wEih0TBi9XNHT4pI25V42,-MvW5gwdK1MOWBE3u7g6,-MvW5gwdK1MOWBE3u7g9,SkgBokIv64SCGLEBVc2SGT6asAz2,300,false
,KG9Pba3wEih0TBi9XNHT4pI25V42,-NrG3htiQeFdwRH5uWDN,-NrG5HJYwfH4liroGXii,7FXKBehhkvW9o2l0b53Vem1rqSj1,350,false
,KG9Pba3wEih0TBi9XNHT4pI25V42,-NyZD8bzYBvRicskkW1I,-NyZDwq6dGNBkNl8mQGy,wQmfwl479oTkH70YQRiaPU0D4oP2,350,false
,KG9Pba3wEih0TBi9XNHT4pI25V42,-Nc6UA9Hl08A7BFSuNAc,-Nc6V0X6OIQrhj8c84Mw,FoGblXUVylb0sGE9ULnWILDBZBg1,300,false
,KG9Pba3wEih0TBi9XNHT4pI25V42,-NyPQFt54nlNBW3puYIA,-Nz7c1mrSxF3AM0MkKgH,5Cs2g0Sbaqbzc3QouNrhNMAyuZw2,200,false
,KG9Pba3wEih0TBi9XNHT4pI25V42,-NcXs2ErKckrr89Qsdf_,-NcXtZe9WkI7UNKrLLhZ,Em5ikAsNyIWtFq0uXd2kkiKGj9o2,300,false
,KG9Pba3wEih0TBi9XNHT4pI25V42,-Nz8gz69kcJhEvw7yuiK,-Nz8tzF8mnIGB4W3X0tp,qfu7IPPcCyXFoV1Gn1sToYfq5F63,40,false
,KG9Pba3wEih0TBi9XNHT4pI25V42,-O08vVh_sepkZWWYtBMO,-O08yfZdlcZXR0v-MhGe,dxzaDCVwoPUQLeo2kATNFIldhbA3,200,false
,KG9Pba3wEih0TBi9XNHT4pI25V42,-Nc6UA9Hl08A7BFSuNAc,-Nc6Ue9E8YtzB0vHdq7r,4L50TRmzlWR4gZ67WgTAvuwmtm62,300,false
,KG9Pba3wEih0TBi9XNHT4pI25V42,-NoVk5Kd7SDp2FKbe2Jr,-NoVnhugSUIhQyXwHgsf,5thBaBZMEmdtt6Ny7mY60v3redb2,200,false
,KG9Pba3wEih0TBi9XNHT4pI25V42,-NoVk5Kd7SDp2FKbe2Jr,-NoVo-uZ0FiuNvI5BazA,5thBaBZMEmdtt6Ny7mY60v3redb2,200,false
,KG9Pba3wEih0TBi9XNHT4pI25V42,-Nc6Oh9qfA9ThSW4lbxv,-Nc6StWMFAWQQU6Eb-GU,iNYnIKoleferrv6ZYWH9Uu0nWPv2,200,false
,KG9Pba3wEih0TBi9XNHT4pI25V42,-Ny0cIPTcro557kRNPEh,-NyPTZvfnqRfYZsi6foZ,ecPETjLkj8TPRy2PppjGXNv9OuJ3,350,false
,KG9Pba3wEih0TBi9XNHT4pI25V42,-Ny0cIPTcro557kRNPEh,-NyPTvUvGo2nhGT92rMO,ecPETjLkj8TPRy2PppjGXNv9OuJ3,350,false
,KG9Pba3wEih0TBi9XNHT4pI25V42,-NikJ-sBrcRBMSF0jgFo,-NikKDH65SXjmZM5nj7g,4qpjHqWGxBVRircldaLbMbykVHs2,300,false
,KG9Pba3wEih0TBi9XNHT4pI25V42,-Nz8TUgyp8W61kxo694b,-Nz8eVRz8XOiKZ-QWs1e,Tjd8Xmwed7cZ3Sy1lhlFhI4jpgs1,200,false
,KG9Pba3wEih0TBi9XNHT4pI25V42,-Nl7ldAXg-HYEu5UMywi,-Nl7rw88iOihIHj-S3DA,ZCb6yQIfkThbWehMbI5zA7MZpy12,200,true
,KG9Pba3wEih0TBi9XNHT4pI25V42,-OEO3uN0yOJDl9KJg_L-,-OEO5aOOCNSLgFNlamU2,lzE8rR5G2QPhwIctNWVuGoFjJfF3,160,false
,KG9Pba3wEih0TBi9XNHT4pI25V42,-Nl7ldAXg-HYEu5UMywi,-Nl7rw88iOihIHj-S3DA,ZCb6yQIfkThbWehMbI5zA7MZpy12,200,false
,KG9Pba3wEih0TBi9XNHT4pI25V42,-Nl7ldAXg-HYEu5UMywi,-Nl7qBavtazhQ8colX4P,ZCb6yQIfkThbWehMbI5zA7MZpy12,300,false
,KG9Pba3wEih0TBi9XNHT4pI25V42,-Nz8gz69kcJhEvw7yuiK,-Nz8tbsNgSMTHHogrwO3,qfu7IPPcCyXFoV1Gn1sToYfq5F63,40,false
,KG9Pba3wEih0TBi9XNHT4pI25V42,-O08vVh_sepkZWWYtBMO,-O08wzXd6faohj_jfp2v,4PgwjLhYotZT0uwtVa9sbJ7YNhN2,300,false
,KG9Pba3wEih0TBi9XNHT4pI25V42,-NoVk5Kd7SDp2FKbe2Jr,-NoVoHRegnCZrE5LSHE6,y118sBnpPBOd3BNUy19ThzUCO5h1,200,false
,KG9Pba3wEih0TBi9XNHT4pI25V42,-Nz8TUgyp8W61kxo694b,-Nz8f8_jIjV8UNIsblAn,Tjd8Xmwed7cZ3Sy1lhlFhI4jpgs1,200,false
,KG9Pba3wEih0TBi9XNHT4pI25V42,-O08vVh_sepkZWWYtBMO,-O08yCp4I32zV8Lv4yeV,Aemt3120reUA9gMtmjSq2MQXZjx1,200,false
,KG9Pba3wEih0TBi9XNHT4pI25V42,-O2-oGHz11fN1Dyp-42c,-O2-pmynfFSPbXckcgD4,2D7jTNlza7eGirDe8VUVnkrSuGw1,280,false
,KG9Pba3wEih0TBi9XNHT4pI25V42,-O2-oGHz11fN1Dyp-42c,-O2-qGzEBYM71AuaYCCz,2D7jTNlza7eGirDe8VUVnkrSuGw1,280,false
,KG9Pba3wEih0TBi9XNHT4pI25V42,-NzhxakpJN9VUjNaxkDc,-NzhyWA4d2EoN1Y6-s-G,3fRMDAVqQeR6ZKvng7Qj5Qekqvi1,300,false
,KG9Pba3wEih0TBi9XNHT4pI25V42,-NzhxakpJN9VUjNaxkDc,-O3gb-6Y39mzH6rLXIV0,3fRMDAVqQeR6ZKvng7Qj5Qekqvi1,300,false
,KG9Pba3wEih0TBi9XNHT4pI25V42,-O08Scdjlm_JdR5aBA18,-O08VSmx--lFsgHdaDAi,rTZ82KNjL9MvtTXMxwbB9zvwdwd2,300,false
,KG9Pba3wEih0TBi9XNHT4pI25V42,-NyPT5X9y1d-Hfu3x4Kk,-Nz7dXBVkcVnkE1bXDaR,unx7JeTSE9cEGdBknsaCP6fOn722,200,false
,KG9Pba3wEih0TBi9XNHT4pI25V42,-O2iRso2iyzmadqIfVbD,-O2iSJxW236KMyApWe0f,r81eaF32dKNviefmtozL4sD6eEk1,300,false
,KG9Pba3wEih0TBi9XNHT4pI25V42,-NyPQFt54nlNBW3puYIA,-NyPURUWwgu2qwP-H-fL,5Cs2g0Sbaqbzc3QouNrhNMAyuZw2,350,false
,KG9Pba3wEih0TBi9XNHT4pI25V42,-Nz8gz69kcJhEvw7yuiK,-Nz8rmI_FZ1gY_-RtCgA,qfu7IPPcCyXFoV1Gn1sToYfq5F63,260,false
,KG9Pba3wEih0TBi9XNHT4pI25V42,-Nz8gz69kcJhEvw7yuiK,-Nz8sbgEhTGqoDwMyKrG,svBhhRbgxRM8beagiWP1J3c0qXB2,260,false
,KG9Pba3wEih0TBi9XNHT4pI25V42,-O08Scdjlm_JdR5aBA18,-O08TtG2VAtQLTTWo-SH,4Jx6OOt5PTdUbSrLZc9U75AOWRt1,300,false
,KG9Pba3wEih0TBi9XNHT4pI25V42,-Nc6Oh9qfA9ThSW4lbxv,-Nc6QJoVKBMMQDLBFT37,8JHooL4wfvgVWN3mKHJnQ0CMZoq1,300,false
,KG9Pba3wEih0TBi9XNHT4pI25V42,-O2iRso2iyzmadqIfVbD,-O2iT4IXCgbFFbsoUOyi,r81eaF32dKNviefmtozL4sD6eEk1,300,false
,KG9Pba3wEih0TBi9XNHT4pI25V42,-Nt0dCRS9khradpJF5zd,-Nt0dk7NbHkuHI8_DjTA,zTLY3kmXG0Odbpwhnnhp4FMMGbO2,300,false
,KG9Pba3wEih0TBi9XNHT4pI25V42,-NzhxakpJN9VUjNaxkDc,-NzhzJUAI8an8rhRhrHl,LxFkjmkK8wYfW2sNLUWZqHOcOAp2,300,false
,KG9Pba3wEih0TBi9XNHT4pI25V42,-Nc6Oh9qfA9ThSW4lbxv,-Nc6QoTKmZndH7XV17Dj,lQmZ2Lqr1fYgZLeONqSoPrQIrlb2,300,false
,KG9Pba3wEih0TBi9XNHT4pI25V42,-Nt0dCRS9khradpJF5zd,-Nt0e8w14Zy1GHbUCF5T,zTLY3kmXG0Odbpwhnnhp4FMMGbO2,300,false
,KG9Pba3wEih0TBi9XNHT4pI25V42,-O7mAuYTaeRX9n5j3Nuy,-O7mCbz8FUXkz_fhCbWV,GP5WzDwvMIWkMcB1FhNOUnc2G462,280,false
,KG9Pba3wEih0TBi9XNHT4pI25V42,-NikJ-sBrcRBMSF0jgFo,-NikKlkgG8STENhi1-RG,JQ3FVTnxCPV2cil7pNqMiUE4qem2,300,false
,KG9Pba3wEih0TBi9XNHT4pI25V42,-NikJ-sBrcRBMSF0jgFo,-NikLFJvnMyG7jfT-dK8,JQ3FVTnxCPV2cil7pNqMiUE4qem2,300,false
,KG9Pba3wEih0TBi9XNHT4pI25V42,-O2OF229tBkgX-nhToQ8,-O2OFlD0FivMgNFq6m0C,DZWGTLNBKPMhfRKHsh4DZsFtYJD2,300,false
,KG9Pba3wEih0TBi9XNHT4pI25V42,-O2iCO-kMj1e3jLBhk3I,-O2iPhLBpDuvHRCf86yC,oXqZ0ZlQsLcTSPY8UOyukVWaYuG3,200,false
,KG9Pba3wEih0TBi9XNHT4pI25V42,-NyPQFt54nlNBW3puYIA,-NyPV7vWjYaxVX_1Gzfo,5Cs2g0Sbaqbzc3QouNrhNMAyuZw2,350,false
,KG9Pba3wEih0TBi9XNHT4pI25V42,-O2iCO-kMj1e3jLBhk3I,-O2iQT9IVA_zi2aTrcgv,oXqZ0ZlQsLcTSPY8UOyukVWaYuG3,200,false
,KG9Pba3wEih0TBi9XNHT4pI25V42,-NyPT5X9y1d-Hfu3x4Kk,-NyPWC_RvPFq8GLBm-5W,unx7JeTSE9cEGdBknsaCP6fOn722,350,false
,KG9Pba3wEih0TBi9XNHT4pI25V42,-OFbG05KZY963l9O7GtV,-OFbJO49uIcZxKTj6UZL,MdwWNmzs8lNvUGDQkb6FRfBhNBU2,350,false
,KG9Pba3wEih0TBi9XNHT4pI25V42,-NmC7GdJysF695FFzZap,-NmC8seXEhZzMfrk_a5t,F9v1PpAfaictB1G3snsTo7m2FHv1,300,false
,KG9Pba3wEih0TBi9XNHT4pI25V42,-NcXs2ErKckrr89Qsdf_,-NcXv2pWm1f1Q9A7lWWS,9vgF3ju0usgtVwUQCKs69v28jFA2,200,false
,KG9Pba3wEih0TBi9XNHT4pI25V42,-Nc6Oh9qfA9ThSW4lbxv,-Nc6REiQl4nV4AXPxknu,gHfLpAXKySfcNQek8UMpHJ2lVz33,300,false
,KG9Pba3wEih0TBi9XNHT4pI25V42,-NzhxakpJN9VUjNaxkDc,-Nzhy-U3IfUfhWdH4Rkg,bkKWMDaYPSgKcFQCszsj161jyUQ2,300,false
,KG9Pba3wEih0TBi9XNHT4pI25V42,-O-1Cyu-zBSt-dIFoblE,-O-1FmAoeLjT-YSDRXuk,1gGzMXxa8mRjJmRNlZSekOpiBRJ3,330,false
,KG9Pba3wEih0TBi9XNHT4pI25V42,-OEO3uN0yOJDl9KJg_L-,-OEO4Qi32j5u1BTk8Ne7,lzE8rR5G2QPhwIctNWVuGoFjJfF3,300,false
,KG9Pba3wEih0TBi9XNHT4pI25V42,-NmC18VrA8CeragiVGu8,-NmC6Txocmq8GZ4cO7H6,uEYxLPT0cmhGqmRpH69nPuMDdcH3,200,false
,KG9Pba3wEih0TBi9XNHT4pI25V42,-NZZuJzST4E62TJ_gPvq,-NsHnClg2eh_08S_7DmI,QXsfbXPdU4U6lAsxb1a5qqXfIxI3,300,false
,KG9Pba3wEih0TBi9XNHT4pI25V42,-O-1Cyu-zBSt-dIFoblE,-O-1FT1G9MctcDJXgW4v,1gGzMXxa8mRjJmRNlZSekOpiBRJ3,330,false
,KG9Pba3wEih0TBi9XNHT4pI25V42,-O2OF229tBkgX-nhToQ8,-O2OG6he4G6anOmfvIyZ,baCnTPyRATQzCFOsIUMwbDYP4tx1,300,false
,KG9Pba3wEih0TBi9XNHT4pI25V42,-NmC18VrA8CeragiVGu8,-NmC5J_583iJk4ArlvBh,sCi2zDAnGrcRNTFWcAbrnfZgtE43,200,false
,KG9Pba3wEih0TBi9XNHT4pI25V42,-O4AuNoq6t8ZB3Y97B8z,-O4Auvq9kM2Gmns-_04r,c7srj80ovoVtqSOwZBm1ppBO68a2,300,false
,KG9Pba3wEih0TBi9XNHT4pI25V42,-Nz8TUgyp8W61kxo694b,-Nz8cfhT4Qs6i-8a4-EE,LmxPwOIS46V0sL3QLoqbYf4DHBT2,350,false
,KG9Pba3wEih0TBi9XNHT4pI25V42,-Nz8TUgyp8W61kxo694b,-Nz8cI8DRjzOud1NKXDp,LmxPwOIS46V0sL3QLoqbYf4DHBT2,350,false
,KG9Pba3wEih0TBi9XNHT4pI25V42,-NmC18VrA8CeragiVGu8,-NmC3zHKWpUgOPi-vIMv,tj8bNgp48jh42gQMXrYFg2iA42w2,300,false
,KG9Pba3wEih0TBi9XNHT4pI25V42,-NrG3htiQeFdwRH5uWDN,-NrG8DuY47gGAxT5u_Bh,Qkg0A8sNoGPGzfeGqoXz8uTAhWj2,200,false
,KG9Pba3wEih0TBi9XNHT4pI25V42,-O4AuNoq6t8ZB3Y97B8z,-O4EXdcpnqNz8nBaFfoS,c7srj80ovoVtqSOwZBm1ppBO68a2,300,false
,KG9Pba3wEih0TBi9XNHT4pI25V42,-Nz8gz69kcJhEvw7yuiK,-Nz8tzF8mnIGB4W3X0tp,qfu7IPPcCyXFoV1Gn1sToYfq5F63,40,false
,KG9Pba3wEih0TBi9XNHT4pI25V42,-Nc6UA9Hl08A7BFSuNAc,-Nc6Wd3VTLEeMHlv4qLp,onNjGIfj3zLUMpLG5UgHkYypZRJ2,200,false
,KG9Pba3wEih0TBi9XNHT4pI25V42,-O85f_8vXT7G7-THmWlc,-O85giMK_SLtmAlEpEj0,oZ9133OocDhw0xNoA8zVPsiI5LE2,300,false
,KG9Pba3wEih0TBi9XNHT4pI25V42,-O08vVh_sepkZWWYtBMO,-O08zgddF2Y5hb31ggP0,x0iNRqu029UiWAwOQsiaT8lGae03,200,false
,KG9Pba3wEih0TBi9XNHT4pI25V42,-O85f_8vXT7G7-THmWlc,-O85h154qc3W2TTPFwQ6,oZ9133OocDhw0xNoA8zVPsiI5LE2,300,false
,KG9Pba3wEih0TBi9XNHT4pI25V42,-Nc6Oh9qfA9ThSW4lbxv,-Nc6QoTKmZndH7XV17Dj,OI4faPnFE8UCLbXDyEArbVjcl5l1,300,false
,KG9Pba3wEih0TBi9XNHT4pI25V42,-O08vVh_sepkZWWYtBMO,-O08wG3qCuMaBM2jUzna,yQHOAEdddFdjaHKxr8iXmTP0qjy1,300,false
,KG9Pba3wEih0TBi9XNHT4pI25V42,-NyPT5X9y1d-Hfu3x4Kk,-NyPVtvtbnR17UIyzC3r,unx7JeTSE9cEGdBknsaCP6fOn722,350,false
,KG9Pba3wEih0TBi9XNHT4pI25V42,-Nz8gz69kcJhEvw7yuiK,-Nz8syGdcIwPn3fkc82I,qfu7IPPcCyXFoV1Gn1sToYfq5F63,260,false
,KG9Pba3wEih0TBi9XNHT4pI25V42,-Nzi60zH5ycXLCx0UeSc,-Nzi88nW1AZ1lhfpa2Fr,AVp53dfgqlYPtSgr1LQ00Mk0ET63,300,false
,KG9Pba3wEih0TBi9XNHT4pI25V42,-Nl7ldAXg-HYEu5UMywi,-Nl7nGED9NfHgbo65J6t,22m9r3OrMsUhw8AVArHLLkRYmYA2,300,false
,KG9Pba3wEih0TBi9XNHT4pI25V42,-O7mAuYTaeRX9n5j3Nuy,-O7mDIl007mLEK73VuVW,GP5WzDwvMIWkMcB1FhNOUnc2G462,200,false
,KG9Pba3wEih0TBi9XNHT4pI25V42,-NrG3htiQeFdwRH5uWDN,-NrG8p8JAWM6a_keuTXq,yBkq8BoZduZmG34kKn16f6hbOW92,200,false
,KG9Pba3wEih0TBi9XNHT4pI25V42,-NyPT5X9y1d-Hfu3x4Kk,-Nz7drF8d4_W3PsoXA87,unx7JeTSE9cEGdBknsaCP6fOn722,200,false
,KG9Pba3wEih0TBi9XNHT4pI25V42,-Nzi60zH5ycXLCx0UeSc,-Nzi7o-Lf_jPEMf3Qg5K,AVp53dfgqlYPtSgr1LQ00Mk0ET63,300,false
,KG9Pba3wEih0TBi9XNHT4pI25V42,-NrG3htiQeFdwRH5uWDN,-NrG7GTRtvB4HNgk14D_,foTsWL8emBP8hnvy5Ts9hcuL2G93,350,false
,KG9Pba3wEih0TBi9XNHT4pI25V42,-NyZD8bzYBvRicskkW1I,-NyZELio1r7yPkhnCuRT,wQmfwl479oTkH70YQRiaPU0D4oP2,200,false
,KG9Pba3wEih0TBi9XNHT4pI25V42,-NyZD8bzYBvRicskkW1I,-NyZDYOxjq2OMCHPQHm8,wQmfwl479oTkH70YQRiaPU0D4oP2,350,false
,KG9Pba3wEih0TBi9XNHT4pI25V42,-Nzhrmf0iuIlOwL7OxlM,-NzhwG4iOys6PHC31sma,JjgK259ffIYREcCanlAIYEvUhNr1,200,false
,KG9Pba3wEih0TBi9XNHT4pI25V42,-O-1Cyu-zBSt-dIFoblE,-O-1G956IpbNok5TxV4J,1gGzMXxa8mRjJmRNlZSekOpiBRJ3,180,false
,KG9Pba3wEih0TBi9XNHT4pI25V42,-NrG3htiQeFdwRH5uWDN,-NrG6gnqT9gYK-sLjvsk,foTsWL8emBP8hnvy5Ts9hcuL2G93,350,false
,KG9Pba3wEih0TBi9XNHT4pI25V42,-Nzhrmf0iuIlOwL7OxlM,-NzhtvWUSkU3Hchvt1Fp,JjgK259ffIYREcCanlAIYEvUhNr1,300,false
,KG9Pba3wEih0TBi9XNHT4pI25V42,-O08Scdjlm_JdR5aBA18,-O08Vq6SVkj8UemuXMFg,rTZ82KNjL9MvtTXMxwbB9zvwdwd2,200,false
,KG9Pba3wEih0TBi9XNHT4pI25V42,-O7mAuYTaeRX9n5j3Nuy,-O7mCHN-I06WYMsxafGK,GP5WzDwvMIWkMcB1FhNOUnc2G462,280,false
,KG9Pba3wEih0TBi9XNHT4pI25V42,-O08Scdjlm_JdR5aBA18,-O08X4OjSysslQtCnSef,klOflOH7hJeuXAIck0IqMxa5AB53,200,false
,KG9Pba3wEih0TBi9XNHT4pI25V42,-O08Scdjlm_JdR5aBA18,-O08UN7JJcEyY_Wy3PcR,rTZ82KNjL9MvtTXMxwbB9zvwdwd2,300,false
,KG9Pba3wEih0TBi9XNHT4pI25V42,-O08Scdjlm_JdR5aBA18,-O08V9lYBzmXGZyY06NI,rTZ82KNjL9MvtTXMxwbB9zvwdwd2,300,false
,KG9Pba3wEih0TBi9XNHT4pI25V42,-O2iCO-kMj1e3jLBhk3I,-O2iP12-s0wTyHg-nNUr,oXqZ0ZlQsLcTSPY8UOyukVWaYuG3,200,false
,KG9Pba3wEih0TBi9XNHT4pI25V42,-Nz8TUgyp8W61kxo694b,-Nz8bngvOXQWuCw_YItd,Tjd8Xmwed7cZ3Sy1lhlFhI4jpgs1,350,false
,KG9Pba3wEih0TBi9XNHT4pI25V42,-NoVk5Kd7SDp2FKbe2Jr,-NoVnK4HclG1KSpRyrTk,5thBaBZMEmdtt6Ny7mY60v3redb2,200,false
,KG9Pba3wEih0TBi9XNHT4pI25V42,-NcXs2ErKckrr89Qsdf_,-NcY5rPmaKnN70Drwi4L,apg2Fev3PWSF5oUWGEEJJojreyG2,200,false
,KG9Pba3wEih0TBi9XNHT4pI25V42,-O7mAuYTaeRX9n5j3Nuy,-O7mCxZoracdLc3kQdG3,GP5WzDwvMIWkMcB1FhNOUnc2G462,200,false
,KG9Pba3wEih0TBi9XNHT4pI25V42,-O2iRso2iyzmadqIfVbD,-O2iTSjZ967VPuSGP8ME,r81eaF32dKNviefmtozL4sD6eEk1,160,false
,KG9Pba3wEih0TBi9XNHT4pI25V42,-NyPQFt54nlNBW3puYIA,-Nz7c1mrSxF3AM0MkKgH,5Cs2g0Sbaqbzc3QouNrhNMAyuZw2,200,false
,KG9Pba3wEih0TBi9XNHT4pI25V42,-Nz8gz69kcJhEvw7yuiK,-Nz8tbsNgSMTHHogrwO3,svBhhRbgxRM8beagiWP1J3c0qXB2,40,false
,KG9Pba3wEih0TBi9XNHT4pI25V42,-O2OF229tBkgX-nhToQ8,-O2OG6he4G6anOmfvIyZ,0AVJzqhE1SdmALfANXQgoIAhRPi2,300,false
,KG9Pba3wEih0TBi9XNHT4pI25V42,-O2iRso2iyzmadqIfVbD,-O2iSiCZ3n_IDeoNr9Sj,r81eaF32dKNviefmtozL4sD6eEk1,300,false
,KG9Pba3wEih0TBi9XNHT4pI25V42,-Nl7ldAXg-HYEu5UMywi,-Nl7rw88iOihIHj-S3DA,ZCb6yQIfkThbWehMbI5zA7MZpy12,200,false
,KG9Pba3wEih0TBi9XNHT4pI25V42,-O4A69NIczhDVSOvO-bK,-O4A9Zu1SvZjXrQoQyrl,W4zM5c0XmNfv11Z7mXQIjkP1QE82,200,false
,KG9Pba3wEih0TBi9XNHT4pI25V42,-O3lOj3T61E_5vERBmtE,-O3lRiqGBvKaPDAAJd5n,BpUIWVcu2cQUfJwjJG0SiCNGjd92,200,false
,KG9Pba3wEih0TBi9XNHT4pI25V42,-O2iCO-kMj1e3jLBhk3I,-O2iRFgigzRkqV9VHDqr,oXqZ0ZlQsLcTSPY8UOyukVWaYuG3,200,false
,KG9Pba3wEih0TBi9XNHT4pI25V42,-O4A69NIczhDVSOvO-bK,-O4A6vAjWhTh4c66lozl,W4zM5c0XmNfv11Z7mXQIjkP1QE82,300,false
,KG9Pba3wEih0TBi9XNHT4pI25V42,-NyPT5X9y1d-Hfu3x4Kk,-NyPVWdQ2KUiPkIKO_Am,Ghp1t1lm7kceuk0S6PZx1sjvicj2,350,false
,KG9Pba3wEih0TBi9XNHT4pI25V42,-NyPT5X9y1d-Hfu3x4Kk,-NyPWC_RvPFq8GLBm-5W,Ghp1t1lm7kceuk0S6PZx1sjvicj2,350,false
,KG9Pba3wEih0TBi9XNHT4pI25V42,-NoVk5Kd7SDp2FKbe2Jr,-NoVlNhdzUovGOIM7iut,5thBaBZMEmdtt6Ny7mY60v3redb2,300,false
,KG9Pba3wEih0TBi9XNHT4pI25V42,-Ny0cIPTcro557kRNPEh,-Ny0d9INQaoDTWXMFBfe,ecPETjLkj8TPRy2PppjGXNv9OuJ3,350,false
,KG9Pba3wEih0TBi9XNHT4pI25V42,-NrG3htiQeFdwRH5uWDN,-NrG7hiiHcPoz2vy0EwF,Qkg0A8sNoGPGzfeGqoXz8uTAhWj2,200,false
,KG9Pba3wEih0TBi9XNHT4pI25V42,-O85f_8vXT7G7-THmWlc,-O85hV3L99V3Phl3GM9W,oZ9133OocDhw0xNoA8zVPsiI5LE2,200,false
,KG9Pba3wEih0TBi9XNHT4pI25V42,-NrG3htiQeFdwRH5uWDN,-NrG6DDd-74GAp1oKsuu,Qkg0A8sNoGPGzfeGqoXz8uTAhWj2,350,false
,KG9Pba3wEih0TBi9XNHT4pI25V42,-NoVk5Kd7SDp2FKbe2Jr,-NoVl05cwblKySdgw3ES,5thBaBZMEmdtt6Ny7mY60v3redb2,300,false
,KG9Pba3wEih0TBi9XNHT4pI25V42,-MvW5gwdK1MOWBE3u7g6,-MvW5gwdK1MOWBE3u7g8,U7fkq5kKJaSGcu7B2BSylaAB00d2,300,false
,KG9Pba3wEih0TBi9XNHT4pI25V42,-Nz8gz69kcJhEvw7yuiK,-Nz8tJF34Bks4HiPLqb3,qfu7IPPcCyXFoV1Gn1sToYfq5F63,40,false
,KG9Pba3wEih0TBi9XNHT4pI25V42,-Nzhrmf0iuIlOwL7OxlM,-NzhshtG_h2SG96Qhobf,JjgK259ffIYREcCanlAIYEvUhNr1,300,false
,KG9Pba3wEih0TBi9XNHT4pI25V42,-Nc6Oh9qfA9ThSW4lbxv,-Nc6TLyA3bUkpPM7i2JY,OI4faPnFE8UCLbXDyEArbVjcl5l1,200,false
,KG9Pba3wEih0TBi9XNHT4pI25V42,-Ny0cIPTcro557kRNPEh,-Nz7bEth_Zn7YTFueRHu,ecPETjLkj8TPRy2PppjGXNv9OuJ3,200,false
,KG9Pba3wEih0TBi9XNHT4pI25V42,-O2iCO-kMj1e3jLBhk3I,-O2iLafmghSVp3Dx_p0V,oXqZ0ZlQsLcTSPY8UOyukVWaYuG3,300,false
,KG9Pba3wEih0TBi9XNHT4pI25V42,-N8wrJ7SvHAC_pStTMIM,-N8wsmL2_lyB6oYgJTuO,Ub1KaSccZFRDLrvC0w2kDp5U2lh1,300,false
,KG9Pba3wEih0TBi9XNHT4pI25V42,-Nl7ldAXg-HYEu5UMywi,-Nl7p0MqMy8IsomQju4P,0lkTJw5tk4YIH0q0qy7HURKUXYH2,300,false
,KG9Pba3wEih0TBi9XNHT4pI25V42,-Nl7ldAXg-HYEu5UMywi,-Nl7qBavtazhQ8colX4P,0lkTJw5tk4YIH0q0qy7HURKUXYH2,300,false
,KG9Pba3wEih0TBi9XNHT4pI25V42,-Nz8TUgyp8W61kxo694b,-Nz8dGH2Lx9TWPKsCp3L,LmxPwOIS46V0sL3QLoqbYf4DHBT2,350,false
,KG9Pba3wEih0TBi9XNHT4pI25V42,-NcXs2ErKckrr89Qsdf_,-NcXszPYLYFyRWlyT2jh,9RzT6aj1zNdu2wRRTsWFXlxbxHI2,300,false
,KG9Pba3wEih0TBi9XNHT4pI25V42,-Nc6UA9Hl08A7BFSuNAc,-Nc6Ue9E8YtzB0vHdq7r,4L50TRmzlWR4gZ67WgTAvuwmtm62,300,false
,KG9Pba3wEih0TBi9XNHT4pI25V42,-NcXs2ErKckrr89Qsdf_,-NcXu_7aEPbNNzccZoQf,9RzT6aj1zNdu2wRRTsWFXlxbxHI2,300,false
,KG9Pba3wEih0TBi9XNHT4pI25V42,-Nz8TUgyp8W61kxo694b,-Nz8f8_jIjV8UNIsblAn,Tjd8Xmwed7cZ3Sy1lhlFhI4jpgs1,200,false
,KG9Pba3wEih0TBi9XNHT4pI25V42,-O08Scdjlm_JdR5aBA18,-O08WDcPi1su6xlGGOtO,rTZ82KNjL9MvtTXMxwbB9zvwdwd2,200,false
,KG9Pba3wEih0TBi9XNHT4pI25V42,-O3lSfIeS08GM2ivPHvw,-O3lU73vihDJ-tkjb1W7,zUbjejEygcOo1OhxGJ6EjSv3lnJ2,350,false
,KG9Pba3wEih0TBi9XNHT4pI25V42,-Nc6Oh9qfA9ThSW4lbxv,-Nc6PtOC7oH1DR4AjtEl,7TpqixrzItOoGTd3pAVczLsiGBn2,300,false
,KG9Pba3wEih0TBi9XNHT4pI25V42,-Nc6Oh9qfA9ThSW4lbxv,-Nc6QoTKmZndH7XV17Dj,7TpqixrzItOoGTd3pAVczLsiGBn2,300,false
,KG9Pba3wEih0TBi9XNHT4pI25V42,-O3lSfIeS08GM2ivPHvw,-O3lV8PaQWdxrd4tDNdB,zUbjejEygcOo1OhxGJ6EjSv3lnJ2,200,false
,KG9Pba3wEih0TBi9XNHT4pI25V42,-NikJ-sBrcRBMSF0jgFo,-NikMSDkW9Q7OwEx9i50,4qpjHqWGxBVRircldaLbMbykVHs2,200,false
,KG9Pba3wEih0TBi9XNHT4pI25V42,-O2iCO-kMj1e3jLBhk3I,-O2iMdXQsSAmK0lohefp,JLUqWFljpjQWehn0kLusKZW1BzP2,300,false
,KG9Pba3wEih0TBi9XNHT4pI25V42,-NrG3htiQeFdwRH5uWDN,-NrG6gnqT9gYK-sLjvsk,EAtrJp6aX1VNwSf5GKYhhfYqonE2,350,false
,KG9Pba3wEih0TBi9XNHT4pI25V42,-Nzi60zH5ycXLCx0UeSc,-Nzi8TU0ud-USRS0szII,AVp53dfgqlYPtSgr1LQ00Mk0ET63,300,false
,KG9Pba3wEih0TBi9XNHT4pI25V42,-O08vVh_sepkZWWYtBMO,-O08z7-lRDWJ_U1pxQmd,ucOIqUQGVrflMOkRpWLnvadLdwH2,200,false
,KG9Pba3wEih0TBi9XNHT4pI25V42,-NyPT5X9y1d-Hfu3x4Kk,-Nz7dXBVkcVnkE1bXDaR,unx7JeTSE9cEGdBknsaCP6fOn722,200,false
,KG9Pba3wEih0TBi9XNHT4pI25V42,-OEO3uN0yOJDl9KJg_L-,-OEO5El6_avpB5kj8qs8,lzE8rR5G2QPhwIctNWVuGoFjJfF3,160,false
,KG9Pba3wEih0TBi9XNHT4pI25V42,-O4AuNoq6t8ZB3Y97B8z,-O4Ea4dLDCc8InlI5_au,c7srj80ovoVtqSOwZBm1ppBO68a2,200,false
,KG9Pba3wEih0TBi9XNHT4pI25V42,-Ny0cIPTcro557kRNPEh,-Nz7bc2O8jMm2Hxz_9YW,ecPETjLkj8TPRy2PppjGXNv9OuJ3,200,false
,KG9Pba3wEih0TBi9XNHT4pI25V42,-O08Scdjlm_JdR5aBA18,-O08TRGdveTR1ACscEE-,4Jx6OOt5PTdUbSrLZc9U75AOWRt1,300,false
,KG9Pba3wEih0TBi9XNHT4pI25V42,-Nt0dCRS9khradpJF5zd,-Nt0f94vJLCgbmyZBskU,zTLY3kmXG0Odbpwhnnhp4FMMGbO2,200,false
,KG9Pba3wEih0TBi9XNHT4pI25V42,-O2OF229tBkgX-nhToQ8,-O2OHjqDU5YM-vl-AQut,0AVJzqhE1SdmALfANXQgoIAhRPi2,200,false
,KG9Pba3wEih0TBi9XNHT4pI25V42,-MvW5gwdK1MOWBE3u7g6,-MvW5gweqPowDXKXA3c1,SkgBokIv64SCGLEBVc2SGT6asAz2,200,false
,KG9Pba3wEih0TBi9XNHT4pI25V42,-NmC18VrA8CeragiVGu8,-NmC27wH2iBooJJtQVsG,lFdpGusL5AQvecHdY3ZC5wo3ha03,300,false
,KG9Pba3wEih0TBi9XNHT4pI25V42,-NmC18VrA8CeragiVGu8,-NmC2faARSqpAG6okYEj,lFdpGusL5AQvecHdY3ZC5wo3ha03,300,false
,KG9Pba3wEih0TBi9XNHT4pI25V42,-Nzhrmf0iuIlOwL7OxlM,-Nzhua1YBM1aZltxsz5G,JjgK259ffIYREcCanlAIYEvUhNr1,200,false
,KG9Pba3wEih0TBi9XNHT4pI25V42,-NcXs2ErKckrr89Qsdf_,-NdKFdCqVGnzDSWs0dLW,Em5ikAsNyIWtFq0uXd2kkiKGj9o2,200,false
,KG9Pba3wEih0TBi9XNHT4pI25V42,-Nzhrmf0iuIlOwL7OxlM,-Nzht5CMNinGqP-HpxQX,JjgK259ffIYREcCanlAIYEvUhNr1,300,false
,KG9Pba3wEih0TBi9XNHT4pI25V42,-Nt0dCRS9khradpJF5zd,-Nt0dk7NbHkuHI8_DjTA,GvVX5IcXZwdn4ck7nvxBsVLrB9y1,300,false
,KG9Pba3wEih0TBi9XNHT4pI25V42,-O7mAuYTaeRX9n5j3Nuy,-O7mCxZoracdLc3kQdG3,GP5WzDwvMIWkMcB1FhNOUnc2G462,200,false
,KG9Pba3wEih0TBi9XNHT4pI25V42,-O2iCO-kMj1e3jLBhk3I,-O2iDWVm9nO-tPeKLcN7,VxFWn5DNgmVlBWaonBVX0fEvJbN2,300,false
,KG9Pba3wEih0TBi9XNHT4pI25V42,-NtRGnH3AbJJ9Y2PvrXH,-NtRHNLYn6asza81C5t3,i7OZAXq2ERagRVtlg58zkKCeWor1,500,false
,KG9Pba3wEih0TBi9XNHT4pI25V42,-O2iCO-kMj1e3jLBhk3I,-O2iN9OiR5xZHtqs2g5P,VZeemC550mNf2WsoeXtDDDLQ30p2,300,false
,KG9Pba3wEih0TBi9XNHT4pI25V42,-Nz8gz69kcJhEvw7yuiK,-Nz8tzF8mnIGB4W3X0tp,qfu7IPPcCyXFoV1Gn1sToYfq5F63,40,false
,KG9Pba3wEih0TBi9XNHT4pI25V42,-NzhxakpJN9VUjNaxkDc,-NzhzyFXDKVfO12DZ_wF,3fRMDAVqQeR6ZKvng7Qj5Qekqvi1,200,false
,KG9Pba3wEih0TBi9XNHT4pI25V42,-Nzhrmf0iuIlOwL7OxlM,-NzhtT8zbN9PIqu0RgQ0,lPfaVvSuEqWvHPyHIJ8b5rPM6Jw1,300,false
,KG9Pba3wEih0TBi9XNHT4pI25V42,-NikJ-sBrcRBMSF0jgFo,-NikKDH65SXjmZM5nj7g,4qpjHqWGxBVRircldaLbMbykVHs2,300,false
,KG9Pba3wEih0TBi9XNHT4pI25V42,-Nt0dCRS9khradpJF5zd,-Nt0eVtg7KrpUToZc6p7,fNXebCZB5iff78REWK5RNDYsMAj2,300,false
,KG9Pba3wEih0TBi9XNHT4pI25V42,-O2iRso2iyzmadqIfVbD,-O2iTpSXiRJciOBtrbQr,r81eaF32dKNviefmtozL4sD6eEk1,160,false
,KG9Pba3wEih0TBi9XNHT4pI25V42,-O7mAuYTaeRX9n5j3Nuy,-O7mCbz8FUXkz_fhCbWV,GP5WzDwvMIWkMcB1FhNOUnc2G462,280,false
,KG9Pba3wEih0TBi9XNHT4pI25V42,-O08Scdjlm_JdR5aBA18,-O08VSmx--lFsgHdaDAi,rTZ82KNjL9MvtTXMxwbB9zvwdwd2,300,false
,KG9Pba3wEih0TBi9XNHT4pI25V42,-Nl7ldAXg-HYEu5UMywi,-Nl7nGED9NfHgbo65J6t,22m9r3OrMsUhw8AVArHLLkRYmYA2,300,false
,KG9Pba3wEih0TBi9XNHT4pI25V42,-Nl7ldAXg-HYEu5UMywi,-Nl7qo73b_M6fJHtWMeB,22m9r3OrMsUhw8AVArHLLkRYmYA2,200,false
,KG9Pba3wEih0TBi9XNHT4pI25V42,-Nz8gz69kcJhEvw7yuiK,-Nz8sbgEhTGqoDwMyKrG,qfu7IPPcCyXFoV1Gn1sToYfq5F63,260,false
,KG9Pba3wEih0TBi9XNHT4pI25V42,-O2iRso2iyzmadqIfVbD,-O2iT4IXCgbFFbsoUOyi,r81eaF32dKNviefmtozL4sD6eEk1,300,false
,KG9Pba3wEih0TBi9XNHT4pI25V42,-NyPT5X9y1d-Hfu3x4Kk,-Nz7drF8d4_W3PsoXA87,unx7JeTSE9cEGdBknsaCP6fOn722,200,false
,KG9Pba3wEih0TBi9XNHT4pI25V42,-O-1Cyu-zBSt-dIFoblE,-O-1FT1G9MctcDJXgW4v,1gGzMXxa8mRjJmRNlZSekOpiBRJ3,330,false
,KG9Pba3wEih0TBi9XNHT4pI25V42,-NyPQFt54nlNBW3puYIA,-Nz7cLqwnDL_8r61vhry,5Cs2g0Sbaqbzc3QouNrhNMAyuZw2,200,false
,KG9Pba3wEih0TBi9XNHT4pI25V42,-O2iRso2iyzmadqIfVbD,-O2iSJxW236KMyApWe0f,r81eaF32dKNviefmtozL4sD6eEk1,300,false
,KG9Pba3wEih0TBi9XNHT4pI25V42,-NzhxakpJN9VUjNaxkDc,-NzhyWA4d2EoN1Y6-s-G,xsBTOW00ZoeCemDJRhHw6VJFBpa2,300,false
,KG9Pba3wEih0TBi9XNHT4pI25V42,-NuxvYr1fBsTVLRsQA9W,-Nuy4LGxCcAs8zve4aOd,KGoXvEjsdygadV2PtVZltkLhlzb2,350,false
,KG9Pba3wEih0TBi9XNHT4pI25V42,-NuxvYr1fBsTVLRsQA9W,-Nuy4l2lM1T_niaKwcqQ,KGoXvEjsdygadV2PtVZltkLhlzb2,350,false
,KG9Pba3wEih0TBi9XNHT4pI25V42,-O2iRso2iyzmadqIfVbD,-O2iUS2MXzci6rSo-gDh,r81eaF32dKNviefmtozL4sD6eEk1,160,false
,KG9Pba3wEih0TBi9XNHT4pI25V42,-NzhxakpJN9VUjNaxkDc,-O3gb-6Y39mzH6rLXIV0,xsBTOW00ZoeCemDJRhHw6VJFBpa2,300,false
,KG9Pba3wEih0TBi9XNHT4pI25V42,-NikJ-sBrcRBMSF0jgFo,-NikNgf5aHOpzTioEp5m,JQ3FVTnxCPV2cil7pNqMiUE4qem2,200,false
,KG9Pba3wEih0TBi9XNHT4pI25V42,-O2OF229tBkgX-nhToQ8,-O2OGThYnuW1vpBn6HC0,0AVJzqhE1SdmALfANXQgoIAhRPi2,300,false
,KG9Pba3wEih0TBi9XNHT4pI25V42,-Nt0dCRS9khradpJF5zd,-Nt0e8w14Zy1GHbUCF5T,FDdGg7jW1nemt0MPYIgebCNfOog1,300,false
,KG9Pba3wEih0TBi9XNHT4pI25V42,-O08Scdjlm_JdR5aBA18,-O08TtG2VAtQLTTWo-SH,APSXbFxB7BdSRzni1jPFVtDQQWm2,300,false
,KG9Pba3wEih0TBi9XNHT4pI25V42,-Nc6Oh9qfA9ThSW4lbxv,-Nc6REiQl4nV4AXPxknu,hYghIZ3cJ9fijcHbCauYLW7lIim2,300,false
,KG9Pba3wEih0TBi9XNHT4pI25V42,-O2-oGHz11fN1Dyp-42c,-O2-qgSkWBhy7RJrbAzk,2D7jTNlza7eGirDe8VUVnkrSuGw1,160,false
,KG9Pba3wEih0TBi9XNHT4pI25V42,-N_rA4HA5hBTTHe_RVRK,-N_rDAV9dkG0PMBxLE69,PqFJMwMEyiQRlgQgOHfBwtaUAOf2,300,false
,KG9Pba3wEih0TBi9XNHT4pI25V42,-NzhxakpJN9VUjNaxkDc,-Nzi-rqb2MuRgDzK4q-Z,LxFkjmkK8wYfW2sNLUWZqHOcOAp2,200,false
,KG9Pba3wEih0TBi9XNHT4pI25V42,-NrG3htiQeFdwRH5uWDN,-NrG9jnOfMjfAqS3CimW,7FXKBehhkvW9o2l0b53Vem1rqSj1,200,false
,KG9Pba3wEih0TBi9XNHT4pI25V42,-N_rA4HA5hBTTHe_RVRK,-N_rCAhIBVn-7NAIov63,PqFJMwMEyiQRlgQgOHfBwtaUAOf2,300,false
,KG9Pba3wEih0TBi9XNHT4pI25V42,-O7mAuYTaeRX9n5j3Nuy,-O7mCHN-I06WYMsxafGK,GP5WzDwvMIWkMcB1FhNOUnc2G462,280,false
,KG9Pba3wEih0TBi9XNHT4pI25V42,-O4A69NIczhDVSOvO-bK,-O4A7JRtUlLTg8YqAY37,W4zM5c0XmNfv11Z7mXQIjkP1QE82,300,false
,KG9Pba3wEih0TBi9XNHT4pI25V42,-OFbG05KZY963l9O7GtV,-OFbLkm8i6kGEzkSuDb9,MdwWNmzs8lNvUGDQkb6FRfBhNBU2,200,false
,KG9Pba3wEih0TBi9XNHT4pI25V42,-O2iCO-kMj1e3jLBhk3I,-O2iM7WL6efm2x91FehE,oXqZ0ZlQsLcTSPY8UOyukVWaYuG3,300,false
,KG9Pba3wEih0TBi9XNHT4pI25V42,-O4A69NIczhDVSOvO-bK,-O4A7eTwQIItyzde7fnW,W4zM5c0XmNfv11Z7mXQIjkP1QE82,300,false
,KG9Pba3wEih0TBi9XNHT4pI25V42,-Nc6Oh9qfA9ThSW4lbxv,-Nc6QJoVKBMMQDLBFT37,Aa4WHpe15VS2LaFwOXxPGWFNNeD3,300,false
,KG9Pba3wEih0TBi9XNHT4pI25V42,-MvW5gwdK1MOWBE3u7g6,-MvW5gwdK1MOWBE3u7g7,1cjRcUPiReMj6j8AHrFd2h39VF82,300,false
,KG9Pba3wEih0TBi9XNHT4pI25V42,-Nz8TUgyp8W61kxo694b,-Nz8cI8DRjzOud1NKXDp,LmxPwOIS46V0sL3QLoqbYf4DHBT2,350,false
,KG9Pba3wEih0TBi9XNHT4pI25V42,-MvW5gwdK1MOWBE3u7g6,-MvW5gwdK1MOWBE3u7g9,1cjRcUPiReMj6j8AHrFd2h39VF82,300,false
,KG9Pba3wEih0TBi9XNHT4pI25V42,-O08Scdjlm_JdR5aBA18,-O08XTpLd6NlmtuTwnpD,LA88Zs2GA3MjzbJlxLWgdQJHhr12,200,false
,KG9Pba3wEih0TBi9XNHT4pI25V42,-NrG3htiQeFdwRH5uWDN,-NrG7GTRtvB4HNgk14D_,EAtrJp6aX1VNwSf5GKYhhfYqonE2,350,false
,KG9Pba3wEih0TBi9XNHT4pI25V42,-NrG3htiQeFdwRH5uWDN,-NrG5HJYwfH4liroGXii,Qkg0A8sNoGPGzfeGqoXz8uTAhWj2,350,false
,KG9Pba3wEih0TBi9XNHT4pI25V42,-NrG3htiQeFdwRH5uWDN,-NrG5lwA4LweBQPkhqGB,EAtrJp6aX1VNwSf5GKYhhfYqonE2,350,false
,KG9Pba3wEih0TBi9XNHT4pI25V42,-NmC18VrA8CeragiVGu8,-NmC5J_583iJk4ArlvBh,tj8bNgp48jh42gQMXrYFg2iA42w2,200,false
,KG9Pba3wEih0TBi9XNHT4pI25V42,-NoVk5Kd7SDp2FKbe2Jr,-NoVmLgFP3ev5v11tfAY,5thBaBZMEmdtt6Ny7mY60v3redb2,300,false
,KG9Pba3wEih0TBi9XNHT4pI25V42,-NoVk5Kd7SDp2FKbe2Jr,-NoVmeZVmmgYNxANZALf,5thBaBZMEmdtt6Ny7mY60v3redb2,300,false
,KG9Pba3wEih0TBi9XNHT4pI25V42,-O-1Cyu-zBSt-dIFoblE,-O-1G956IpbNok5TxV4J,1gGzMXxa8mRjJmRNlZSekOpiBRJ3,180,false
,KG9Pba3wEih0TBi9XNHT4pI25V42,-O2OF229tBkgX-nhToQ8,-O2OG6he4G6anOmfvIyZ,0AVJzqhE1SdmALfANXQgoIAhRPi2,300,false
,KG9Pba3wEih0TBi9XNHT4pI25V42,-O08Scdjlm_JdR5aBA18,-O08X4OjSysslQtCnSef,rTZ82KNjL9MvtTXMxwbB9zvwdwd2,200,false
,KG9Pba3wEih0TBi9XNHT4pI25V42,-O4AuNoq6t8ZB3Y97B8z,-O4E_Dfaz8ma9_RHg-K_,c7srj80ovoVtqSOwZBm1ppBO68a2,200,false
,KG9Pba3wEih0TBi9XNHT4pI25V42,-Nc6UA9Hl08A7BFSuNAc,-Nc6V0X6OIQrhj8c84Mw,uooReCdNr0YJvbeSVMn0RwEAWBj1,300,false
,KG9Pba3wEih0TBi9XNHT4pI25V42,-O2iCO-kMj1e3jLBhk3I,-O2iNmXJPTawig22QnDh,oXqZ0ZlQsLcTSPY8UOyukVWaYuG3,200,false
,KG9Pba3wEih0TBi9XNHT4pI25V42,-NrG3htiQeFdwRH5uWDN,-NrG6DDd-74GAp1oKsuu,Qkg0A8sNoGPGzfeGqoXz8uTAhWj2,350,false
,KG9Pba3wEih0TBi9XNHT4pI25V42,-O08Scdjlm_JdR5aBA18,-O08TRGdveTR1ACscEE-,AgpIPhKfxoazRhofV3tqPOJlkE02,300,false
,KG9Pba3wEih0TBi9XNHT4pI25V42,-O3lSfIeS08GM2ivPHvw,-O3lTdZLuXvPWQ5W3cyg,zUbjejEygcOo1OhxGJ6EjSv3lnJ2,350,false
,KG9Pba3wEih0TBi9XNHT4pI25V42,-Nzhrmf0iuIlOwL7OxlM,-Nzht5CMNinGqP-HpxQX,JjgK259ffIYREcCanlAIYEvUhNr1,300,false
,KG9Pba3wEih0TBi9XNHT4pI25V42,-NrG3htiQeFdwRH5uWDN,-NrG8p8JAWM6a_keuTXq,yBkq8BoZduZmG34kKn16f6hbOW92,200,false
,KG9Pba3wEih0TBi9XNHT4pI25V42,-Nt0dCRS9khradpJF5zd,-Nt0f94vJLCgbmyZBskU,zTLY3kmXG0Odbpwhnnhp4FMMGbO2,200,false
,KG9Pba3wEih0TBi9XNHT4pI25V42,-NyPQFt54nlNBW3puYIA,-NyPV7vWjYaxVX_1Gzfo,5Cs2g0Sbaqbzc3QouNrhNMAyuZw2,350,false
,KG9Pba3wEih0TBi9XNHT4pI25V42,-NyPQFt54nlNBW3puYIA,-NyPUlupQ6jBxywhUH63,5Cs2g0Sbaqbzc3QouNrhNMAyuZw2,350,false
,KG9Pba3wEih0TBi9XNHT4pI25V42,-O7mAuYTaeRX9n5j3Nuy,-O7mDIl007mLEK73VuVW,GP5WzDwvMIWkMcB1FhNOUnc2G462,200,false
,KG9Pba3wEih0TBi9XNHT4pI25V42,-Nc6Oh9qfA9ThSW4lbxv,-Nc6SB-qZZbutYeS2rPK,PWZqrecnVed2BpWoN2LGyyIXpGq2,200,false
,KG9Pba3wEih0TBi9XNHT4pI25V42,-NoVk5Kd7SDp2FKbe2Jr,-NoVlNhdzUovGOIM7iut,5thBaBZMEmdtt6Ny7mY60v3redb2,300,false
,KG9Pba3wEih0TBi9XNHT4pI25V42,-NcXs2ErKckrr89Qsdf_,-NcXtZe9WkI7UNKrLLhZ,Em5ikAsNyIWtFq0uXd2kkiKGj9o2,300,false
,KG9Pba3wEih0TBi9XNHT4pI25V42,-NrG3htiQeFdwRH5uWDN,-NrG6gnqT9gYK-sLjvsk,Fn3YJeigNRZ5oL3JMroQ3DHXs2I3,350,false
,KG9Pba3wEih0TBi9XNHT4pI25V42,-O3lOj3T61E_5vERBmtE,-O3lRiqGBvKaPDAAJd5n,BpUIWVcu2cQUfJwjJG0SiCNGjd92,200,false
,KG9Pba3wEih0TBi9XNHT4pI25V42,-Nz8gz69kcJhEvw7yuiK,-Nz8tzF8mnIGB4W3X0tp,qfu7IPPcCyXFoV1Gn1sToYfq5F63,40,false
,KG9Pba3wEih0TBi9XNHT4pI25V42,-O2iRso2iyzmadqIfVbD,-O2iSiCZ3n_IDeoNr9Sj,r81eaF32dKNviefmtozL4sD6eEk1,300,false
,KG9Pba3wEih0TBi9XNHT4pI25V42,-Nc6Oh9qfA9ThSW4lbxv,-Nc6StWMFAWQQU6Eb-GU,7TpqixrzItOoGTd3pAVczLsiGBn2,200,false
,KG9Pba3wEih0TBi9XNHT4pI25V42,-NzhxakpJN9VUjNaxkDc,-NzhysuNuXLLjQPuspd-,hfsOaTAYJ1W8Ai294DtdboUxJB33,300,false
,KG9Pba3wEih0TBi9XNHT4pI25V42,-NzhxakpJN9VUjNaxkDc,-NzhzJUAI8an8rhRhrHl,Sp0p2vnJtdZ9MQLFaM4wSXGVF5p1,300,false
,KG9Pba3wEih0TBi9XNHT4pI25V42,-Nz8TUgyp8W61kxo694b,-Nz8bngvOXQWuCw_YItd,ImUQeRqXyeOG7wGIlOMOv0RTa852,350,false
,KG9Pba3wEih0TBi9XNHT4pI25V42,-Nc6Oh9qfA9ThSW4lbxv,-Nc6PtOC7oH1DR4AjtEl,crUIts97uOhGpKoQXkZvdIOnV0A2,300,false
,KG9Pba3wEih0TBi9XNHT4pI25V42,-O08vVh_sepkZWWYtBMO,-O08vsqJMhBWrNKTuKiS,6gkdOmlYFOhsi7xe1pMrruBLBby2,300,false
,KG9Pba3wEih0TBi9XNHT4pI25V42,-O3lSfIeS08GM2ivPHvw,-O3lUkHiQX_jTelG-byR,zUbjejEygcOo1OhxGJ6EjSv3lnJ2,200,false
,KG9Pba3wEih0TBi9XNHT4pI25V42,-Nt0dCRS9khradpJF5zd,-Nt0dk7NbHkuHI8_DjTA,vbtKCnUPdLN0JvJ6fDJueohkqWm2,300,false
,KG9Pba3wEih0TBi9XNHT4pI25V42,-O3lOj3T61E_5vERBmtE,-O3lRCxnD8DGzMFzPDjw,BpUIWVcu2cQUfJwjJG0SiCNGjd92,300,false
,KG9Pba3wEih0TBi9XNHT4pI25V42,-MvW5gwdK1MOWBE3u7g6,-MvW5gweqPowDXKXA3c1,1cjRcUPiReMj6j8AHrFd2h39VF82,200,false
,KG9Pba3wEih0TBi9XNHT4pI25V42,-O85f_8vXT7G7-THmWlc,-O85h154qc3W2TTPFwQ6,y9qvolAXr7gMyva1KIcJBE755O22,300,false
,KG9Pba3wEih0TBi9XNHT4pI25V42,-MvW5gwdK1MOWBE3u7g6,-MvW5gwdK1MOWBE3u7g8,H74IcX7sUIa9NFrQlKCuoUfprb03,300,false
,KG9Pba3wEih0TBi9XNHT4pI25V42,-O08Scdjlm_JdR5aBA18,-O08UN7JJcEyY_Wy3PcR,nOju56L8e6g6UW8eixYmZ7KQF953,300,false
,KG9Pba3wEih0TBi9XNHT4pI25V42,-O08Scdjlm_JdR5aBA18,-O08V9lYBzmXGZyY06NI,nOju56L8e6g6UW8eixYmZ7KQF953,300,false
,KG9Pba3wEih0TBi9XNHT4pI25V42,-O08vVh_sepkZWWYtBMO,-O08yfZdlcZXR0v-MhGe,4PgwjLhYotZT0uwtVa9sbJ7YNhN2,200,false
,KG9Pba3wEih0TBi9XNHT4pI25V42,-NzhxakpJN9VUjNaxkDc,-Nzhy-U3IfUfhWdH4Rkg,jpU2TNXOKJhx9x9K90X5iNqNpZy1,300,false
,KG9Pba3wEih0TBi9XNHT4pI25V42,-Nc6Oh9qfA9ThSW4lbxv,-Nc6QoTKmZndH7XV17Dj,crUIts97uOhGpKoQXkZvdIOnV0A2,300,false
,KG9Pba3wEih0TBi9XNHT4pI25V42,-NyPT5X9y1d-Hfu3x4Kk,-Nz7dXBVkcVnkE1bXDaR,unx7JeTSE9cEGdBknsaCP6fOn722,200,false
,KG9Pba3wEih0TBi9XNHT4pI25V42,-O08Scdjlm_JdR5aBA18,-O08WetfDgMEbuIKjnxo,4Jx6OOt5PTdUbSrLZc9U75AOWRt1,200,false
,KG9Pba3wEih0TBi9XNHT4pI25V42,-N_rA4HA5hBTTHe_RVRK,-N_rS8ZhDu5VOuFPVl4D,P4w1QPhqQAbYmrKJ7nSGQdBCSUm1,300,false
,KG9Pba3wEih0TBi9XNHT4pI25V42,-NrG3htiQeFdwRH5uWDN,-NrG7hiiHcPoz2vy0EwF,Qkg0A8sNoGPGzfeGqoXz8uTAhWj2,200,false
,KG9Pba3wEih0TBi9XNHT4pI25V42,-MvW5gwdK1MOWBE3u7g6,-MvW5gwdK1MOWBE3u7g9,DzsSFFmwolh74tWWa2OzcpCjotj2,300,false
,KG9Pba3wEih0TBi9XNHT4pI25V42,-O5s3Rd4oAvokOAYSy_4,-O5s5bgEy8Y2nxuGvO3_,QpNynavALeRphpqE2Ce8iK4aCbv2,200,false
,KG9Pba3wEih0TBi9XNHT4pI25V42,-O3lSfIeS08GM2ivPHvw,-O3lU73vihDJ-tkjb1W7,zUbjejEygcOo1OhxGJ6EjSv3lnJ2,350,false
,KG9Pba3wEih0TBi9XNHT4pI25V42,-Nzhrmf0iuIlOwL7OxlM,-NzhshtG_h2SG96Qhobf,JjgK259ffIYREcCanlAIYEvUhNr1,300,false
,KG9Pba3wEih0TBi9XNHT4pI25V42,-Nc6UA9Hl08A7BFSuNAc,-Nc6XxUik2OzVutzbyFr,4L50TRmzlWR4gZ67WgTAvuwmtm62,200,false
,KG9Pba3wEih0TBi9XNHT4pI25V42,-O7mAuYTaeRX9n5j3Nuy,-O7mCbz8FUXkz_fhCbWV,GP5WzDwvMIWkMcB1FhNOUnc2G462,280,false
,KG9Pba3wEih0TBi9XNHT4pI25V42,-Nzi60zH5ycXLCx0UeSc,-Nzi7o-Lf_jPEMf3Qg5K,AVp53dfgqlYPtSgr1LQ00Mk0ET63,300,false
,KG9Pba3wEih0TBi9XNHT4pI25V42,-Nzi60zH5ycXLCx0UeSc,-Nzi88nW1AZ1lhfpa2Fr,AVp53dfgqlYPtSgr1LQ00Mk0ET63,300,false
,KG9Pba3wEih0TBi9XNHT4pI25V42,-NmC18VrA8CeragiVGu8,-NmC4TFQCahBPwfbBz5Z,lFdpGusL5AQvecHdY3ZC5wo3ha03,200,false
,KG9Pba3wEih0TBi9XNHT4pI25V42,-Nc6UA9Hl08A7BFSuNAc,-Nc6XZAzfijtx9xTlfuD,FoGblXUVylb0sGE9ULnWILDBZBg1,200,false
,KG9Pba3wEih0TBi9XNHT4pI25V42,-O2iCO-kMj1e3jLBhk3I,-O2iMdXQsSAmK0lohefp,DoggIMTOrXTyihAWNPDup9PujZy2,300,false
,KG9Pba3wEih0TBi9XNHT4pI25V42,-NyPQFt54nlNBW3puYIA,-NyPURUWwgu2qwP-H-fL,yqm9elpZOAfOcfxpA91CdRhB48U2,350,false
,KG9Pba3wEih0TBi9XNHT4pI25V42,-O7mAuYTaeRX9n5j3Nuy,-O7mCxZoracdLc3kQdG3,GP5WzDwvMIWkMcB1FhNOUnc2G462,200,false
,KG9Pba3wEih0TBi9XNHT4pI25V42,-Nz8gz69kcJhEvw7yuiK,-Nz8syGdcIwPn3fkc82I,qfu7IPPcCyXFoV1Gn1sToYfq5F63,260,false
,KG9Pba3wEih0TBi9XNHT4pI25V42,-O2OF229tBkgX-nhToQ8,-O2OGThYnuW1vpBn6HC0,aIq50XJFWwPPZigawPsNHzP3xYm1,300,false
,KG9Pba3wEih0TBi9XNHT4pI25V42,-O08vVh_sepkZWWYtBMO,-O08xSuDFCHuFY5S4x7d,8rxNFhqD6RgUfJZuzN1xNBWXsCu2,300,false
,KG9Pba3wEih0TBi9XNHT4pI25V42,-NyVaxBHWh_fOMAilGLc,-NyZC_42Anw3-eR6f9fa,IMUphzIjrXbFJrCDY0fZ9DyRMMA3,200,false
,KG9Pba3wEih0TBi9XNHT4pI25V42,-Nzhrmf0iuIlOwL7OxlM,-NzhtvWUSkU3Hchvt1Fp,owdufUWRGHheQ8i9G8OLxIv26V02,300,false
,KG9Pba3wEih0TBi9XNHT4pI25V42,-NmC18VrA8CeragiVGu8,-NmC6Txocmq8GZ4cO7H6,lFdpGusL5AQvecHdY3ZC5wo3ha03,200,false
,KG9Pba3wEih0TBi9XNHT4pI25V42,-NzhxakpJN9VUjNaxkDc,-NzhzJUAI8an8rhRhrHl,zVe9JlUQSVcTb7ssLIx49GWofc32,300,false
,KG9Pba3wEih0TBi9XNHT4pI25V42,-NcXs2ErKckrr89Qsdf_,-NcXv2pWm1f1Q9A7lWWS,9RzT6aj1zNdu2wRRTsWFXlxbxHI2,200,false
,KG9Pba3wEih0TBi9XNHT4pI25V42,-NzhxakpJN9VUjNaxkDc,-Nzhy-U3IfUfhWdH4Rkg,cH5vSzfzdoTvtAyFIhcq89IwqrW2,300,false
,KG9Pba3wEih0TBi9XNHT4pI25V42,-NzhxakpJN9VUjNaxkDc,-Nzi-RrZQA3MDrNj4_aB,jpU2TNXOKJhx9x9K90X5iNqNpZy1,200,false
,KG9Pba3wEih0TBi9XNHT4pI25V42,-Nl7ldAXg-HYEu5UMywi,-Nl7qBavtazhQ8colX4P,W8rG5QxpLvfbVjVRAyLp4jUBoLK2,300,false
,KG9Pba3wEih0TBi9XNHT4pI25V42,-Nl7ldAXg-HYEu5UMywi,-Nl7nGED9NfHgbo65J6t,ahkBcEpeLwbwcxw9rpFCUK7cdbp2,300,false
,KG9Pba3wEih0TBi9XNHT4pI25V42,-Nl7ldAXg-HYEu5UMywi,-Nl7p0MqMy8IsomQju4P,ahkBcEpeLwbwcxw9rpFCUK7cdbp2,300,false
,KG9Pba3wEih0TBi9XNHT4pI25V42,-NikJ-sBrcRBMSF0jgFo,-NikLupoi1Vfxj9FOcG5,4qpjHqWGxBVRircldaLbMbykVHs2,200,false
,KG9Pba3wEih0TBi9XNHT4pI25V42,-Nz8TUgyp8W61kxo694b,-Nz8f8_jIjV8UNIsblAn,LmxPwOIS46V0sL3QLoqbYf4DHBT2,200,false
,KG9Pba3wEih0TBi9XNHT4pI25V42,-O2iCO-kMj1e3jLBhk3I,-O2iOJOegpQYTQLR1sXw,VZeemC550mNf2WsoeXtDDDLQ30p2,200,false
,KG9Pba3wEih0TBi9XNHT4pI25V42,-OEO3uN0yOJDl9KJg_L-,-OEO4Qi32j5u1BTk8Ne7,TEynKhr9m7QAHr00PKDsAHbRssy1,300,false
,KG9Pba3wEih0TBi9XNHT4pI25V42,-OEO3uN0yOJDl9KJg_L-,-OEO4pg2vgOp_5oQttSc,TEynKhr9m7QAHr00PKDsAHbRssy1,300,false
,KG9Pba3wEih0TBi9XNHT4pI25V42,-O2iRso2iyzmadqIfVbD,-O2iTpSXiRJciOBtrbQr,r81eaF32dKNviefmtozL4sD6eEk1,160,false
,KG9Pba3wEih0TBi9XNHT4pI25V42,-NtRGnH3AbJJ9Y2PvrXH,-NtRIsYNSjaX50S7FryQ,i7OZAXq2ERagRVtlg58zkKCeWor1,300,false
,KG9Pba3wEih0TBi9XNHT4pI25V42,-NyPT5X9y1d-Hfu3x4Kk,-Nz7drF8d4_W3PsoXA87,Ghp1t1lm7kceuk0S6PZx1sjvicj2,200,false
,KG9Pba3wEih0TBi9XNHT4pI25V42,-O7mAuYTaeRX9n5j3Nuy,-O7mCHN-I06WYMsxafGK,GP5WzDwvMIWkMcB1FhNOUnc2G462,280,false
,KG9Pba3wEih0TBi9XNHT4pI25V42,-Nz8gz69kcJhEvw7yuiK,-Nz8tbsNgSMTHHogrwO3,svBhhRbgxRM8beagiWP1J3c0qXB2,40,false
,KG9Pba3wEih0TBi9XNHT4pI25V42,-MvW5gwdK1MOWBE3u7g6,-MvW5gwdK1MOWBE3u7g7,VjxSmXbYHKPVvYlH2K6rDB2KdMZ2,300,false
,KG9Pba3wEih0TBi9XNHT4pI25V42,-Nc6UA9Hl08A7BFSuNAc,-Nc6VTOrX-7LXkDnK1PC,awWrKAlk9PXdGkdhiSkXaLWbi2x2,300,false
,KG9Pba3wEih0TBi9XNHT4pI25V42,-Nzi60zH5ycXLCx0UeSc,-O32r2YMM4bva9lA83_-,hhSKsZdlrPNYKRuZl51Qbe47Q4y1,200,false
,KG9Pba3wEih0TBi9XNHT4pI25V42,-Nzi60zH5ycXLCx0UeSc,-O32q_Rbs-gVU6xPXJpM,AVp53dfgqlYPtSgr1LQ00Mk0ET63,200,false
,KG9Pba3wEih0TBi9XNHT4pI25V42,-Nzi60zH5ycXLCx0UeSc,-O32q1PPs4Pw3VLQvqWU,AVp53dfgqlYPtSgr1LQ00Mk0ET63,200,false
,KG9Pba3wEih0TBi9XNHT4pI25V42,-Nc6Oh9qfA9ThSW4lbxv,-Nc6TLyA3bUkpPM7i2JY,7TpqixrzItOoGTd3pAVczLsiGBn2,200,false
,KG9Pba3wEih0TBi9XNHT4pI25V42,-NzhxakpJN9VUjNaxkDc,-O3gb-6Y39mzH6rLXIV0,jpU2TNXOKJhx9x9K90X5iNqNpZy1,300,false
,KG9Pba3wEih0TBi9XNHT4pI25V42,-NyPT5X9y1d-Hfu3x4Kk,-Nz7dXBVkcVnkE1bXDaR,4ojJdvzdDDcrDPDHXYNeS5eQT3u1,200,true
,KG9Pba3wEih0TBi9XNHT4pI25V42,-Nz8gz69kcJhEvw7yuiK,-Nz8tJF34Bks4HiPLqb3,qfu7IPPcCyXFoV1Gn1sToYfq5F63,40,false
,KG9Pba3wEih0TBi9XNHT4pI25V42,-NyPT5X9y1d-Hfu3x4Kk,-NyPVWdQ2KUiPkIKO_Am,unx7JeTSE9cEGdBknsaCP6fOn722,350,false
,KG9Pba3wEih0TBi9XNHT4pI25V42,-Nzi60zH5ycXLCx0UeSc,-Nzi9DSppQNxrsMwEaqp,AVp53dfgqlYPtSgr1LQ00Mk0ET63,200,false
,KG9Pba3wEih0TBi9XNHT4pI25V42,-NyPT5X9y1d-Hfu3x4Kk,-NyPVtvtbnR17UIyzC3r,unx7JeTSE9cEGdBknsaCP6fOn722,350,false
,KG9Pba3wEih0TBi9XNHT4pI25V42,-Nt0dCRS9khradpJF5zd,-Nt0f94vJLCgbmyZBskU,FDdGg7jW1nemt0MPYIgebCNfOog1,200,false
,KG9Pba3wEih0TBi9XNHT4pI25V42,-MvW5gwdK1MOWBE3u7g6,-MvW5gwdK1MOWBE3u7g9,VjxSmXbYHKPVvYlH2K6rDB2KdMZ2,300,false
,KG9Pba3wEih0TBi9XNHT4pI25V42,-NrG3htiQeFdwRH5uWDN,-NrG9jnOfMjfAqS3CimW,EAtrJp6aX1VNwSf5GKYhhfYqonE2,200,false
,KG9Pba3wEih0TBi9XNHT4pI25V42,-Nc6Oh9qfA9ThSW4lbxv,-Nc6REiQl4nV4AXPxknu,xGkehVus6kRgGEQMaGntNzVsM1X2,300,false
,KG9Pba3wEih0TBi9XNHT4pI25V42,-N_rA4HA5hBTTHe_RVRK,-N_rGE42e0Hz2PjYOWuX,PqFJMwMEyiQRlgQgOHfBwtaUAOf2,200,false
,KG9Pba3wEih0TBi9XNHT4pI25V42,-Nc6Oh9qfA9ThSW4lbxv,-Nc6Rn483ku8JuI8KTnm,hYghIZ3cJ9fijcHbCauYLW7lIim2,200,false
,KG9Pba3wEih0TBi9XNHT4pI25V42,-O08Scdjlm_JdR5aBA18,-O08Vq6SVkj8UemuXMFg,rTZ82KNjL9MvtTXMxwbB9zvwdwd2,200,false
,KG9Pba3wEih0TBi9XNHT4pI25V42,-O08Scdjlm_JdR5aBA18,-O08X4OjSysslQtCnSef,rTZ82KNjL9MvtTXMxwbB9zvwdwd2,200,false
,KG9Pba3wEih0TBi9XNHT4pI25V42,-N_rA4HA5hBTTHe_RVRK,-N_rFO64wr75wH_HLbVb,PqFJMwMEyiQRlgQgOHfBwtaUAOf2,200,false
,KG9Pba3wEih0TBi9XNHT4pI25V42,-Nzhrmf0iuIlOwL7OxlM,-NzhtT8zbN9PIqu0RgQ0,JjgK259ffIYREcCanlAIYEvUhNr1,300,false
,KG9Pba3wEih0TBi9XNHT4pI25V42,-NrG3htiQeFdwRH5uWDN,-NrG8DuY47gGAxT5u_Bh,Qkg0A8sNoGPGzfeGqoXz8uTAhWj2,200,false
,KG9Pba3wEih0TBi9XNHT4pI25V42,-O2iRso2iyzmadqIfVbD,-O2iT4IXCgbFFbsoUOyi,1AvkwJXcIDgP4wlhmGehoSRufMq1,300,false
,KG9Pba3wEih0TBi9XNHT4pI25V42,-O08Scdjlm_JdR5aBA18,-O08XTpLd6NlmtuTwnpD,rTZ82KNjL9MvtTXMxwbB9zvwdwd2,200,false
,KG9Pba3wEih0TBi9XNHT4pI25V42,-O4AuNoq6t8ZB3Y97B8z,-O4Auvq9kM2Gmns-_04r,A5WAuTSfGefdYbFgE1RrzNZGdRm2,300,false
,KG9Pba3wEih0TBi9XNHT4pI25V42,-O4A69NIczhDVSOvO-bK,-O4A8U3FC8qU3Y1efNl9,W4zM5c0XmNfv11Z7mXQIjkP1QE82,200,false
,KG9Pba3wEih0TBi9XNHT4pI25V42,-Nc6UA9Hl08A7BFSuNAc,-Nc6Wd3VTLEeMHlv4qLp,uooReCdNr0YJvbeSVMn0RwEAWBj1,200,false
,KG9Pba3wEih0TBi9XNHT4pI25V42,-Nt0dCRS9khradpJF5zd,-Nt0e8w14Zy1GHbUCF5T,CNNpdHhoTQQIsXmlEa5diGxUmzD3,300,false
,KG9Pba3wEih0TBi9XNHT4pI25V42,-O08Scdjlm_JdR5aBA18,-O08WDcPi1su6xlGGOtO,rTZ82KNjL9MvtTXMxwbB9zvwdwd2,200,false
,KG9Pba3wEih0TBi9XNHT4pI25V42,-O08Scdjlm_JdR5aBA18,-O08TtG2VAtQLTTWo-SH,LkFxTms3D1RgWruOC5v4OLCMPaZ2,300,false
,KG9Pba3wEih0TBi9XNHT4pI25V42,-O08Scdjlm_JdR5aBA18,-O08VSmx--lFsgHdaDAi,LkFxTms3D1RgWruOC5v4OLCMPaZ2,300,false
,KG9Pba3wEih0TBi9XNHT4pI25V42,-Nz8gz69kcJhEvw7yuiK,-Nz8tzF8mnIGB4W3X0tp,qfu7IPPcCyXFoV1Gn1sToYfq5F63,40,false
,KG9Pba3wEih0TBi9XNHT4pI25V42,-NyZD8bzYBvRicskkW1I,-NyZDwq6dGNBkNl8mQGy,LiFOrD73diQxqWFALmlbObJVzaD2,350,false
,KG9Pba3wEih0TBi9XNHT4pI25V42,-Nz8TUgyp8W61kxo694b,-Nz8cI8DRjzOud1NKXDp,LmxPwOIS46V0sL3QLoqbYf4DHBT2,350,false
,KG9Pba3wEih0TBi9XNHT4pI25V42,-O4A69NIczhDVSOvO-bK,-O4A6vAjWhTh4c66lozl,W4zM5c0XmNfv11Z7mXQIjkP1QE82,300,false
,KG9Pba3wEih0TBi9XNHT4pI25V42,-O2iRso2iyzmadqIfVbD,-O2iUS2MXzci6rSo-gDh,r81eaF32dKNviefmtozL4sD6eEk1,160,false
,KG9Pba3wEih0TBi9XNHT4pI25V42,-O4A69NIczhDVSOvO-bK,-O4A7JRtUlLTg8YqAY37,W4zM5c0XmNfv11Z7mXQIjkP1QE82,300,false
,KG9Pba3wEih0TBi9XNHT4pI25V42,-Nc6Oh9qfA9ThSW4lbxv,-Nc6QJoVKBMMQDLBFT37,Aa4WHpe15VS2LaFwOXxPGWFNNeD3,300,false
,KG9Pba3wEih0TBi9XNHT4pI25V42,-NyPT5X9y1d-Hfu3x4Kk,-NyPWC_RvPFq8GLBm-5W,unx7JeTSE9cEGdBknsaCP6fOn722,350,false
,KG9Pba3wEih0TBi9XNHT4pI25V42,-Nz8TUgyp8W61kxo694b,-Nz8cfhT4Qs6i-8a4-EE,LmxPwOIS46V0sL3QLoqbYf4DHBT2,350,false
,KG9Pba3wEih0TBi9XNHT4pI25V42,-O4A69NIczhDVSOvO-bK,-O4A7eTwQIItyzde7fnW,W4zM5c0XmNfv11Z7mXQIjkP1QE82,300,false
,KG9Pba3wEih0TBi9XNHT4pI25V42,-NoVk5Kd7SDp2FKbe2Jr,-NoVl05cwblKySdgw3ES,5thBaBZMEmdtt6Ny7mY60v3redb2,300,false
,KG9Pba3wEih0TBi9XNHT4pI25V42,-O3lSfIeS08GM2ivPHvw,-O3lTHRbe8YhqeVxbo4P,zUbjejEygcOo1OhxGJ6EjSv3lnJ2,350,false
,KG9Pba3wEih0TBi9XNHT4pI25V42,-NrG3htiQeFdwRH5uWDN,-NrG6DDd-74GAp1oKsuu,Fn3YJeigNRZ5oL3JMroQ3DHXs2I3,350,false
,KG9Pba3wEih0TBi9XNHT4pI25V42,-NzhxakpJN9VUjNaxkDc,-NzhzyFXDKVfO12DZ_wF,jpU2TNXOKJhx9x9K90X5iNqNpZy1,200,false
,KG9Pba3wEih0TBi9XNHT4pI25V42,-NmC7GdJysF695FFzZap,-NmC8seXEhZzMfrk_a5t,bvdG21eNuRcjzHHgrhra7shxPue2,300,false
,KG9Pba3wEih0TBi9XNHT4pI25V42,-Nz8gz69kcJhEvw7yuiK,-Nz8sbgEhTGqoDwMyKrG,qfu7IPPcCyXFoV1Gn1sToYfq5F63,260,false
,KG9Pba3wEih0TBi9XNHT4pI25V42,-O7mAuYTaeRX9n5j3Nuy,-O7mDIl007mLEK73VuVW,GP5WzDwvMIWkMcB1FhNOUnc2G462,200,false
,KG9Pba3wEih0TBi9XNHT4pI25V42,-O3lSfIeS08GM2ivPHvw,-O3lV8PaQWdxrd4tDNdB,zUbjejEygcOo1OhxGJ6EjSv3lnJ2,200,false
,KG9Pba3wEih0TBi9XNHT4pI25V42,-NzhxakpJN9VUjNaxkDc,-NzhyWA4d2EoN1Y6-s-G,yrkJoIfYniVPyVIz7it4OmO00fo1,300,false
,KG9Pba3wEih0TBi9XNHT4pI25V42,-NzhxakpJN9VUjNaxkDc,-O3gb-6Y39mzH6rLXIV0,yrkJoIfYniVPyVIz7it4OmO00fo1,300,false
,KG9Pba3wEih0TBi9XNHT4pI25V42,-NrG3htiQeFdwRH5uWDN,-NrG8p8JAWM6a_keuTXq,Fn3YJeigNRZ5oL3JMroQ3DHXs2I3,200,false
,KG9Pba3wEih0TBi9XNHT4pI25V42,-NoVk5Kd7SDp2FKbe2Jr,-NoVnhugSUIhQyXwHgsf,5thBaBZMEmdtt6Ny7mY60v3redb2,200,false
,KG9Pba3wEih0TBi9XNHT4pI25V42,-O7mAuYTaeRX9n5j3Nuy,-O7mCxZoracdLc3kQdG3,GP5WzDwvMIWkMcB1FhNOUnc2G462,200,false
,KG9Pba3wEih0TBi9XNHT4pI25V42,-NoVk5Kd7SDp2FKbe2Jr,-NoVo-uZ0FiuNvI5BazA,5thBaBZMEmdtt6Ny7mY60v3redb2,200,false
,KG9Pba3wEih0TBi9XNHT4pI25V42,-Nz8TUgyp8W61kxo694b,-Nz8eVRz8XOiKZ-QWs1e,ImUQeRqXyeOG7wGIlOMOv0RTa852,200,false
,KG9Pba3wEih0TBi9XNHT4pI25V42,-NmC18VrA8CeragiVGu8,-NmC3zHKWpUgOPi-vIMv,Ta2OXRHdvWeAQP6vlyVpFz2TJPv1,300,false
,KG9Pba3wEih0TBi9XNHT4pI25V42,-NyPQFt54nlNBW3puYIA,-NyPUlupQ6jBxywhUH63,i23QHSvIMDPSbM2wfoBtlu2UFcA3,350,false
,KG9Pba3wEih0TBi9XNHT4pI25V42,-NyPQFt54nlNBW3puYIA,-Nz7c1mrSxF3AM0MkKgH,5Cs2g0Sbaqbzc3QouNrhNMAyuZw2,200,false
,KG9Pba3wEih0TBi9XNHT4pI25V42,-NikJ-sBrcRBMSF0jgFo,-NikLFJvnMyG7jfT-dK8,4qpjHqWGxBVRircldaLbMbykVHs2,300,false
,KG9Pba3wEih0TBi9XNHT4pI25V42,-NmC18VrA8CeragiVGu8,-NmC27wH2iBooJJtQVsG,1Nd04KnXKeUq1SbFRUsk6oKSzaA3,300,false
,KG9Pba3wEih0TBi9XNHT4pI25V42,-Nzhrmf0iuIlOwL7OxlM,-NzhvUB-VJFOqmgk1mm9,JjgK259ffIYREcCanlAIYEvUhNr1,200,false
,KG9Pba3wEih0TBi9XNHT4pI25V42,-Nc6Oh9qfA9ThSW4lbxv,-Nc6PtOC7oH1DR4AjtEl,1XvNXqXVI3UbhkBWR4USyWPNYgg1,300,false
,KG9Pba3wEih0TBi9XNHT4pI25V42,-O08vVh_sepkZWWYtBMO,-O08wG3qCuMaBM2jUzna,TpJj2RW7q5cPKHUAy7fTjyhlGHg1,300,false
,KG9Pba3wEih0TBi9XNHT4pI25V42,-N8wrJ7SvHAC_pStTMIM,-N8wtlIzDIeb_bCLJrYv,o1b2jIprFsSlwba8K0WSwxEW2nK2,300,false
,KG9Pba3wEih0TBi9XNHT4pI25V42,-NyPQFt54nlNBW3puYIA,-NyPV7vWjYaxVX_1Gzfo,5Cs2g0Sbaqbzc3QouNrhNMAyuZw2,350,false
,KG9Pba3wEih0TBi9XNHT4pI25V42,-NyPQFt54nlNBW3puYIA,-Nz7cLqwnDL_8r61vhry,yqm9elpZOAfOcfxpA91CdRhB48U2,200,false
,KG9Pba3wEih0TBi9XNHT4pI25V42,-NyPQFt54nlNBW3puYIA,-NyPURUWwgu2qwP-H-fL,5Cs2g0Sbaqbzc3QouNrhNMAyuZw2,350,false
,KG9Pba3wEih0TBi9XNHT4pI25V42,-O08Scdjlm_JdR5aBA18,-O08Vq6SVkj8UemuXMFg,rTZ82KNjL9MvtTXMxwbB9zvwdwd2,200,false
,KG9Pba3wEih0TBi9XNHT4pI25V42,-O08Scdjlm_JdR5aBA18,-O08X4OjSysslQtCnSef,rTZ82KNjL9MvtTXMxwbB9zvwdwd2,200,false
,KG9Pba3wEih0TBi9XNHT4pI25V42,-Nz8gz69kcJhEvw7yuiK,-Nz8rmI_FZ1gY_-RtCgA,qfu7IPPcCyXFoV1Gn1sToYfq5F63,260,false
,KG9Pba3wEih0TBi9XNHT4pI25V42,-Nz8gz69kcJhEvw7yuiK,-Nz8syGdcIwPn3fkc82I,qfu7IPPcCyXFoV1Gn1sToYfq5F63,260,false
,KG9Pba3wEih0TBi9XNHT4pI25V42,-NzhxakpJN9VUjNaxkDc,-Nzi-rqb2MuRgDzK4q-Z,hfsOaTAYJ1W8Ai294DtdboUxJB33,200,false
,KG9Pba3wEih0TBi9XNHT4pI25V42,-NzhxakpJN9VUjNaxkDc,-Nzi0Aj0W95lOxfxo1Ie,hfsOaTAYJ1W8Ai294DtdboUxJB33,200,false
,KG9Pba3wEih0TBi9XNHT4pI25V42,-N_rA4HA5hBTTHe_RVRK,-N_rSiKs82A4VHNArXvf,s0R8nV19taSANDgtG35LZo1orxg1,200,false
,KG9Pba3wEih0TBi9XNHT4pI25V42,-O08vVh_sepkZWWYtBMO,-O08z7-lRDWJ_U1pxQmd,x0iNRqu029UiWAwOQsiaT8lGae03,200,false
,KG9Pba3wEih0TBi9XNHT4pI25V42,-NyZD8bzYBvRicskkW1I,-NyZDYOxjq2OMCHPQHm8,LiFOrD73diQxqWFALmlbObJVzaD2,350,false
,KG9Pba3wEih0TBi9XNHT4pI25V42,-O2OF229tBkgX-nhToQ8,-O2OFlD0FivMgNFq6m0C,1lwuiLOCVXMp4DNs3lSPcm5MR8U2,300,false
,KG9Pba3wEih0TBi9XNHT4pI25V42,-NuxvYr1fBsTVLRsQA9W,-Nuy5AYko7iKrmJKws7z,KGoXvEjsdygadV2PtVZltkLhlzb2,200,false
,KG9Pba3wEih0TBi9XNHT4pI25V42,-NyPT5X9y1d-Hfu3x4Kk,-Nz7dXBVkcVnkE1bXDaR,unx7JeTSE9cEGdBknsaCP6fOn722,200,false
,KG9Pba3wEih0TBi9XNHT4pI25V42,-O08vVh_sepkZWWYtBMO,-O08vsqJMhBWrNKTuKiS,R3EJNOCAXeWYXlFVrNkcUtLaFv83,300,false
,KG9Pba3wEih0TBi9XNHT4pI25V42,-NyPT5X9y1d-Hfu3x4Kk,-Nz7drF8d4_W3PsoXA87,unx7JeTSE9cEGdBknsaCP6fOn722,200,false
,KG9Pba3wEih0TBi9XNHT4pI25V42,-NmC18VrA8CeragiVGu8,-NmC2faARSqpAG6okYEj,1sW1Aa3P4nZI1SKISRYEYjNPAAm2,300,false
,KG9Pba3wEih0TBi9XNHT4pI25V42,-O2iCO-kMj1e3jLBhk3I,-O2iRFgigzRkqV9VHDqr,DoggIMTOrXTyihAWNPDup9PujZy2,200,false
,KG9Pba3wEih0TBi9XNHT4pI25V42,-O2iCO-kMj1e3jLBhk3I,-O2iDWVm9nO-tPeKLcN7,xIoOE3yszxWT8XHf4rjnvPRN41o2,300,false
,KG9Pba3wEih0TBi9XNHT4pI25V42,-Nzhrmf0iuIlOwL7OxlM,-Nzhv7zrmE-xgGC1EoFc,owdufUWRGHheQ8i9G8OLxIv26V02,200,false
,KG9Pba3wEih0TBi9XNHT4pI25V42,-Nzhrmf0iuIlOwL7OxlM,-Nzht5CMNinGqP-HpxQX,JjgK259ffIYREcCanlAIYEvUhNr1,300,false
,KG9Pba3wEih0TBi9XNHT4pI25V42,-NrG3htiQeFdwRH5uWDN,-NrG7hiiHcPoz2vy0EwF,foTsWL8emBP8hnvy5Ts9hcuL2G93,200,false
,KG9Pba3wEih0TBi9XNHT4pI25V42,-Nzhrmf0iuIlOwL7OxlM,-NzhtvWUSkU3Hchvt1Fp,JjgK259ffIYREcCanlAIYEvUhNr1,300,false
,KG9Pba3wEih0TBi9XNHT4pI25V42,-NzhxakpJN9VUjNaxkDc,-NzhysuNuXLLjQPuspd-,a6cqxkdjfZgWIHmeg9CSO49bxTH3,300,false
,KG9Pba3wEih0TBi9XNHT4pI25V42,-NyZD8bzYBvRicskkW1I,-NyZELio1r7yPkhnCuRT,LiFOrD73diQxqWFALmlbObJVzaD2,200,false
,KG9Pba3wEih0TBi9XNHT4pI25V42,-NzhxakpJN9VUjNaxkDc,-Nzhy-U3IfUfhWdH4Rkg,a6cqxkdjfZgWIHmeg9CSO49bxTH3,300,false
,KG9Pba3wEih0TBi9XNHT4pI25V42,-O3lSfIeS08GM2ivPHvw,-O3lUkHiQX_jTelG-byR,zUbjejEygcOo1OhxGJ6EjSv3lnJ2,200,false
,KG9Pba3wEih0TBi9XNHT4pI25V42,-O08vVh_sepkZWWYtBMO,-O08zgddF2Y5hb31ggP0,8rxNFhqD6RgUfJZuzN1xNBWXsCu2,200,false
,KG9Pba3wEih0TBi9XNHT4pI25V42,-Nt0dCRS9khradpJF5zd,-Nt0dk7NbHkuHI8_DjTA,vZ5LIkdH4NYJ3kCpUV0L4S9eDOI2,300,false
,KG9Pba3wEih0TBi9XNHT4pI25V42,-NzhxakpJN9VUjNaxkDc,-NzhzJUAI8an8rhRhrHl,a6cqxkdjfZgWIHmeg9CSO49bxTH3,300,false
,KG9Pba3wEih0TBi9XNHT4pI25V42,-NzhxakpJN9VUjNaxkDc,-O3gbqoWJRkhFhgcVdGi,zVe9JlUQSVcTb7ssLIx49GWofc32,200,false
,KG9Pba3wEih0TBi9XNHT4pI25V42,-Nl7ldAXg-HYEu5UMywi,-Nl7rw88iOihIHj-S3DA,W8rG5QxpLvfbVjVRAyLp4jUBoLK2,200,false
,KG9Pba3wEih0TBi9XNHT4pI25V42,-MvW5gwdK1MOWBE3u7g6,-MvW5gweqPowDXKXA3c1,VjxSmXbYHKPVvYlH2K6rDB2KdMZ2,200,false
,KG9Pba3wEih0TBi9XNHT4pI25V42,-MvW5gwdK1MOWBE3u7g6,-MvW5gwdK1MOWBE3u7gA,VjxSmXbYHKPVvYlH2K6rDB2KdMZ2,200,false
,KG9Pba3wEih0TBi9XNHT4pI25V42,-Nt0dCRS9khradpJF5zd,-Nt0f94vJLCgbmyZBskU,CNNpdHhoTQQIsXmlEa5diGxUmzD3,200,false
,KG9Pba3wEih0TBi9XNHT4pI25V42,-Nc6UA9Hl08A7BFSuNAc,-Nc6X0pL5nPDbO4iR8uD,awWrKAlk9PXdGkdhiSkXaLWbi2x2,200,false
,KG9Pba3wEih0TBi9XNHT4pI25V42,-Nt0dCRS9khradpJF5zd,-Nt0e8w14Zy1GHbUCF5T,JPlyVPH8PeWKM6EHVgMakBShps53,300,false
,KG9Pba3wEih0TBi9XNHT4pI25V42,-NyPT5X9y1d-Hfu3x4Kk,-NyPVtvtbnR17UIyzC3r,unx7JeTSE9cEGdBknsaCP6fOn722,350,false
,KG9Pba3wEih0TBi9XNHT4pI25V42,-Nc6Oh9qfA9ThSW4lbxv,-Nc6StWMFAWQQU6Eb-GU,Aa4WHpe15VS2LaFwOXxPGWFNNeD3,200,false
,KG9Pba3wEih0TBi9XNHT4pI25V42,-O7mAuYTaeRX9n5j3Nuy,-O7mCHN-I06WYMsxafGK,GP5WzDwvMIWkMcB1FhNOUnc2G462,280,false
,KG9Pba3wEih0TBi9XNHT4pI25V42,-O7mAuYTaeRX9n5j3Nuy,-O7mCbz8FUXkz_fhCbWV,GP5WzDwvMIWkMcB1FhNOUnc2G462,280,false
,KG9Pba3wEih0TBi9XNHT4pI25V42,-NyZD8bzYBvRicskkW1I,-NyZDYOxjq2OMCHPQHm8,LiFOrD73diQxqWFALmlbObJVzaD2,350,false
,KG9Pba3wEih0TBi9XNHT4pI25V42,-Nzhrmf0iuIlOwL7OxlM,-NzhwG4iOys6PHC31sma,JjgK259ffIYREcCanlAIYEvUhNr1,200,false
,KG9Pba3wEih0TBi9XNHT4pI25V42,-NyPQFt54nlNBW3puYIA,-Nz7c1mrSxF3AM0MkKgH,yqm9elpZOAfOcfxpA91CdRhB48U2,200,false
,KG9Pba3wEih0TBi9XNHT4pI25V42,-NyPQFt54nlNBW3puYIA,-Nz7cLqwnDL_8r61vhry,i23QHSvIMDPSbM2wfoBtlu2UFcA3,200,false
,KG9Pba3wEih0TBi9XNHT4pI25V42,-NrG3htiQeFdwRH5uWDN,-NrG8DuY47gGAxT5u_Bh,EAtrJp6aX1VNwSf5GKYhhfYqonE2,200,false
,KG9Pba3wEih0TBi9XNHT4pI25V42,-Nl7ldAXg-HYEu5UMywi,-Nl7qBavtazhQ8colX4P,L0puNLR9vFaNlC7FUu1u95n2Vdw2,300,false
,KG9Pba3wEih0TBi9XNHT4pI25V42,-Nz8gz69kcJhEvw7yuiK,-Nz8tbsNgSMTHHogrwO3,qfu7IPPcCyXFoV1Gn1sToYfq5F63,40,false
,KG9Pba3wEih0TBi9XNHT4pI25V42,-Nc6Oh9qfA9ThSW4lbxv,-Nc6Rn483ku8JuI8KTnm,Aa4WHpe15VS2LaFwOXxPGWFNNeD3,200,false
,KG9Pba3wEih0TBi9XNHT4pI25V42,-Nz8TUgyp8W61kxo694b,-Nz8bngvOXQWuCw_YItd,0lM3phhdebUAJ41G7uQMXohg2jg2,350,false
,KG9Pba3wEih0TBi9XNHT4pI25V42,-Nz8TUgyp8W61kxo694b,-Nz8cI8DRjzOud1NKXDp,0lM3phhdebUAJ41G7uQMXohg2jg2,350,false
,KG9Pba3wEih0TBi9XNHT4pI25V42,-Nz8TUgyp8W61kxo694b,-Nz8cfhT4Qs6i-8a4-EE,0lM3phhdebUAJ41G7uQMXohg2jg2,350,false
,KG9Pba3wEih0TBi9XNHT4pI25V42,-NzhxakpJN9VUjNaxkDc,-NzhysuNuXLLjQPuspd-,a6cqxkdjfZgWIHmeg9CSO49bxTH3,300,false
,KG9Pba3wEih0TBi9XNHT4pI25V42,-O08Scdjlm_JdR5aBA18,-O08XTpLd6NlmtuTwnpD,rTZ82KNjL9MvtTXMxwbB9zvwdwd2,200,false
,KG9Pba3wEih0TBi9XNHT4pI25V42,-NzhxakpJN9VUjNaxkDc,-Nzi-RrZQA3MDrNj4_aB,a6cqxkdjfZgWIHmeg9CSO49bxTH3,200,false
,KG9Pba3wEih0TBi9XNHT4pI25V42,-O2iCO-kMj1e3jLBhk3I,-O2iP12-s0wTyHg-nNUr,oXqZ0ZlQsLcTSPY8UOyukVWaYuG3,200,false
,KG9Pba3wEih0TBi9XNHT4pI25V42,-Nz8gz69kcJhEvw7yuiK,-Nz8tzF8mnIGB4W3X0tp,qfu7IPPcCyXFoV1Gn1sToYfq5F63,40,false
,KG9Pba3wEih0TBi9XNHT4pI25V42,-Nz8gz69kcJhEvw7yuiK,-Nz8tJF34Bks4HiPLqb3,qfu7IPPcCyXFoV1Gn1sToYfq5F63,40,false
,KG9Pba3wEih0TBi9XNHT4pI25V42,-O4A69NIczhDVSOvO-bK,-O4A85C6M_apBWLikX84,W4zM5c0XmNfv11Z7mXQIjkP1QE82,200,false
,KG9Pba3wEih0TBi9XNHT4pI25V42,-Nz8TUgyp8W61kxo694b,-Nz8dGH2Lx9TWPKsCp3L,SuqHp6w5yaZMYgg6j7npUd253E42,350,false
,KG9Pba3wEih0TBi9XNHT4pI25V42,-O4A69NIczhDVSOvO-bK,-O4A9Zu1SvZjXrQoQyrl,W4zM5c0XmNfv11Z7mXQIjkP1QE82,200,false
,KG9Pba3wEih0TBi9XNHT4pI25V42,-NyPT5X9y1d-Hfu3x4Kk,-Nz7dXBVkcVnkE1bXDaR,unx7JeTSE9cEGdBknsaCP6fOn722,200,false
,KG9Pba3wEih0TBi9XNHT4pI25V42,-O4A69NIczhDVSOvO-bK,-O4A7eTwQIItyzde7fnW,W4zM5c0XmNfv11Z7mXQIjkP1QE82,300,false
,KG9Pba3wEih0TBi9XNHT4pI25V42,-NzhxakpJN9VUjNaxkDc,-NzhzyFXDKVfO12DZ_wF,yrkJoIfYniVPyVIz7it4OmO00fo1,200,false
,KG9Pba3wEih0TBi9XNHT4pI25V42,-OEO3uN0yOJDl9KJg_L-,-OEO5El6_avpB5kj8qs8,TEynKhr9m7QAHr00PKDsAHbRssy1,160,false
,KG9Pba3wEih0TBi9XNHT4pI25V42,-NrG3htiQeFdwRH5uWDN,-NrG9jnOfMjfAqS3CimW,Fn3YJeigNRZ5oL3JMroQ3DHXs2I3,200,false
,KG9Pba3wEih0TBi9XNHT4pI25V42,-NoVk5Kd7SDp2FKbe2Jr,-NoVmLgFP3ev5v11tfAY,5thBaBZMEmdtt6Ny7mY60v3redb2,300,false
,KG9Pba3wEih0TBi9XNHT4pI25V42,-Nz8gz69kcJhEvw7yuiK,-Nz8sbgEhTGqoDwMyKrG,qfu7IPPcCyXFoV1Gn1sToYfq5F63,260,false
,KG9Pba3wEih0TBi9XNHT4pI25V42,-NoVk5Kd7SDp2FKbe2Jr,-NoVlNhdzUovGOIM7iut,5thBaBZMEmdtt6Ny7mY60v3redb2,300,false
,KG9Pba3wEih0TBi9XNHT4pI25V42,-NoVk5Kd7SDp2FKbe2Jr,-NoVmeZVmmgYNxANZALf,5thBaBZMEmdtt6Ny7mY60v3redb2,300,false
,KG9Pba3wEih0TBi9XNHT4pI25V42,-O08Scdjlm_JdR5aBA18,-O08V9lYBzmXGZyY06NI,rTZ82KNjL9MvtTXMxwbB9zvwdwd2,300,false
,KG9Pba3wEih0TBi9XNHT4pI25V42,-O08Scdjlm_JdR5aBA18,-O08VSmx--lFsgHdaDAi,rTZ82KNjL9MvtTXMxwbB9zvwdwd2,300,false
,KG9Pba3wEih0TBi9XNHT4pI25V42,-O2iRso2iyzmadqIfVbD,-O2iT4IXCgbFFbsoUOyi,r81eaF32dKNviefmtozL4sD6eEk1,300,false
,KG9Pba3wEih0TBi9XNHT4pI25V42,-Nc6Oh9qfA9ThSW4lbxv,-Nc6SB-qZZbutYeS2rPK,1XvNXqXVI3UbhkBWR4USyWPNYgg1,200,false
,KG9Pba3wEih0TBi9XNHT4pI25V42,-NyZD8bzYBvRicskkW1I,-NyZELio1r7yPkhnCuRT,LiFOrD73diQxqWFALmlbObJVzaD2,200,false
,KG9Pba3wEih0TBi9XNHT4pI25V42,-Nt0dCRS9khradpJF5zd,-Nt0eVtg7KrpUToZc6p7,QL2GtSJvr2YnLbrm0iVcBc1BEAJ3,300,false
,KG9Pba3wEih0TBi9XNHT4pI25V42,-O3lSfIeS08GM2ivPHvw,-O3lU73vihDJ-tkjb1W7,zUbjejEygcOo1OhxGJ6EjSv3lnJ2,350,false
,KG9Pba3wEih0TBi9XNHT4pI25V42,-MvW5gwdK1MOWBE3u7g6,-MvW5gwdK1MOWBE3u7g7,iEcpHSgBTsVAMs0rsur10sL8jYf1,300,false
,KG9Pba3wEih0TBi9XNHT4pI25V42,-MvW5gwdK1MOWBE3u7g6,-MvW5gwdK1MOWBE3u7g8,iEcpHSgBTsVAMs0rsur10sL8jYf1,300,false
,KG9Pba3wEih0TBi9XNHT4pI25V42,-NmC18VrA8CeragiVGu8,-NmC5J_583iJk4ArlvBh,1Nd04KnXKeUq1SbFRUsk6oKSzaA3,200,true
,KG9Pba3wEih0TBi9XNHT4pI25V42,-Nz8TUgyp8W61kxo694b,-Nz8f8_jIjV8UNIsblAn,SuqHp6w5yaZMYgg6j7npUd253E42,200,false
,KG9Pba3wEih0TBi9XNHT4pI25V42,-NmC18VrA8CeragiVGu8,-NmC5J_583iJk4ArlvBh,1Nd04KnXKeUq1SbFRUsk6oKSzaA3,200,true
,KG9Pba3wEih0TBi9XNHT4pI25V42,-O3lSfIeS08GM2ivPHvw,-O3lTdZLuXvPWQ5W3cyg,zUbjejEygcOo1OhxGJ6EjSv3lnJ2,350,false
,KG9Pba3wEih0TBi9XNHT4pI25V42,-NmC18VrA8CeragiVGu8,-NmC5J_583iJk4ArlvBh,1Nd04KnXKeUq1SbFRUsk6oKSzaA3,200,false
,KG9Pba3wEih0TBi9XNHT4pI25V42,-O7mAuYTaeRX9n5j3Nuy,-O7mCHN-I06WYMsxafGK,GP5WzDwvMIWkMcB1FhNOUnc2G462,280,false
,KG9Pba3wEih0TBi9XNHT4pI25V42,-MvW5gwdK1MOWBE3u7g6,-MvW5gwdK1MOWBE3u7g9,VgiLJFDDEYQQRVDI4CT86fKP1JA3,300,false
,KG9Pba3wEih0TBi9XNHT4pI25V42,-NrG3htiQeFdwRH5uWDN,-NrG6DDd-74GAp1oKsuu,Qkg0A8sNoGPGzfeGqoXz8uTAhWj2,350,false
,KG9Pba3wEih0TBi9XNHT4pI25V42,-Nz8gz69kcJhEvw7yuiK,-Nz8tJF34Bks4HiPLqb3,qfu7IPPcCyXFoV1Gn1sToYfq5F63,40,false
,KG9Pba3wEih0TBi9XNHT4pI25V42,-MvW5gwdK1MOWBE3u7g6,-MvW5gweqPowDXKXA3c1,iEcpHSgBTsVAMs0rsur10sL8jYf1,200,false
,KG9Pba3wEih0TBi9XNHT4pI25V42,-NmC18VrA8CeragiVGu8,-NmC4TFQCahBPwfbBz5Z,1sW1Aa3P4nZI1SKISRYEYjNPAAm2,200,false
,KG9Pba3wEih0TBi9XNHT4pI25V42,-O7mAuYTaeRX9n5j3Nuy,-O7mCbz8FUXkz_fhCbWV,GP5WzDwvMIWkMcB1FhNOUnc2G462,280,false
,KG9Pba3wEih0TBi9XNHT4pI25V42,-O2iCO-kMj1e3jLBhk3I,-O2iM7WL6efm2x91FehE,oXqZ0ZlQsLcTSPY8UOyukVWaYuG3,300,false
,KG9Pba3wEih0TBi9XNHT4pI25V42,-NzhxakpJN9VUjNaxkDc,-O3gbqoWJRkhFhgcVdGi,a6cqxkdjfZgWIHmeg9CSO49bxTH3,200,false
,KG9Pba3wEih0TBi9XNHT4pI25V42,-NzhxakpJN9VUjNaxkDc,-Nzi0Aj0W95lOxfxo1Ie,a6cqxkdjfZgWIHmeg9CSO49bxTH3,200,false
,KG9Pba3wEih0TBi9XNHT4pI25V42,-OFbG05KZY963l9O7GtV,-OFbKt-ApYrwwFtMzSmL,MdwWNmzs8lNvUGDQkb6FRfBhNBU2,200,false
,KG9Pba3wEih0TBi9XNHT4pI25V42,-O08vVh_sepkZWWYtBMO,-O08yCp4I32zV8Lv4yeV,R3EJNOCAXeWYXlFVrNkcUtLaFv83,200,false
,KG9Pba3wEih0TBi9XNHT4pI25V42,-Nz8gz69kcJhEvw7yuiK,-Nz8tbsNgSMTHHogrwO3,qfu7IPPcCyXFoV1Gn1sToYfq5F63,40,false
,KG9Pba3wEih0TBi9XNHT4pI25V42,-Nt0dCRS9khradpJF5zd,-Nt0e8w14Zy1GHbUCF5T,QL2GtSJvr2YnLbrm0iVcBc1BEAJ3,300,false
,KG9Pba3wEih0TBi9XNHT4pI25V42,-Nt0dCRS9khradpJF5zd,-Nt0f94vJLCgbmyZBskU,zTLY3kmXG0Odbpwhnnhp4FMMGbO2,200,false
,KG9Pba3wEih0TBi9XNHT4pI25V42,-Nz8TUgyp8W61kxo694b,-Nz8dGH2Lx9TWPKsCp3L,3UDrwmkbzyLIqTw4cDagEOOHxWn2,350,false
,KG9Pba3wEih0TBi9XNHT4pI25V42,-Nzhrmf0iuIlOwL7OxlM,-NzhvUB-VJFOqmgk1mm9,JjgK259ffIYREcCanlAIYEvUhNr1,200,false
,KG9Pba3wEih0TBi9XNHT4pI25V42,-O2iCO-kMj1e3jLBhk3I,-O2iDWVm9nO-tPeKLcN7,7Mo1DkbGPHUltPxNqHdh96EHlC93,300,false
,KG9Pba3wEih0TBi9XNHT4pI25V42,-O7mAuYTaeRX9n5j3Nuy,-O7mCHN-I06WYMsxafGK,GP5WzDwvMIWkMcB1FhNOUnc2G462,280,false
,KG9Pba3wEih0TBi9XNHT4pI25V42,-O3lSfIeS08GM2ivPHvw,-O3lV8PaQWdxrd4tDNdB,zUbjejEygcOo1OhxGJ6EjSv3lnJ2,200,false
,KG9Pba3wEih0TBi9XNHT4pI25V42,-O7mAuYTaeRX9n5j3Nuy,-O7mDIl007mLEK73VuVW,GP5WzDwvMIWkMcB1FhNOUnc2G462,200,false
,KG9Pba3wEih0TBi9XNHT4pI25V42,-OEO3uN0yOJDl9KJg_L-,-OEO4Qi32j5u1BTk8Ne7,lzE8rR5G2QPhwIctNWVuGoFjJfF3,300,false
,KG9Pba3wEih0TBi9XNHT4pI25V42,-NoVk5Kd7SDp2FKbe2Jr,-NoVnhugSUIhQyXwHgsf,5thBaBZMEmdtt6Ny7mY60v3redb2,200,false
,KG9Pba3wEih0TBi9XNHT4pI25V42,-NoVk5Kd7SDp2FKbe2Jr,-NoVo-uZ0FiuNvI5BazA,5thBaBZMEmdtt6Ny7mY60v3redb2,200,false
,KG9Pba3wEih0TBi9XNHT4pI25V42,-O7mAuYTaeRX9n5j3Nuy,-O7mCbz8FUXkz_fhCbWV,GP5WzDwvMIWkMcB1FhNOUnc2G462,280,false
,KG9Pba3wEih0TBi9XNHT4pI25V42,-OEO3uN0yOJDl9KJg_L-,-OEO5aOOCNSLgFNlamU2,lzE8rR5G2QPhwIctNWVuGoFjJfF3,160,false
,KG9Pba3wEih0TBi9XNHT4pI25V42,-O2iCO-kMj1e3jLBhk3I,-O2iLafmghSVp3Dx_p0V,oXqZ0ZlQsLcTSPY8UOyukVWaYuG3,300,false
,KG9Pba3wEih0TBi9XNHT4pI25V42,-O2iCO-kMj1e3jLBhk3I,-O2iMdXQsSAmK0lohefp,oXqZ0ZlQsLcTSPY8UOyukVWaYuG3,300,false
,KG9Pba3wEih0TBi9XNHT4pI25V42,-O2iCO-kMj1e3jLBhk3I,-O2iN9OiR5xZHtqs2g5P,oXqZ0ZlQsLcTSPY8UOyukVWaYuG3,300,false
,KG9Pba3wEih0TBi9XNHT4pI25V42,-Nz8gz69kcJhEvw7yuiK,-Nz8tbsNgSMTHHogrwO3,qfu7IPPcCyXFoV1Gn1sToYfq5F63,40,false
,KG9Pba3wEih0TBi9XNHT4pI25V42,-Nz8TUgyp8W61kxo694b,-Nz8eVRz8XOiKZ-QWs1e,3UDrwmkbzyLIqTw4cDagEOOHxWn2,200,false
,KG9Pba3wEih0TBi9XNHT4pI25V42,-O7mAuYTaeRX9n5j3Nuy,-O7mDIl007mLEK73VuVW,GP5WzDwvMIWkMcB1FhNOUnc2G462,200,false
,KG9Pba3wEih0TBi9XNHT4pI25V42,-NrG3htiQeFdwRH5uWDN,-NrG8DuY47gGAxT5u_Bh,Qkg0A8sNoGPGzfeGqoXz8uTAhWj2,200,false
,KG9Pba3wEih0TBi9XNHT4pI25V42,-Nzhrmf0iuIlOwL7OxlM,-NzhshtG_h2SG96Qhobf,JjgK259ffIYREcCanlAIYEvUhNr1,300,false
,KG9Pba3wEih0TBi9XNHT4pI25V42,-O7mAuYTaeRX9n5j3Nuy,-O7mCxZoracdLc3kQdG3,GP5WzDwvMIWkMcB1FhNOUnc2G462,200,false
,KG9Pba3wEih0TBi9XNHT4pI25V42,-O2iCO-kMj1e3jLBhk3I,-O2iLafmghSVp3Dx_p0V,oXqZ0ZlQsLcTSPY8UOyukVWaYuG3,300,false
,KG9Pba3wEih0TBi9XNHT4pI25V42,-O2iCO-kMj1e3jLBhk3I,-O2iQT9IVA_zi2aTrcgv,oXqZ0ZlQsLcTSPY8UOyukVWaYuG3,200,false
,KG9Pba3wEih0TBi9XNHT4pI25V42,-O2iCO-kMj1e3jLBhk3I,-O2iMdXQsSAmK0lohefp,oXqZ0ZlQsLcTSPY8UOyukVWaYuG3,300,false
,KG9Pba3wEih0TBi9XNHT4pI25V42,-O7mAuYTaeRX9n5j3Nuy,-O7mDIl007mLEK73VuVW,GP5WzDwvMIWkMcB1FhNOUnc2G462,200,false
,KG9Pba3wEih0TBi9XNHT4pI25V42,-O2iCO-kMj1e3jLBhk3I,-O2iNmXJPTawig22QnDh,oXqZ0ZlQsLcTSPY8UOyukVWaYuG3,200,false
,KG9Pba3wEih0TBi9XNHT4pI25V42,-O2iCO-kMj1e3jLBhk3I,-O2iOJOegpQYTQLR1sXw,7Mo1DkbGPHUltPxNqHdh96EHlC93,200,false
,KG9Pba3wEih0TBi9XNHT4pI25V42,-O7mAuYTaeRX9n5j3Nuy,-O7mCxZoracdLc3kQdG3,GP5WzDwvMIWkMcB1FhNOUnc2G462,200,false
,KG9Pba3wEih0TBi9XNHT4pI25V42,-Nz8gz69kcJhEvw7yuiK,-Nz8rmI_FZ1gY_-RtCgA,qfu7IPPcCyXFoV1Gn1sToYfq5F63,260,false
,KG9Pba3wEih0TBi9XNHT4pI25V42,-Nz8gz69kcJhEvw7yuiK,-Nz8sbgEhTGqoDwMyKrG,qfu7IPPcCyXFoV1Gn1sToYfq5F63,260,false
,KG9Pba3wEih0TBi9XNHT4pI25V42,-Nz8gz69kcJhEvw7yuiK,-Nz8syGdcIwPn3fkc82I,qfu7IPPcCyXFoV1Gn1sToYfq5F63,260,false
,KG9Pba3wEih0TBi9XNHT4pI25V42,-Nz8gz69kcJhEvw7yuiK,-Nz8tbsNgSMTHHogrwO3,qfu7IPPcCyXFoV1Gn1sToYfq5F63,40,false
,KG9Pba3wEih0TBi9XNHT4pI25V42,-Nz8gz69kcJhEvw7yuiK,-Nz8tJF34Bks4HiPLqb3,qfu7IPPcCyXFoV1Gn1sToYfq5F63,40,false
,KG9Pba3wEih0TBi9XNHT4pI25V42,-Nz8gz69kcJhEvw7yuiK,-Nz8tbsNgSMTHHogrwO3,qfu7IPPcCyXFoV1Gn1sToYfq5F63,40,false
,KG9Pba3wEih0TBi9XNHT4pI25V42,-Nz8gz69kcJhEvw7yuiK,-Nz8tzF8mnIGB4W3X0tp,qfu7IPPcCyXFoV1Gn1sToYfq5F63,40,false
,KG9Pba3wEih0TBi9XNHT4pI25V42,-Nz8gz69kcJhEvw7yuiK,-Nz8sbgEhTGqoDwMyKrG,qfu7IPPcCyXFoV1Gn1sToYfq5F63,260,false
,KG9Pba3wEih0TBi9XNHT4pI25V42,-O4A69NIczhDVSOvO-bK,-O4A7eTwQIItyzde7fnW,W4zM5c0XmNfv11Z7mXQIjkP1QE82,300,false
,KG9Pba3wEih0TBi9XNHT4pI25V42,-Nz8gz69kcJhEvw7yuiK,-Nz8rmI_FZ1gY_-RtCgA,qfu7IPPcCyXFoV1Gn1sToYfq5F63,260,false
,KG9Pba3wEih0TBi9XNHT4pI25V42,-Nz8gz69kcJhEvw7yuiK,-Nz8syGdcIwPn3fkc82I,qfu7IPPcCyXFoV1Gn1sToYfq5F63,260,false
,KG9Pba3wEih0TBi9XNHT4pI25V42,-NmC18VrA8CeragiVGu8,-NmC3zHKWpUgOPi-vIMv,W91pxS0rG6gKp7Jp28XoOLYXacF2,300,false
,KG9Pba3wEih0TBi9XNHT4pI25V42,-NmC18VrA8CeragiVGu8,-NmC2faARSqpAG6okYEj,W91pxS0rG6gKp7Jp28XoOLYXacF2,300,false
,KG9Pba3wEih0TBi9XNHT4pI25V42,-NikJ-sBrcRBMSF0jgFo,-NikKlkgG8STENhi1-RG,4qpjHqWGxBVRircldaLbMbykVHs2,300,false
,KG9Pba3wEih0TBi9XNHT4pI25V42,-Nz8gz69kcJhEvw7yuiK,-Nz8tJF34Bks4HiPLqb3,qfu7IPPcCyXFoV1Gn1sToYfq5F63,40,false
,KG9Pba3wEih0TBi9XNHT4pI25V42,-Nz8gz69kcJhEvw7yuiK,-Nz8tbsNgSMTHHogrwO3,qfu7IPPcCyXFoV1Gn1sToYfq5F63,40,false
,KG9Pba3wEih0TBi9XNHT4pI25V42,-Nz8gz69kcJhEvw7yuiK,-Nz8tzF8mnIGB4W3X0tp,qfu7IPPcCyXFoV1Gn1sToYfq5F63,40,false
,KG9Pba3wEih0TBi9XNHT4pI25V42,-Nz8gz69kcJhEvw7yuiK,-Nz8sbgEhTGqoDwMyKrG,qfu7IPPcCyXFoV1Gn1sToYfq5F63,260,false
,KG9Pba3wEih0TBi9XNHT4pI25V42,-O2iCO-kMj1e3jLBhk3I,-O2iDWVm9nO-tPeKLcN7,oXqZ0ZlQsLcTSPY8UOyukVWaYuG3,300,false
,KG9Pba3wEih0TBi9XNHT4pI25V42,-Nz8gz69kcJhEvw7yuiK,-Nz8tzF8mnIGB4W3X0tp,qfu7IPPcCyXFoV1Gn1sToYfq5F63,40,false
,KG9Pba3wEih0TBi9XNHT4pI25V42,-Nz8gz69kcJhEvw7yuiK,-Nz8tbsNgSMTHHogrwO3,qfu7IPPcCyXFoV1Gn1sToYfq5F63,40,false
,KG9Pba3wEih0TBi9XNHT4pI25V42,-NikJ-sBrcRBMSF0jgFo,-NikLupoi1Vfxj9FOcG5,4qpjHqWGxBVRircldaLbMbykVHs2,200,false
,KG9Pba3wEih0TBi9XNHT4pI25V42,-NzhxakpJN9VUjNaxkDc,-Nzhy-U3IfUfhWdH4Rkg,yrkJoIfYniVPyVIz7it4OmO00fo1,300,false
,KG9Pba3wEih0TBi9XNHT4pI25V42,-NcXs2ErKckrr89Qsdf_,-NcXszPYLYFyRWlyT2jh,Em5ikAsNyIWtFq0uXd2kkiKGj9o2,300,false
,KG9Pba3wEih0TBi9XNHT4pI25V42,-Nc6Oh9qfA9ThSW4lbxv,-Nc6PtOC7oH1DR4AjtEl,xeuGoGi4lEUWKjf1bIJMBXZaZRa2,300,false
,KG9Pba3wEih0TBi9XNHT4pI25V42,-NcXs2ErKckrr89Qsdf_,-NcXtZe9WkI7UNKrLLhZ,Em5ikAsNyIWtFq0uXd2kkiKGj9o2,300,false
,KG9Pba3wEih0TBi9XNHT4pI25V42,-NcXs2ErKckrr89Qsdf_,-NcXu_7aEPbNNzccZoQf,Em5ikAsNyIWtFq0uXd2kkiKGj9o2,300,false
,KG9Pba3wEih0TBi9XNHT4pI25V42,-NzhxakpJN9VUjNaxkDc,-NzhysuNuXLLjQPuspd-,yrkJoIfYniVPyVIz7it4OmO00fo1,300,false
,KG9Pba3wEih0TBi9XNHT4pI25V42,-O7mAuYTaeRX9n5j3Nuy,-O7mCHN-I06WYMsxafGK,GP5WzDwvMIWkMcB1FhNOUnc2G462,280,false
,KG9Pba3wEih0TBi9XNHT4pI25V42,-Nzhrmf0iuIlOwL7OxlM,-NzhtvWUSkU3Hchvt1Fp,JjgK259ffIYREcCanlAIYEvUhNr1,300,false
,KG9Pba3wEih0TBi9XNHT4pI25V42,-O2iCO-kMj1e3jLBhk3I,-O2iNmXJPTawig22QnDh,oXqZ0ZlQsLcTSPY8UOyukVWaYuG3,200,false
,KG9Pba3wEih0TBi9XNHT4pI25V42,-O08Scdjlm_JdR5aBA18,-O08TRGdveTR1ACscEE-,rTZ82KNjL9MvtTXMxwbB9zvwdwd2,300,false
,KG9Pba3wEih0TBi9XNHT4pI25V42,-NzhxakpJN9VUjNaxkDc,-NzhysuNuXLLjQPuspd-,yrkJoIfYniVPyVIz7it4OmO00fo1,300,false
,KG9Pba3wEih0TBi9XNHT4pI25V42,-NzhxakpJN9VUjNaxkDc,-Nzi0Aj0W95lOxfxo1Ie,yrkJoIfYniVPyVIz7it4OmO00fo1,200,false
,KG9Pba3wEih0TBi9XNHT4pI25V42,-O08Scdjlm_JdR5aBA18,-O08VSmx--lFsgHdaDAi,rTZ82KNjL9MvtTXMxwbB9zvwdwd2,300,false
,KG9Pba3wEih0TBi9XNHT4pI25V42,-O08Scdjlm_JdR5aBA18,-O08V9lYBzmXGZyY06NI,rTZ82KNjL9MvtTXMxwbB9zvwdwd2,300,false
,KG9Pba3wEih0TBi9XNHT4pI25V42,-NcXs2ErKckrr89Qsdf_,-NcXv2pWm1f1Q9A7lWWS,Em5ikAsNyIWtFq0uXd2kkiKGj9o2,200,false
,KG9Pba3wEih0TBi9XNHT4pI25V42,-NcXs2ErKckrr89Qsdf_,-NdKFdCqVGnzDSWs0dLW,Em5ikAsNyIWtFq0uXd2kkiKGj9o2,200,false
,KG9Pba3wEih0TBi9XNHT4pI25V42,-NcXs2ErKckrr89Qsdf_,-NcXvxcxv5ZAirWzAGcp,Em5ikAsNyIWtFq0uXd2kkiKGj9o2,200,false
,KG9Pba3wEih0TBi9XNHT4pI25V42,-NrG3htiQeFdwRH5uWDN,-NrG6DDd-74GAp1oKsuu,Qkg0A8sNoGPGzfeGqoXz8uTAhWj2,350,false
,KG9Pba3wEih0TBi9XNHT4pI25V42,-Nzhrmf0iuIlOwL7OxlM,-Nzht5CMNinGqP-HpxQX,JjgK259ffIYREcCanlAIYEvUhNr1,300,false
,KG9Pba3wEih0TBi9XNHT4pI25V42,-O4A69NIczhDVSOvO-bK,-O4A6vAjWhTh4c66lozl,HXG2tULLTPQkMizuIabBxzoZx5X2,300,false
,KG9Pba3wEih0TBi9XNHT4pI25V42,-O2iCO-kMj1e3jLBhk3I,-O2iDWVm9nO-tPeKLcN7,btfsL2QvHJM0pk6igmFFjFTaMuG2,300,false
,KG9Pba3wEih0TBi9XNHT4pI25V42,-NrG3htiQeFdwRH5uWDN,-NrG6gnqT9gYK-sLjvsk,Qkg0A8sNoGPGzfeGqoXz8uTAhWj2,350,false
,KG9Pba3wEih0TBi9XNHT4pI25V42,-O08Scdjlm_JdR5aBA18,-O08UN7JJcEyY_Wy3PcR,rTZ82KNjL9MvtTXMxwbB9zvwdwd2,300,false
,KG9Pba3wEih0TBi9XNHT4pI25V42,-O08Scdjlm_JdR5aBA18,-O08TtG2VAtQLTTWo-SH,rTZ82KNjL9MvtTXMxwbB9zvwdwd2,300,false
,KG9Pba3wEih0TBi9XNHT4pI25V42,-Nzhrmf0iuIlOwL7OxlM,-NzhshtG_h2SG96Qhobf,JjgK259ffIYREcCanlAIYEvUhNr1,300,false
,KG9Pba3wEih0TBi9XNHT4pI25V42,-Nzhrmf0iuIlOwL7OxlM,-NzhtT8zbN9PIqu0RgQ0,JjgK259ffIYREcCanlAIYEvUhNr1,300,false
,KG9Pba3wEih0TBi9XNHT4pI25V42,-Nz8TUgyp8W61kxo694b,-Nz8dGH2Lx9TWPKsCp3L,LmxPwOIS46V0sL3QLoqbYf4DHBT2,350,false
,KG9Pba3wEih0TBi9XNHT4pI25V42,-Nl7ldAXg-HYEu5UMywi,-Nl7nGED9NfHgbo65J6t,fTHJ8CxREybK3vW27TY9JIq2iKv1,300,false
,KG9Pba3wEih0TBi9XNHT4pI25V42,-O2OF229tBkgX-nhToQ8,-O2OGThYnuW1vpBn6HC0,SpUU7BOKk2hmbVB0wveizl6MOHv2,300,false
,KG9Pba3wEih0TBi9XNHT4pI25V42,-Nz8TUgyp8W61kxo694b,-Nz8cI8DRjzOud1NKXDp,Clfozmz5DDNXnoNKL4Ij18ngyeO2,350,false
,KG9Pba3wEih0TBi9XNHT4pI25V42,-O08Scdjlm_JdR5aBA18,-O08Vq6SVkj8UemuXMFg,rTZ82KNjL9MvtTXMxwbB9zvwdwd2,200,false
,KG9Pba3wEih0TBi9XNHT4pI25V42,-O4A69NIczhDVSOvO-bK,-O4A7eTwQIItyzde7fnW,yEwyExUXCwhSGvEtnCPmAAUk1hR2,300,false
,KG9Pba3wEih0TBi9XNHT4pI25V42,-O3lSfIeS08GM2ivPHvw,-O3lU73vihDJ-tkjb1W7,zUbjejEygcOo1OhxGJ6EjSv3lnJ2,350,false
,KG9Pba3wEih0TBi9XNHT4pI25V42,-NrG3htiQeFdwRH5uWDN,-NrG8DuY47gGAxT5u_Bh,Qkg0A8sNoGPGzfeGqoXz8uTAhWj2,200,false
,KG9Pba3wEih0TBi9XNHT4pI25V42,-NyPT5X9y1d-Hfu3x4Kk,-NyPVtvtbnR17UIyzC3r,8V7KzSH5WqY000alFmVS1bcTYcq2,350,false
,KG9Pba3wEih0TBi9XNHT4pI25V42,-NyPT5X9y1d-Hfu3x4Kk,-NyPVWdQ2KUiPkIKO_Am,8V7KzSH5WqY000alFmVS1bcTYcq2,350,false
,KG9Pba3wEih0TBi9XNHT4pI25V42,-NyPT5X9y1d-Hfu3x4Kk,-NyPWC_RvPFq8GLBm-5W,8V7KzSH5WqY000alFmVS1bcTYcq2,350,false
,KG9Pba3wEih0TBi9XNHT4pI25V42,-Nzhrmf0iuIlOwL7OxlM,-NzhwG4iOys6PHC31sma,JjgK259ffIYREcCanlAIYEvUhNr1,200,false
,KG9Pba3wEih0TBi9XNHT4pI25V42,-NmC18VrA8CeragiVGu8,-NmC2faARSqpAG6okYEj,t2T3SPHhiWQTdVLZDE1hZWtGY5g2,300,false
,KG9Pba3wEih0TBi9XNHT4pI25V42,-O3lSfIeS08GM2ivPHvw,-O3lTHRbe8YhqeVxbo4P,zUbjejEygcOo1OhxGJ6EjSv3lnJ2,350,false
,KG9Pba3wEih0TBi9XNHT4pI25V42,-Nz8gz69kcJhEvw7yuiK,-Nz8rmI_FZ1gY_-RtCgA,qfu7IPPcCyXFoV1Gn1sToYfq5F63,260,false
,KG9Pba3wEih0TBi9XNHT4pI25V42,-Nz8gz69kcJhEvw7yuiK,-Nz8sbgEhTGqoDwMyKrG,qfu7IPPcCyXFoV1Gn1sToYfq5F63,260,false
,KG9Pba3wEih0TBi9XNHT4pI25V42,-Nz8gz69kcJhEvw7yuiK,-Nz8syGdcIwPn3fkc82I,qfu7IPPcCyXFoV1Gn1sToYfq5F63,260,false
,KG9Pba3wEih0TBi9XNHT4pI25V42,-Nt0dCRS9khradpJF5zd,-Nt0dk7NbHkuHI8_DjTA,0zOXXT5thYaLMvFZR0jv25UJWB62,300,false
,KG9Pba3wEih0TBi9XNHT4pI25V42,-NyVaxBHWh_fOMAilGLc,-NyZBjZLvY3AO5AteGiE,IMUphzIjrXbFJrCDY0fZ9DyRMMA3,350,false
,KG9Pba3wEih0TBi9XNHT4pI25V42,-O08Scdjlm_JdR5aBA18,-O08TRGdveTR1ACscEE-,rTZ82KNjL9MvtTXMxwbB9zvwdwd2,300,false
,KG9Pba3wEih0TBi9XNHT4pI25V42,-NyVaxBHWh_fOMAilGLc,-NyZC8-DHEABcexQ52Ih,IMUphzIjrXbFJrCDY0fZ9DyRMMA3,350,false
,KG9Pba3wEih0TBi9XNHT4pI25V42,-MvW5gwdK1MOWBE3u7g6,-MvW5gwdK1MOWBE3u7g7,8hwUPXQ4iZNN704kx2Wfg60url53,300,false
,KG9Pba3wEih0TBi9XNHT4pI25V42,-Nc6Oh9qfA9ThSW4lbxv,-Nc6QJoVKBMMQDLBFT37,0wGMtRy5pqf2YwR6TTjss7m6zxt1,300,false
,KG9Pba3wEih0TBi9XNHT4pI25V42,-Nc6Oh9qfA9ThSW4lbxv,-Nc6QoTKmZndH7XV17Dj,0wGMtRy5pqf2YwR6TTjss7m6zxt1,300,false
,KG9Pba3wEih0TBi9XNHT4pI25V42,-O08Scdjlm_JdR5aBA18,-O08X4OjSysslQtCnSef,rTZ82KNjL9MvtTXMxwbB9zvwdwd2,200,false
,KG9Pba3wEih0TBi9XNHT4pI25V42,-NyPQFt54nlNBW3puYIA,-NyPUlupQ6jBxywhUH63,5Cs2g0Sbaqbzc3QouNrhNMAyuZw2,350,false
,KG9Pba3wEih0TBi9XNHT4pI25V42,-NmC18VrA8CeragiVGu8,-NmC27wH2iBooJJtQVsG,t2T3SPHhiWQTdVLZDE1hZWtGY5g2,300,false
,KG9Pba3wEih0TBi9XNHT4pI25V42,-Nz8TUgyp8W61kxo694b,-Nz8eVRz8XOiKZ-QWs1e,LmxPwOIS46V0sL3QLoqbYf4DHBT2,200,false
,KG9Pba3wEih0TBi9XNHT4pI25V42,-Nc6Oh9qfA9ThSW4lbxv,-Nc6PtOC7oH1DR4AjtEl,rvCojfTVzYYv0HrNDdq7biflojk2,300,false
,KG9Pba3wEih0TBi9XNHT4pI25V42,-O08Scdjlm_JdR5aBA18,-O08V9lYBzmXGZyY06NI,rTZ82KNjL9MvtTXMxwbB9zvwdwd2,300,false
,KG9Pba3wEih0TBi9XNHT4pI25V42,-O3lOj3T61E_5vERBmtE,-O3lP_RVoCHKUneAFPLU,JlhVu3aP6rMQ7BSnai8t8h26tl02,300,false
,KG9Pba3wEih0TBi9XNHT4pI25V42,-O3lOj3T61E_5vERBmtE,-O3lRCxnD8DGzMFzPDjw,JlhVu3aP6rMQ7BSnai8t8h26tl02,300,false
,KG9Pba3wEih0TBi9XNHT4pI25V42,-Nt0dCRS9khradpJF5zd,-Nt0eVtg7KrpUToZc6p7,O0Cxd9ToRXNi7bC54ygBawVCH612,300,false
,KG9Pba3wEih0TBi9XNHT4pI25V42,-O2iCO-kMj1e3jLBhk3I,-O2iMdXQsSAmK0lohefp,oXqZ0ZlQsLcTSPY8UOyukVWaYuG3,300,false
,KG9Pba3wEih0TBi9XNHT4pI25V42,-O2iCO-kMj1e3jLBhk3I,-O2iL265NrWC4taVxZJK,oXqZ0ZlQsLcTSPY8UOyukVWaYuG3,300,false
,KG9Pba3wEih0TBi9XNHT4pI25V42,-Nzhrmf0iuIlOwL7OxlM,-Nzht5CMNinGqP-HpxQX,JjgK259ffIYREcCanlAIYEvUhNr1,300,false
,KG9Pba3wEih0TBi9XNHT4pI25V42,-O2iCO-kMj1e3jLBhk3I,-O2iN9OiR5xZHtqs2g5P,gYAt9sGGXeRYTOJLSEcps4mmpKK2,300,false
,KG9Pba3wEih0TBi9XNHT4pI25V42,-NmC18VrA8CeragiVGu8,-NmC3zHKWpUgOPi-vIMv,KQnsl0QxvGbTx1TXIQtGMKFlpBP2,300,false
,KG9Pba3wEih0TBi9XNHT4pI25V42,-NzhxakpJN9VUjNaxkDc,-Nzi0Aj0W95lOxfxo1Ie,yrkJoIfYniVPyVIz7it4OmO00fo1,200,false
,KG9Pba3wEih0TBi9XNHT4pI25V42,-O2iCO-kMj1e3jLBhk3I,-O2iP12-s0wTyHg-nNUr,btfsL2QvHJM0pk6igmFFjFTaMuG2,200,false
,KG9Pba3wEih0TBi9XNHT4pI25V42,-Nc6Oh9qfA9ThSW4lbxv,-Nc6Rn483ku8JuI8KTnm,0wGMtRy5pqf2YwR6TTjss7m6zxt1,200,false
,KG9Pba3wEih0TBi9XNHT4pI25V42,-Nc6Oh9qfA9ThSW4lbxv,-Nc6SB-qZZbutYeS2rPK,0wGMtRy5pqf2YwR6TTjss7m6zxt1,200,false
,KG9Pba3wEih0TBi9XNHT4pI25V42,-Nl7ldAXg-HYEu5UMywi,-Nl7qo73b_M6fJHtWMeB,fTHJ8CxREybK3vW27TY9JIq2iKv1,200,false
,KG9Pba3wEih0TBi9XNHT4pI25V42,-Nl7ldAXg-HYEu5UMywi,-Nl7nGED9NfHgbo65J6t,fTHJ8CxREybK3vW27TY9JIq2iKv1,300,false
,KG9Pba3wEih0TBi9XNHT4pI25V42,-O4A69NIczhDVSOvO-bK,-O4A85C6M_apBWLikX84,HXG2tULLTPQkMizuIabBxzoZx5X2,200,false
,KG9Pba3wEih0TBi9XNHT4pI25V42,-O08Scdjlm_JdR5aBA18,-O08VSmx--lFsgHdaDAi,rTZ82KNjL9MvtTXMxwbB9zvwdwd2,300,false
,KG9Pba3wEih0TBi9XNHT4pI25V42,-Nz8gz69kcJhEvw7yuiK,-Nz8tJF34Bks4HiPLqb3,qfu7IPPcCyXFoV1Gn1sToYfq5F63,40,false
,KG9Pba3wEih0TBi9XNHT4pI25V42,-Nz8gz69kcJhEvw7yuiK,-Nz8tbsNgSMTHHogrwO3,qfu7IPPcCyXFoV1Gn1sToYfq5F63,40,false
,KG9Pba3wEih0TBi9XNHT4pI25V42,-Nz8gz69kcJhEvw7yuiK,-Nz8tzF8mnIGB4W3X0tp,qfu7IPPcCyXFoV1Gn1sToYfq5F63,40,false
,KG9Pba3wEih0TBi9XNHT4pI25V42,-NmC7GdJysF695FFzZap,-NmC8seXEhZzMfrk_a5t,YWe0kX3vJHMGqIfva8UWFO5dhwh2,300,false
,KG9Pba3wEih0TBi9XNHT4pI25V42,-O2iCO-kMj1e3jLBhk3I,-O2iOJOegpQYTQLR1sXw,7Mo1DkbGPHUltPxNqHdh96EHlC93,200,false
,KG9Pba3wEih0TBi9XNHT4pI25V42,-O08Scdjlm_JdR5aBA18,-O08WetfDgMEbuIKjnxo,rTZ82KNjL9MvtTXMxwbB9zvwdwd2,200,false
,KG9Pba3wEih0TBi9XNHT4pI25V42,-O08Scdjlm_JdR5aBA18,-O08XTpLd6NlmtuTwnpD,rTZ82KNjL9MvtTXMxwbB9zvwdwd2,200,false
,KG9Pba3wEih0TBi9XNHT4pI25V42,-NyPQFt54nlNBW3puYIA,-Nz7cLqwnDL_8r61vhry,5Cs2g0Sbaqbzc3QouNrhNMAyuZw2,200,false
,KG9Pba3wEih0TBi9XNHT4pI25V42,-O3lSfIeS08GM2ivPHvw,-O3lTdZLuXvPWQ5W3cyg,zUbjejEygcOo1OhxGJ6EjSv3lnJ2,350,false
,KG9Pba3wEih0TBi9XNHT4pI25V42,-NcXs2ErKckrr89Qsdf_,-NcXszPYLYFyRWlyT2jh,Em5ikAsNyIWtFq0uXd2kkiKGj9o2,300,false
,KG9Pba3wEih0TBi9XNHT4pI25V42,-NcXs2ErKckrr89Qsdf_,-NcXtZe9WkI7UNKrLLhZ,Em5ikAsNyIWtFq0uXd2kkiKGj9o2,300,false
,KG9Pba3wEih0TBi9XNHT4pI25V42,-O2iCO-kMj1e3jLBhk3I,-O2iRFgigzRkqV9VHDqr,gYAt9sGGXeRYTOJLSEcps4mmpKK2,200,false
,KG9Pba3wEih0TBi9XNHT4pI25V42,-NzhxakpJN9VUjNaxkDc,-O3gb-6Y39mzH6rLXIV0,AKkKHIIz5HXDpPOlSnMG1PoQXiV2,300,false
,KG9Pba3wEih0TBi9XNHT4pI25V42,-O3lSfIeS08GM2ivPHvw,-O3lUkHiQX_jTelG-byR,zUbjejEygcOo1OhxGJ6EjSv3lnJ2,200,false
,KG9Pba3wEih0TBi9XNHT4pI25V42,-Nz8TUgyp8W61kxo694b,-Nz8cfhT4Qs6i-8a4-EE,NjHcvYWJKmMMA4OeSsMFnORThBo1,350,false
,KG9Pba3wEih0TBi9XNHT4pI25V42,-O7mAuYTaeRX9n5j3Nuy,-O7mDIl007mLEK73VuVW,GP5WzDwvMIWkMcB1FhNOUnc2G462,200,false
,KG9Pba3wEih0TBi9XNHT4pI25V42,-O3lSfIeS08GM2ivPHvw,-O3lU73vihDJ-tkjb1W7,OXhs5HHMiLgRPBsivzF8auL6HYw1,350,false
,KG9Pba3wEih0TBi9XNHT4pI25V42,-O4A69NIczhDVSOvO-bK,-O4A6vAjWhTh4c66lozl,W4zM5c0XmNfv11Z7mXQIjkP1QE82,300,false
,KG9Pba3wEih0TBi9XNHT4pI25V42,-O4A69NIczhDVSOvO-bK,-O4A7JRtUlLTg8YqAY37,W4zM5c0XmNfv11Z7mXQIjkP1QE82,300,false
,KG9Pba3wEih0TBi9XNHT4pI25V42,-O3lopehLKmdtWWFSRE8,-O3lpHnvDSewCQujirKL,hmSLTcGlNgXwgzDaFAeIPMEuHvo1,500,false
,KG9Pba3wEih0TBi9XNHT4pI25V42,-O08Scdjlm_JdR5aBA18,-O08UN7JJcEyY_Wy3PcR,5OrwTbUimUSItnkJmKxHAMe7DHF2,300,false
,KG9Pba3wEih0TBi9XNHT4pI25V42,-Nz8gz69kcJhEvw7yuiK,-Nz8sbgEhTGqoDwMyKrG,qfu7IPPcCyXFoV1Gn1sToYfq5F63,260,false
,KG9Pba3wEih0TBi9XNHT4pI25V42,-Nz8gz69kcJhEvw7yuiK,-Nz8syGdcIwPn3fkc82I,qfu7IPPcCyXFoV1Gn1sToYfq5F63,260,false
,KG9Pba3wEih0TBi9XNHT4pI25V42,-O08Scdjlm_JdR5aBA18,-O08TRGdveTR1ACscEE-,rTZ82KNjL9MvtTXMxwbB9zvwdwd2,300,false
,KG9Pba3wEih0TBi9XNHT4pI25V42,-O2OF229tBkgX-nhToQ8,-O2OI4Gk2d7_r8lOojX1,SpUU7BOKk2hmbVB0wveizl6MOHv2,200,false
,KG9Pba3wEih0TBi9XNHT4pI25V42,-NcXs2ErKckrr89Qsdf_,-NcXu_7aEPbNNzccZoQf,Em5ikAsNyIWtFq0uXd2kkiKGj9o2,300,false
,KG9Pba3wEih0TBi9XNHT4pI25V42,-O4A69NIczhDVSOvO-bK,-O4A7eTwQIItyzde7fnW,W4zM5c0XmNfv11Z7mXQIjkP1QE82,300,false
,KG9Pba3wEih0TBi9XNHT4pI25V42,-Nl7ldAXg-HYEu5UMywi,-Nl7qo73b_M6fJHtWMeB,fTHJ8CxREybK3vW27TY9JIq2iKv1,200,false
,KG9Pba3wEih0TBi9XNHT4pI25V42,-NoVk5Kd7SDp2FKbe2Jr,-NoVl05cwblKySdgw3ES,5thBaBZMEmdtt6Ny7mY60v3redb2,300,false
,KG9Pba3wEih0TBi9XNHT4pI25V42,-Nl7ldAXg-HYEu5UMywi,-Nl7nGED9NfHgbo65J6t,0wNHbQ2LSyQleCxzQr8PIrsiVpB2,300,false
,KG9Pba3wEih0TBi9XNHT4pI25V42,-O08vVh_sepkZWWYtBMO,-O08we8MtTu5y6dHv9RH,AJMLgjY3yrMCPYmvDCAecHJQJqw1,300,false
,KG9Pba3wEih0TBi9XNHT4pI25V42,-Nzhrmf0iuIlOwL7OxlM,-NzhvUB-VJFOqmgk1mm9,JjgK259ffIYREcCanlAIYEvUhNr1,200,false
,KG9Pba3wEih0TBi9XNHT4pI25V42,-NoVk5Kd7SDp2FKbe2Jr,-NoVnK4HclG1KSpRyrTk,5thBaBZMEmdtt6Ny7mY60v3redb2,200,false
,KG9Pba3wEih0TBi9XNHT4pI25V42,-N8wrJ7SvHAC_pStTMIM,-N8wsmL2_lyB6oYgJTuO,PyHO3QVEsyTWMsuvmilOIqCz3Jl1,300,false
,KG9Pba3wEih0TBi9XNHT4pI25V42,-O08Scdjlm_JdR5aBA18,-O08V9lYBzmXGZyY06NI,uP87xFNAvhRHsVtoGwi2zkWUM683,300,false
,KG9Pba3wEih0TBi9XNHT4pI25V42,-N8wrJ7SvHAC_pStTMIM,-N8wtlIzDIeb_bCLJrYv,0z4R5WWRF9ed6rGvLBUvotQYxbK2,300,false
,KG9Pba3wEih0TBi9XNHT4pI25V42,-O08Scdjlm_JdR5aBA18,-O08TRGdveTR1ACscEE-,uP87xFNAvhRHsVtoGwi2zkWUM683,300,false
,KG9Pba3wEih0TBi9XNHT4pI25V42,-O08Scdjlm_JdR5aBA18,-O08TtG2VAtQLTTWo-SH,rTZ82KNjL9MvtTXMxwbB9zvwdwd2,300,false
,KG9Pba3wEih0TBi9XNHT4pI25V42,-NoVk5Kd7SDp2FKbe2Jr,-NoVmeZVmmgYNxANZALf,5thBaBZMEmdtt6Ny7mY60v3redb2,300,false
,KG9Pba3wEih0TBi9XNHT4pI25V42,-Nz8gz69kcJhEvw7yuiK,-Nz8tbsNgSMTHHogrwO3,qfu7IPPcCyXFoV1Gn1sToYfq5F63,40,false
,KG9Pba3wEih0TBi9XNHT4pI25V42,-Nz8gz69kcJhEvw7yuiK,-Nz8tzF8mnIGB4W3X0tp,qfu7IPPcCyXFoV1Gn1sToYfq5F63,40,false
,KG9Pba3wEih0TBi9XNHT4pI25V42,-O3lSfIeS08GM2ivPHvw,-O3lTdZLuXvPWQ5W3cyg,zUbjejEygcOo1OhxGJ6EjSv3lnJ2,350,false
,KG9Pba3wEih0TBi9XNHT4pI25V42,-NikJ-sBrcRBMSF0jgFo,-NikKlkgG8STENhi1-RG,4qpjHqWGxBVRircldaLbMbykVHs2,300,false
,KG9Pba3wEih0TBi9XNHT4pI25V42,-NcXs2ErKckrr89Qsdf_,-NcXvxcxv5ZAirWzAGcp,Em5ikAsNyIWtFq0uXd2kkiKGj9o2,200,false
,KG9Pba3wEih0TBi9XNHT4pI25V42,-NcXs2ErKckrr89Qsdf_,-NcY5rPmaKnN70Drwi4L,Em5ikAsNyIWtFq0uXd2kkiKGj9o2,200,false
,KG9Pba3wEih0TBi9XNHT4pI25V42,-O3lSfIeS08GM2ivPHvw,-O3lTHRbe8YhqeVxbo4P,6Cf85KYRKbQW6uvlRCdsrkfMPz23,350,false
,KG9Pba3wEih0TBi9XNHT4pI25V42,-NzhxakpJN9VUjNaxkDc,-NzhzJUAI8an8rhRhrHl,jyZNOnagbVcBjEJ37GmNy5gFHeg1,300,false
,KG9Pba3wEih0TBi9XNHT4pI25V42,-Nz8TUgyp8W61kxo694b,-Nz8cI8DRjzOud1NKXDp,069wbmZJ9LXROAzuxepMbZXWQGY2,350,false
,KG9Pba3wEih0TBi9XNHT4pI25V42,-NikJ-sBrcRBMSF0jgFo,-NikKDH65SXjmZM5nj7g,4qpjHqWGxBVRircldaLbMbykVHs2,300,false
,KG9Pba3wEih0TBi9XNHT4pI25V42,-O2OF229tBkgX-nhToQ8,-O2OFlD0FivMgNFq6m0C,xLuEjIqoZSYVy3qYPT3q60Ocxmi2,300,false
,KG9Pba3wEih0TBi9XNHT4pI25V42,-O2iRso2iyzmadqIfVbD,-O2iSJxW236KMyApWe0f,r81eaF32dKNviefmtozL4sD6eEk1,300,false
,KG9Pba3wEih0TBi9XNHT4pI25V42,-NoVk5Kd7SDp2FKbe2Jr,-NoVnhugSUIhQyXwHgsf,5thBaBZMEmdtt6Ny7mY60v3redb2,200,false
,KG9Pba3wEih0TBi9XNHT4pI25V42,-O3lSfIeS08GM2ivPHvw,-O3lV8PaQWdxrd4tDNdB,OXhs5HHMiLgRPBsivzF8auL6HYw1,200,false
,KG9Pba3wEih0TBi9XNHT4pI25V42,-O2iCO-kMj1e3jLBhk3I,-O2iMdXQsSAmK0lohefp,oXqZ0ZlQsLcTSPY8UOyukVWaYuG3,300,false
,KG9Pba3wEih0TBi9XNHT4pI25V42,-Nzhrmf0iuIlOwL7OxlM,-NzhtT8zbN9PIqu0RgQ0,JjgK259ffIYREcCanlAIYEvUhNr1,300,false
,KG9Pba3wEih0TBi9XNHT4pI25V42,-Nzhrmf0iuIlOwL7OxlM,-Nzhv7zrmE-xgGC1EoFc,JjgK259ffIYREcCanlAIYEvUhNr1,200,false
,KG9Pba3wEih0TBi9XNHT4pI25V42,-Nzhrmf0iuIlOwL7OxlM,-NzhshtG_h2SG96Qhobf,JjgK259ffIYREcCanlAIYEvUhNr1,300,false
,KG9Pba3wEih0TBi9XNHT4pI25V42,-NoVk5Kd7SDp2FKbe2Jr,-NoVlNhdzUovGOIM7iut,5thBaBZMEmdtt6Ny7mY60v3redb2,300,false
,KG9Pba3wEih0TBi9XNHT4pI25V42,-Nc6Oh9qfA9ThSW4lbxv,-Nc6PtOC7oH1DR4AjtEl,UYW0FB8COUVK3ai4O0WBsk1x2PB3,300,false
,KG9Pba3wEih0TBi9XNHT4pI25V42,-O4A69NIczhDVSOvO-bK,-O4A6vAjWhTh4c66lozl,W4zM5c0XmNfv11Z7mXQIjkP1QE82,300,false
,KG9Pba3wEih0TBi9XNHT4pI25V42,-O08vVh_sepkZWWYtBMO,-O08wG3qCuMaBM2jUzna,Ahw29KJX7KgcLjtaAKatwKjGLYw1,300,false
,KG9Pba3wEih0TBi9XNHT4pI25V42,-O08vVh_sepkZWWYtBMO,-O08wzXd6faohj_jfp2v,pDHdVW9XeVMa7dbksAxABnyZn662,300,false
,KG9Pba3wEih0TBi9XNHT4pI25V42,-NmC7GdJysF695FFzZap,-NmC8seXEhZzMfrk_a5t,YWe0kX3vJHMGqIfva8UWFO5dhwh2,300,false
,KG9Pba3wEih0TBi9XNHT4pI25V42,-O08vVh_sepkZWWYtBMO,-O08xSuDFCHuFY5S4x7d,pDHdVW9XeVMa7dbksAxABnyZn662,300,false
,KG9Pba3wEih0TBi9XNHT4pI25V42,-O4A69NIczhDVSOvO-bK,-O4A85C6M_apBWLikX84,W4zM5c0XmNfv11Z7mXQIjkP1QE82,200,false
,KG9Pba3wEih0TBi9XNHT4pI25V42,-O4A69NIczhDVSOvO-bK,-O4A8U3FC8qU3Y1efNl9,W4zM5c0XmNfv11Z7mXQIjkP1QE82,200,false
,KG9Pba3wEih0TBi9XNHT4pI25V42,-O4A69NIczhDVSOvO-bK,-O4A7JRtUlLTg8YqAY37,W4zM5c0XmNfv11Z7mXQIjkP1QE82,300,false
,KG9Pba3wEih0TBi9XNHT4pI25V42,-O08Scdjlm_JdR5aBA18,-O08XTpLd6NlmtuTwnpD,5OrwTbUimUSItnkJmKxHAMe7DHF2,200,false
,KG9Pba3wEih0TBi9XNHT4pI25V42,-O08Scdjlm_JdR5aBA18,-O08UN7JJcEyY_Wy3PcR,rTZ82KNjL9MvtTXMxwbB9zvwdwd2,300,false
,KG9Pba3wEih0TBi9XNHT4pI25V42,-NZZuJzST4E62TJ_gPvq,-N_rruIq0BgOu7VCPENp,jOFJbD7EC4YrmfrpBw4mwJig2FC2,300,false
,KG9Pba3wEih0TBi9XNHT4pI25V42,-NZZuJzST4E62TJ_gPvq,-NsHnClg2eh_08S_7DmI,jOFJbD7EC4YrmfrpBw4mwJig2FC2,300,false
,KG9Pba3wEih0TBi9XNHT4pI25V42,-O4A69NIczhDVSOvO-bK,-O4A7eTwQIItyzde7fnW,W4zM5c0XmNfv11Z7mXQIjkP1QE82,300,false
,KG9Pba3wEih0TBi9XNHT4pI25V42,-NzhxakpJN9VUjNaxkDc,-O3gb-6Y39mzH6rLXIV0,hL0pjxzuVuQzq3lozGeSM9fPhYV2,300,false
,KG9Pba3wEih0TBi9XNHT4pI25V42,-Nz8gz69kcJhEvw7yuiK,-Nz8sbgEhTGqoDwMyKrG,qfu7IPPcCyXFoV1Gn1sToYfq5F63,260,false
,KG9Pba3wEih0TBi9XNHT4pI25V42,-NzhxakpJN9VUjNaxkDc,-NzhyWA4d2EoN1Y6-s-G,7h8Fs3NPbBNz3ztGcj925eoxQf52,300,false
,KG9Pba3wEih0TBi9XNHT4pI25V42,-O3lSfIeS08GM2ivPHvw,-O3lU73vihDJ-tkjb1W7,zUbjejEygcOo1OhxGJ6EjSv3lnJ2,350,false
,KG9Pba3wEih0TBi9XNHT4pI25V42,-NoVk5Kd7SDp2FKbe2Jr,-NoVo-uZ0FiuNvI5BazA,5thBaBZMEmdtt6Ny7mY60v3redb2,200,false
,KG9Pba3wEih0TBi9XNHT4pI25V42,-NyPQFt54nlNBW3puYIA,-NyPV7vWjYaxVX_1Gzfo,5Cs2g0Sbaqbzc3QouNrhNMAyuZw2,350,false
,KG9Pba3wEih0TBi9XNHT4pI25V42,-N8wrJ7SvHAC_pStTMIM,-N8wv7AYBe7IbOTB9k6r,0z4R5WWRF9ed6rGvLBUvotQYxbK2,200,false
,KG9Pba3wEih0TBi9XNHT4pI25V42,-Nzhrmf0iuIlOwL7OxlM,-NzhtvWUSkU3Hchvt1Fp,a9zJBXtQU4UCe3J0Aj6aIgRn6tr2,300,false
,KG9Pba3wEih0TBi9XNHT4pI25V42,-NmC18VrA8CeragiVGu8,-NmC27wH2iBooJJtQVsG,sNw7oZem56QQDusM6UfmBkST4RT2,300,false
,KG9Pba3wEih0TBi9XNHT4pI25V42,-MvW5gwdK1MOWBE3u7g6,-MvW5gwdK1MOWBE3u7g8,EJYzHNZhlBh9dGKikIhvQDUYOnZ2,300,false
,KG9Pba3wEih0TBi9XNHT4pI25V42,-O3lSfIeS08GM2ivPHvw,-O3lTdZLuXvPWQ5W3cyg,zUbjejEygcOo1OhxGJ6EjSv3lnJ2,350,false
,KG9Pba3wEih0TBi9XNHT4pI25V42,-O08Scdjlm_JdR5aBA18,-O08WetfDgMEbuIKjnxo,uP87xFNAvhRHsVtoGwi2zkWUM683,200,false
,KG9Pba3wEih0TBi9XNHT4pI25V42,-OEO3uN0yOJDl9KJg_L-,-OEO4Qi32j5u1BTk8Ne7,lzE8rR5G2QPhwIctNWVuGoFjJfF3,300,false
,KG9Pba3wEih0TBi9XNHT4pI25V42,-NikJ-sBrcRBMSF0jgFo,-NikMSDkW9Q7OwEx9i50,4qpjHqWGxBVRircldaLbMbykVHs2,200,false
,KG9Pba3wEih0TBi9XNHT4pI25V42,-Nc6Oh9qfA9ThSW4lbxv,-Nc6SB-qZZbutYeS2rPK,UYW0FB8COUVK3ai4O0WBsk1x2PB3,200,false
,KG9Pba3wEih0TBi9XNHT4pI25V42,-O08Scdjlm_JdR5aBA18,-O08X4OjSysslQtCnSef,uP87xFNAvhRHsVtoGwi2zkWUM683,200,false
,KG9Pba3wEih0TBi9XNHT4pI25V42,-O08vVh_sepkZWWYtBMO,-O08we8MtTu5y6dHv9RH,CYpWDRnUquRtm81atKoUBuTJXAW2,300,false
,KG9Pba3wEih0TBi9XNHT4pI25V42,-O08Scdjlm_JdR5aBA18,-O08TRGdveTR1ACscEE-,rTZ82KNjL9MvtTXMxwbB9zvwdwd2,300,false
,KG9Pba3wEih0TBi9XNHT4pI25V42,-O08Scdjlm_JdR5aBA18,-O08VSmx--lFsgHdaDAi,rTZ82KNjL9MvtTXMxwbB9zvwdwd2,300,false
,KG9Pba3wEih0TBi9XNHT4pI25V42,-O2iCO-kMj1e3jLBhk3I,-O2iDWVm9nO-tPeKLcN7,oXqZ0ZlQsLcTSPY8UOyukVWaYuG3,300,false
,KG9Pba3wEih0TBi9XNHT4pI25V42,-O2iCO-kMj1e3jLBhk3I,-O2iL265NrWC4taVxZJK,oXqZ0ZlQsLcTSPY8UOyukVWaYuG3,300,false
,KG9Pba3wEih0TBi9XNHT4pI25V42,-O7mAuYTaeRX9n5j3Nuy,-O7mCHN-I06WYMsxafGK,GP5WzDwvMIWkMcB1FhNOUnc2G462,280,false
,KG9Pba3wEih0TBi9XNHT4pI25V42,-O3lSfIeS08GM2ivPHvw,-O3lUkHiQX_jTelG-byR,6Cf85KYRKbQW6uvlRCdsrkfMPz23,200,false
,KG9Pba3wEih0TBi9XNHT4pI25V42,-O3lSfIeS08GM2ivPHvw,-O3lTHRbe8YhqeVxbo4P,6Cf85KYRKbQW6uvlRCdsrkfMPz23,350,false
,KG9Pba3wEih0TBi9XNHT4pI25V42,-O08Scdjlm_JdR5aBA18,-O08V9lYBzmXGZyY06NI,rTZ82KNjL9MvtTXMxwbB9zvwdwd2,300,false
,KG9Pba3wEih0TBi9XNHT4pI25V42,-Nz8TUgyp8W61kxo694b,-Nz8f8_jIjV8UNIsblAn,069wbmZJ9LXROAzuxepMbZXWQGY2,200,false
,KG9Pba3wEih0TBi9XNHT4pI25V42,-NcXs2ErKckrr89Qsdf_,-NcXu2OMUrzqZKduQwRD,TFp6M3p9lDcg38Ojwz2cO7Cc7L22,300,false
,KG9Pba3wEih0TBi9XNHT4pI25V42,-NikJ-sBrcRBMSF0jgFo,-NikKlkgG8STENhi1-RG,4qpjHqWGxBVRircldaLbMbykVHs2,300,false
,KG9Pba3wEih0TBi9XNHT4pI25V42,-NikJ-sBrcRBMSF0jgFo,-NikLFJvnMyG7jfT-dK8,4qpjHqWGxBVRircldaLbMbykVHs2,300,false
,KG9Pba3wEih0TBi9XNHT4pI25V42,-N_rA4HA5hBTTHe_RVRK,-N_rDg0OPmNWcKnB15RQ,Mv4xxALudvQNx4AiMTDdEaN4rsW2,300,false
,KG9Pba3wEih0TBi9XNHT4pI25V42,-O08Scdjlm_JdR5aBA18,-O08TtG2VAtQLTTWo-SH,0WsRd5YoAWQSTkYCa603K0W2W402,300,false
,KG9Pba3wEih0TBi9XNHT4pI25V42,-Nt0dCRS9khradpJF5zd,-Nt0eVtg7KrpUToZc6p7,eRH0MImppgVhvTlxliTCE9Ltfuz1,300,false
,KG9Pba3wEih0TBi9XNHT4pI25V42,-Nz8gz69kcJhEvw7yuiK,-Nz8syGdcIwPn3fkc82I,qfu7IPPcCyXFoV1Gn1sToYfq5F63,260,false
,KG9Pba3wEih0TBi9XNHT4pI25V42,-O08vVh_sepkZWWYtBMO,-O08vsqJMhBWrNKTuKiS,iU9vZVFyLwVp6wv5khGR3RenupZ2,300,false
,KG9Pba3wEih0TBi9XNHT4pI25V42,-O2iRso2iyzmadqIfVbD,-O2iSiCZ3n_IDeoNr9Sj,r81eaF32dKNviefmtozL4sD6eEk1,300,false
,KG9Pba3wEih0TBi9XNHT4pI25V42,-O08Scdjlm_JdR5aBA18,-O08WDcPi1su6xlGGOtO,rTZ82KNjL9MvtTXMxwbB9zvwdwd2,200,false
,KG9Pba3wEih0TBi9XNHT4pI25V42,-O08Scdjlm_JdR5aBA18,-O08V9lYBzmXGZyY06NI,0WsRd5YoAWQSTkYCa603K0W2W402,300,false
,KG9Pba3wEih0TBi9XNHT4pI25V42,-NyPQFt54nlNBW3puYIA,-Nz7c1mrSxF3AM0MkKgH,5Cs2g0Sbaqbzc3QouNrhNMAyuZw2,200,false
,KG9Pba3wEih0TBi9XNHT4pI25V42,-NyPQFt54nlNBW3puYIA,-NyPV7vWjYaxVX_1Gzfo,5Cs2g0Sbaqbzc3QouNrhNMAyuZw2,350,false
,KG9Pba3wEih0TBi9XNHT4pI25V42,-OEO3uN0yOJDl9KJg_L-,-OEO4pg2vgOp_5oQttSc,lzE8rR5G2QPhwIctNWVuGoFjJfF3,300,false
,KG9Pba3wEih0TBi9XNHT4pI25V42,-O4A69NIczhDVSOvO-bK,-O4A6vAjWhTh4c66lozl,W4zM5c0XmNfv11Z7mXQIjkP1QE82,300,false
,KG9Pba3wEih0TBi9XNHT4pI25V42,-Nz8gz69kcJhEvw7yuiK,-Nz8sbgEhTGqoDwMyKrG,qfu7IPPcCyXFoV1Gn1sToYfq5F63,260,false
,KG9Pba3wEih0TBi9XNHT4pI25V42,-NZZuJzST4E62TJ_gPvq,-N_rsaAGDmIPKyJ2IPXr,jOFJbD7EC4YrmfrpBw4mwJig2FC2,200,false
,KG9Pba3wEih0TBi9XNHT4pI25V42,-NZZuJzST4E62TJ_gPvq,-N_rt7ahXgFboCA3MJck,jOFJbD7EC4YrmfrpBw4mwJig2FC2,200,false
,KG9Pba3wEih0TBi9XNHT4pI25V42,-O08vVh_sepkZWWYtBMO,-O08wG3qCuMaBM2jUzna,Pg6CEu8JBrO6Ow9Qg4rLCl0918O2,300,false
,KG9Pba3wEih0TBi9XNHT4pI25V42,-NrG3htiQeFdwRH5uWDN,-NrG5HJYwfH4liroGXii,CkUWrPk5N1PSyyiS2kyUBsqiMis1,350,false
,KG9Pba3wEih0TBi9XNHT4pI25V42,-NyVaxBHWh_fOMAilGLc,-NyZC8-DHEABcexQ52Ih,IMUphzIjrXbFJrCDY0fZ9DyRMMA3,350,false
,KG9Pba3wEih0TBi9XNHT4pI25V42,-Nz8gz69kcJhEvw7yuiK,-Nz8tJF34Bks4HiPLqb3,qfu7IPPcCyXFoV1Gn1sToYfq5F63,40,false
,KG9Pba3wEih0TBi9XNHT4pI25V42,-Nl7ldAXg-HYEu5UMywi,-Nl7p0MqMy8IsomQju4P,eG6PjPgInvbaeagnkN5pdhE1Lsm1,300,false
,KG9Pba3wEih0TBi9XNHT4pI25V42,-O4A69NIczhDVSOvO-bK,-O4A7eTwQIItyzde7fnW,W4zM5c0XmNfv11Z7mXQIjkP1QE82,300,false
,KG9Pba3wEih0TBi9XNHT4pI25V42,-O4A69NIczhDVSOvO-bK,-O4A8U3FC8qU3Y1efNl9,W4zM5c0XmNfv11Z7mXQIjkP1QE82,200,false
,KG9Pba3wEih0TBi9XNHT4pI25V42,-NmC18VrA8CeragiVGu8,-NmC2faARSqpAG6okYEj,loE2ygxnkvdNWtw7FHK7gf54Mex1,300,false
,KG9Pba3wEih0TBi9XNHT4pI25V42,-Nl7ldAXg-HYEu5UMywi,-Nl7qBavtazhQ8colX4P,wsudf9zCz2eegCaz49rhXC0MrBG2,300,false
,KG9Pba3wEih0TBi9XNHT4pI25V42,-Nz8gz69kcJhEvw7yuiK,-Nz8rmI_FZ1gY_-RtCgA,qfu7IPPcCyXFoV1Gn1sToYfq5F63,260,false
,KG9Pba3wEih0TBi9XNHT4pI25V42,-Nl7ldAXg-HYEu5UMywi,-Nl7nGED9NfHgbo65J6t,wsudf9zCz2eegCaz49rhXC0MrBG2,300,false
,KG9Pba3wEih0TBi9XNHT4pI25V42,-O4A69NIczhDVSOvO-bK,-O4A7JRtUlLTg8YqAY37,W4zM5c0XmNfv11Z7mXQIjkP1QE82,300,false
,KG9Pba3wEih0TBi9XNHT4pI25V42,-O08vVh_sepkZWWYtBMO,-O08zgddF2Y5hb31ggP0,pDHdVW9XeVMa7dbksAxABnyZn662,200,false
,KG9Pba3wEih0TBi9XNHT4pI25V42,-O08vVh_sepkZWWYtBMO,-O08wzXd6faohj_jfp2v,JHpLlZlQzLVKYlONM8dhODaRp8C3,300,false
,KG9Pba3wEih0TBi9XNHT4pI25V42,-O08vVh_sepkZWWYtBMO,-O08xSuDFCHuFY5S4x7d,JHpLlZlQzLVKYlONM8dhODaRp8C3,300,false
,KG9Pba3wEih0TBi9XNHT4pI25V42,-O4A69NIczhDVSOvO-bK,-O4A9Zu1SvZjXrQoQyrl,W4zM5c0XmNfv11Z7mXQIjkP1QE82,200,false
,KG9Pba3wEih0TBi9XNHT4pI25V42,-O7mAuYTaeRX9n5j3Nuy,-O7mCxZoracdLc3kQdG3,GP5WzDwvMIWkMcB1FhNOUnc2G462,200,false
,KG9Pba3wEih0TBi9XNHT4pI25V42,-Nzhrmf0iuIlOwL7OxlM,-Nzhua1YBM1aZltxsz5G,a9zJBXtQU4UCe3J0Aj6aIgRn6tr2,200,false
,KG9Pba3wEih0TBi9XNHT4pI25V42,-Nz8gz69kcJhEvw7yuiK,-Nz8tbsNgSMTHHogrwO3,qfu7IPPcCyXFoV1Gn1sToYfq5F63,40,false
,KG9Pba3wEih0TBi9XNHT4pI25V42,-O08vVh_sepkZWWYtBMO,-O08yfZdlcZXR0v-MhGe,CYpWDRnUquRtm81atKoUBuTJXAW2,200,false
,KG9Pba3wEih0TBi9XNHT4pI25V42,-O2iCO-kMj1e3jLBhk3I,-O2iP12-s0wTyHg-nNUr,oXqZ0ZlQsLcTSPY8UOyukVWaYuG3,200,false
,KG9Pba3wEih0TBi9XNHT4pI25V42,-O2iCO-kMj1e3jLBhk3I,-O2iN9OiR5xZHtqs2g5P,uuniuBc9ejRUIrGqQlfL2zjHUTW2,300,false
,KG9Pba3wEih0TBi9XNHT4pI25V42,-O2iCO-kMj1e3jLBhk3I,-O2iMdXQsSAmK0lohefp,oXqZ0ZlQsLcTSPY8UOyukVWaYuG3,300,false
,KG9Pba3wEih0TBi9XNHT4pI25V42,-Nz8gz69kcJhEvw7yuiK,-Nz8tzF8mnIGB4W3X0tp,qfu7IPPcCyXFoV1Gn1sToYfq5F63,40,false
,KG9Pba3wEih0TBi9XNHT4pI25V42,-O3lSfIeS08GM2ivPHvw,-O3lV8PaQWdxrd4tDNdB,zUbjejEygcOo1OhxGJ6EjSv3lnJ2,200,false
,KG9Pba3wEih0TBi9XNHT4pI25V42,-O08Scdjlm_JdR5aBA18,-O08UN7JJcEyY_Wy3PcR,rTZ82KNjL9MvtTXMxwbB9zvwdwd2,300,false
,KG9Pba3wEih0TBi9XNHT4pI25V42,-O7mAuYTaeRX9n5j3Nuy,-O7mCbz8FUXkz_fhCbWV,GP5WzDwvMIWkMcB1FhNOUnc2G462,280,false
,KG9Pba3wEih0TBi9XNHT4pI25V42,-NyVaxBHWh_fOMAilGLc,-NyZC8-DHEABcexQ52Ih,IMUphzIjrXbFJrCDY0fZ9DyRMMA3,350,false
,KG9Pba3wEih0TBi9XNHT4pI25V42,-NyVaxBHWh_fOMAilGLc,-NyZC_42Anw3-eR6f9fa,IMUphzIjrXbFJrCDY0fZ9DyRMMA3,200,false
,KG9Pba3wEih0TBi9XNHT4pI25V42,-O85f_8vXT7G7-THmWlc,-O85giMK_SLtmAlEpEj0,y9qvolAXr7gMyva1KIcJBE755O22,300,false
,KG9Pba3wEih0TBi9XNHT4pI25V42,-O85f_8vXT7G7-THmWlc,-O85h154qc3W2TTPFwQ6,y9qvolAXr7gMyva1KIcJBE755O22,300,false
,KG9Pba3wEih0TBi9XNHT4pI25V42,-NcXs2ErKckrr89Qsdf_,-NcXv2pWm1f1Q9A7lWWS,TFp6M3p9lDcg38Ojwz2cO7Cc7L22,200,false
,KG9Pba3wEih0TBi9XNHT4pI25V42,-NrG3htiQeFdwRH5uWDN,-NrG8p8JAWM6a_keuTXq,CkUWrPk5N1PSyyiS2kyUBsqiMis1,200,false
,KG9Pba3wEih0TBi9XNHT4pI25V42,-O2iCO-kMj1e3jLBhk3I,-O2iDWVm9nO-tPeKLcN7,oXqZ0ZlQsLcTSPY8UOyukVWaYuG3,300,false
,KG9Pba3wEih0TBi9XNHT4pI25V42,-Nz8gz69kcJhEvw7yuiK,-Nz8rmI_FZ1gY_-RtCgA,qfu7IPPcCyXFoV1Gn1sToYfq5F63,260,false
,KG9Pba3wEih0TBi9XNHT4pI25V42,-Nz8gz69kcJhEvw7yuiK,-Nz8sbgEhTGqoDwMyKrG,qfu7IPPcCyXFoV1Gn1sToYfq5F63,260,false
,KG9Pba3wEih0TBi9XNHT4pI25V42,-Nz8gz69kcJhEvw7yuiK,-Nz8syGdcIwPn3fkc82I,qfu7IPPcCyXFoV1Gn1sToYfq5F63,260,false
,KG9Pba3wEih0TBi9XNHT4pI25V42,-O2iRso2iyzmadqIfVbD,-O2iSJxW236KMyApWe0f,r81eaF32dKNviefmtozL4sD6eEk1,300,false
,KG9Pba3wEih0TBi9XNHT4pI25V42,-Nz8gz69kcJhEvw7yuiK,-Nz8tJF34Bks4HiPLqb3,qfu7IPPcCyXFoV1Gn1sToYfq5F63,40,false
,KG9Pba3wEih0TBi9XNHT4pI25V42,-NmC7GdJysF695FFzZap,-NmC8seXEhZzMfrk_a5t,uKJ1pjU3xUZtFaMcAhSdWUHzEyN2,300,false
,KG9Pba3wEih0TBi9XNHT4pI25V42,-Nzhrmf0iuIlOwL7OxlM,-Nzht5CMNinGqP-HpxQX,JjgK259ffIYREcCanlAIYEvUhNr1,300,false
,KG9Pba3wEih0TBi9XNHT4pI25V42,-Nzhrmf0iuIlOwL7OxlM,-NzhtvWUSkU3Hchvt1Fp,JjgK259ffIYREcCanlAIYEvUhNr1,300,false
,KG9Pba3wEih0TBi9XNHT4pI25V42,-NzhxakpJN9VUjNaxkDc,-NzhyWA4d2EoN1Y6-s-G,qocBCUyNAkZ0Pli7e6QShWVqlwo1,300,false
,KG9Pba3wEih0TBi9XNHT4pI25V42,-Nzhrmf0iuIlOwL7OxlM,-NzhwG4iOys6PHC31sma,JjgK259ffIYREcCanlAIYEvUhNr1,200,false
,KG9Pba3wEih0TBi9XNHT4pI25V42,-Nc6Oh9qfA9ThSW4lbxv,-Nc6REiQl4nV4AXPxknu,0unzj8FzqsdPvYR4OPbw8AqejPW2,300,false
,KG9Pba3wEih0TBi9XNHT4pI25V42,-O5s3Rd4oAvokOAYSy_4,-O5s4nhsunLWLU2x5iy6,QpNynavALeRphpqE2Ce8iK4aCbv2,300,false
,KG9Pba3wEih0TBi9XNHT4pI25V42,-NikJ-sBrcRBMSF0jgFo,-NikNgf5aHOpzTioEp5m,4qpjHqWGxBVRircldaLbMbykVHs2,200,false
,KG9Pba3wEih0TBi9XNHT4pI25V42,-Nzhrmf0iuIlOwL7OxlM,-NzhtT8zbN9PIqu0RgQ0,JjgK259ffIYREcCanlAIYEvUhNr1,300,false
,KG9Pba3wEih0TBi9XNHT4pI25V42,-NikJ-sBrcRBMSF0jgFo,-NikLupoi1Vfxj9FOcG5,4qpjHqWGxBVRircldaLbMbykVHs2,200,false
,KG9Pba3wEih0TBi9XNHT4pI25V42,-O4A69NIczhDVSOvO-bK,-O4A7JRtUlLTg8YqAY37,W4zM5c0XmNfv11Z7mXQIjkP1QE82,300,false
,KG9Pba3wEih0TBi9XNHT4pI25V42,-O4A69NIczhDVSOvO-bK,-O4A7eTwQIItyzde7fnW,W4zM5c0XmNfv11Z7mXQIjkP1QE82,300,false
,KG9Pba3wEih0TBi9XNHT4pI25V42,-MvW5gwdK1MOWBE3u7g6,-MvW5gwdK1MOWBE3u7g7,3yYdqEpHmuZBaWZG28I4UJow3XB2,300,false
,KG9Pba3wEih0TBi9XNHT4pI25V42,-N8wrJ7SvHAC_pStTMIM,-N8wtlIzDIeb_bCLJrYv,DDVzD9LATzMdVtRkiof16jNCAN33,300,false
,KG9Pba3wEih0TBi9XNHT4pI25V42,-Nzhrmf0iuIlOwL7OxlM,-NzhshtG_h2SG96Qhobf,JjgK259ffIYREcCanlAIYEvUhNr1,300,false
,KG9Pba3wEih0TBi9XNHT4pI25V42,-MvW5gwdK1MOWBE3u7g6,-MvW5gwdK1MOWBE3u7g8,3yYdqEpHmuZBaWZG28I4UJow3XB2,300,false
,KG9Pba3wEih0TBi9XNHT4pI25V42,-O4A69NIczhDVSOvO-bK,-O4A6vAjWhTh4c66lozl,W4zM5c0XmNfv11Z7mXQIjkP1QE82,300,false
,KG9Pba3wEih0TBi9XNHT4pI25V42,-O3lSfIeS08GM2ivPHvw,-O3lUkHiQX_jTelG-byR,6Cf85KYRKbQW6uvlRCdsrkfMPz23,200,false
,KG9Pba3wEih0TBi9XNHT4pI25V42,-O2OF229tBkgX-nhToQ8,-O2OGThYnuW1vpBn6HC0,9MT0KQpw95RO4F3fSh9FWg1YubF3,300,false
,KG9Pba3wEih0TBi9XNHT4pI25V42,-O4A69NIczhDVSOvO-bK,-O4A85C6M_apBWLikX84,W4zM5c0XmNfv11Z7mXQIjkP1QE82,200,false
,KG9Pba3wEih0TBi9XNHT4pI25V42,-O4A69NIczhDVSOvO-bK,-O4A8U3FC8qU3Y1efNl9,W4zM5c0XmNfv11Z7mXQIjkP1QE82,200,false
,KG9Pba3wEih0TBi9XNHT4pI25V42,-NoVk5Kd7SDp2FKbe2Jr,-NoVl05cwblKySdgw3ES,5thBaBZMEmdtt6Ny7mY60v3redb2,300,false
,KG9Pba3wEih0TBi9XNHT4pI25V42,-NcXs2ErKckrr89Qsdf_,-NdKFdCqVGnzDSWs0dLW,TFp6M3p9lDcg38Ojwz2cO7Cc7L22,200,false
,KG9Pba3wEih0TBi9XNHT4pI25V42,-NzhxakpJN9VUjNaxkDc,-O3gb-6Y39mzH6rLXIV0,patlbTGC6jNEeU8JO6p1BgtEPjw2,300,false
,KG9Pba3wEih0TBi9XNHT4pI25V42,-O08Scdjlm_JdR5aBA18,-O08VSmx--lFsgHdaDAi,rTZ82KNjL9MvtTXMxwbB9zvwdwd2,300,false
,KG9Pba3wEih0TBi9XNHT4pI25V42,-O7mAuYTaeRX9n5j3Nuy,-O7mCbz8FUXkz_fhCbWV,GP5WzDwvMIWkMcB1FhNOUnc2G462,280,false
,KG9Pba3wEih0TBi9XNHT4pI25V42,-O7mAuYTaeRX9n5j3Nuy,-O7mDIl007mLEK73VuVW,GP5WzDwvMIWkMcB1FhNOUnc2G462,200,false
,KG9Pba3wEih0TBi9XNHT4pI25V42,-O08vVh_sepkZWWYtBMO,-O08wG3qCuMaBM2jUzna,hunIrfe5Q9PnX9q6jYpFHuEecjv1,300,false
,KG9Pba3wEih0TBi9XNHT4pI25V42,-O08vVh_sepkZWWYtBMO,-O08we8MtTu5y6dHv9RH,hunIrfe5Q9PnX9q6jYpFHuEecjv1,300,false
,KG9Pba3wEih0TBi9XNHT4pI25V42,-O08Scdjlm_JdR5aBA18,-O08TRGdveTR1ACscEE-,KTuXWwQ1p5NPhqynUe61gyHxdyi1,300,false
,KG9Pba3wEih0TBi9XNHT4pI25V42,-O08vVh_sepkZWWYtBMO,-O08vsqJMhBWrNKTuKiS,50EhU7xVbwXnWvgTy7qDeEiZFNI3,300,false
,KG9Pba3wEih0TBi9XNHT4pI25V42,-Nz8gz69kcJhEvw7yuiK,-Nz8tJF34Bks4HiPLqb3,qfu7IPPcCyXFoV1Gn1sToYfq5F63,40,false
,KG9Pba3wEih0TBi9XNHT4pI25V42,-Ny0cIPTcro557kRNPEh,-NyPTZvfnqRfYZsi6foZ,ecPETjLkj8TPRy2PppjGXNv9OuJ3,350,false
,KG9Pba3wEih0TBi9XNHT4pI25V42,-Nt0dCRS9khradpJF5zd,-Nt0e8w14Zy1GHbUCF5T,RIoigrReXAZyuQ32KtjpS2A5g0t2,300,false
,KG9Pba3wEih0TBi9XNHT4pI25V42,-OEO3uN0yOJDl9KJg_L-,-OEO4pg2vgOp_5oQttSc,10l56o7NuQanH5L3SNDpxkInAKq2,300,false
,KG9Pba3wEih0TBi9XNHT4pI25V42,-NyPQFt54nlNBW3puYIA,-NyPV7vWjYaxVX_1Gzfo,5Cs2g0Sbaqbzc3QouNrhNMAyuZw2,350,false
,KG9Pba3wEih0TBi9XNHT4pI25V42,-O3lSfIeS08GM2ivPHvw,-O3lTHRbe8YhqeVxbo4P,zUbjejEygcOo1OhxGJ6EjSv3lnJ2,350,false
,KG9Pba3wEih0TBi9XNHT4pI25V42,-Nz8TUgyp8W61kxo694b,-Nz8dGH2Lx9TWPKsCp3L,HhIOmE6tCkbLQTPIFzKd7ex9ibB3,350,false
,KG9Pba3wEih0TBi9XNHT4pI25V42,-Nz8TUgyp8W61kxo694b,-Nz8bngvOXQWuCw_YItd,1HEqy7KGidaQP0n4yHMxFVKRGfp2,350,false
,KG9Pba3wEih0TBi9XNHT4pI25V42,-Nz8TUgyp8W61kxo694b,-Nz8cI8DRjzOud1NKXDp,1HEqy7KGidaQP0n4yHMxFVKRGfp2,350,false
,KG9Pba3wEih0TBi9XNHT4pI25V42,-Nzhrmf0iuIlOwL7OxlM,-NzhshtG_h2SG96Qhobf,JjgK259ffIYREcCanlAIYEvUhNr1,300,false
,KG9Pba3wEih0TBi9XNHT4pI25V42,-Nz8TUgyp8W61kxo694b,-Nz8cfhT4Qs6i-8a4-EE,1HEqy7KGidaQP0n4yHMxFVKRGfp2,350,false
,KG9Pba3wEih0TBi9XNHT4pI25V42,-NrG3htiQeFdwRH5uWDN,-NrG6DDd-74GAp1oKsuu,4S1W0kYutIcL2tQahkpwHH8tsap1,350,false
,KG9Pba3wEih0TBi9XNHT4pI25V42,-O5s3Rd4oAvokOAYSy_4,-O5s5A6AG8VhjGy-P_fb,eOBZSlNjNPMOxIPXfhwEfxxvWav2,300,false
,KG9Pba3wEih0TBi9XNHT4pI25V42,-Nt0dCRS9khradpJF5zd,-Nt0eVtg7KrpUToZc6p7,FDdGg7jW1nemt0MPYIgebCNfOog1,300,false
,KG9Pba3wEih0TBi9XNHT4pI25V42,-NyVaxBHWh_fOMAilGLc,-NyZC_42Anw3-eR6f9fa,IMUphzIjrXbFJrCDY0fZ9DyRMMA3,200,false
,KG9Pba3wEih0TBi9XNHT4pI25V42,-O08vVh_sepkZWWYtBMO,-O08z7-lRDWJ_U1pxQmd,JHpLlZlQzLVKYlONM8dhODaRp8C3,200,false
,KG9Pba3wEih0TBi9XNHT4pI25V42,-NyPT5X9y1d-Hfu3x4Kk,-NyPWC_RvPFq8GLBm-5W,unx7JeTSE9cEGdBknsaCP6fOn722,350,false
,KG9Pba3wEih0TBi9XNHT4pI25V42,-NrG3htiQeFdwRH5uWDN,-NrG7GTRtvB4HNgk14D_,NaJgq7f5VOYqm2nlWwqAah75stn1,350,false
,KG9Pba3wEih0TBi9XNHT4pI25V42,-N_rA4HA5hBTTHe_RVRK,-N_rS8ZhDu5VOuFPVl4D,FvCGgmSnMYWiHjmWHKWTOGnmzDr1,300,false
,KG9Pba3wEih0TBi9XNHT4pI25V42,-NrG3htiQeFdwRH5uWDN,-NrG6gnqT9gYK-sLjvsk,qKCkqUqofJgg5Rizcq5Kmy6t5Q22,350,false
,KG9Pba3wEih0TBi9XNHT4pI25V42,-Nz8gz69kcJhEvw7yuiK,-Nz8tbsNgSMTHHogrwO3,qfu7IPPcCyXFoV1Gn1sToYfq5F63,40,false
,KG9Pba3wEih0TBi9XNHT4pI25V42,-Nz8gz69kcJhEvw7yuiK,-Nz8tzF8mnIGB4W3X0tp,qfu7IPPcCyXFoV1Gn1sToYfq5F63,40,false
,KG9Pba3wEih0TBi9XNHT4pI25V42,-Nz8TUgyp8W61kxo694b,-Nz8dnIMrrPRovQJ2Gm8,HhIOmE6tCkbLQTPIFzKd7ex9ibB3,200,false
,KG9Pba3wEih0TBi9XNHT4pI25V42,-Nz8TUgyp8W61kxo694b,-Nz8dGH2Lx9TWPKsCp3L,LmxPwOIS46V0sL3QLoqbYf4DHBT2,350,false
,KG9Pba3wEih0TBi9XNHT4pI25V42,-Nzhrmf0iuIlOwL7OxlM,-Nzhv7zrmE-xgGC1EoFc,JjgK259ffIYREcCanlAIYEvUhNr1,200,false
,KG9Pba3wEih0TBi9XNHT4pI25V42,-O2iRso2iyzmadqIfVbD,-O2iT4IXCgbFFbsoUOyi,r81eaF32dKNviefmtozL4sD6eEk1,300,false
,KG9Pba3wEih0TBi9XNHT4pI25V42,-N_rA4HA5hBTTHe_RVRK,-N_rDg0OPmNWcKnB15RQ,sXdJXIKr95XDCW0CQfzYDRTALA52,300,false
,KG9Pba3wEih0TBi9XNHT4pI25V42,-O5s3Rd4oAvokOAYSy_4,-O5s5A6AG8VhjGy-P_fb,eOBZSlNjNPMOxIPXfhwEfxxvWav2,300,false
,KG9Pba3wEih0TBi9XNHT4pI25V42,-Nzhrmf0iuIlOwL7OxlM,-NzhshtG_h2SG96Qhobf,JjgK259ffIYREcCanlAIYEvUhNr1,300,false
,KG9Pba3wEih0TBi9XNHT4pI25V42,-NoVk5Kd7SDp2FKbe2Jr,-NoVo-uZ0FiuNvI5BazA,5thBaBZMEmdtt6Ny7mY60v3redb2,200,false
,KG9Pba3wEih0TBi9XNHT4pI25V42,-Nl7ldAXg-HYEu5UMywi,-Nl7qBavtazhQ8colX4P,bNPZIUGVToOVbpvMEjXB7gsaTcV2,300,false
,KG9Pba3wEih0TBi9XNHT4pI25V42,-O3lOj3T61E_5vERBmtE,-O3lP_RVoCHKUneAFPLU,JlhVu3aP6rMQ7BSnai8t8h26tl02,300,false
,KG9Pba3wEih0TBi9XNHT4pI25V42,-O2iRso2iyzmadqIfVbD,-O2iTSjZ967VPuSGP8ME,r81eaF32dKNviefmtozL4sD6eEk1,160,false
,KG9Pba3wEih0TBi9XNHT4pI25V42,-O7mAuYTaeRX9n5j3Nuy,-O7mDIl007mLEK73VuVW,GP5WzDwvMIWkMcB1FhNOUnc2G462,200,false
,KG9Pba3wEih0TBi9XNHT4pI25V42,-NtRGnH3AbJJ9Y2PvrXH,-NtRHNLYn6asza81C5t3,i7OZAXq2ERagRVtlg58zkKCeWor1,500,false
,KG9Pba3wEih0TBi9XNHT4pI25V42,-O2iRso2iyzmadqIfVbD,-O2iUS2MXzci6rSo-gDh,r81eaF32dKNviefmtozL4sD6eEk1,160,false
,KG9Pba3wEih0TBi9XNHT4pI25V42,-O2iCO-kMj1e3jLBhk3I,-O2iQT9IVA_zi2aTrcgv,oXqZ0ZlQsLcTSPY8UOyukVWaYuG3,200,false
,KG9Pba3wEih0TBi9XNHT4pI25V42,-O85f_8vXT7G7-THmWlc,-O85hV3L99V3Phl3GM9W,y9qvolAXr7gMyva1KIcJBE755O22,200,false
,KG9Pba3wEih0TBi9XNHT4pI25V42,-Nt0dCRS9khradpJF5zd,-Nt0dk7NbHkuHI8_DjTA,fQztXtt9StZq2Dy8L6kWYoDVvYG3,300,false
,KG9Pba3wEih0TBi9XNHT4pI25V42,-Nc6Oh9qfA9ThSW4lbxv,-Nc6QJoVKBMMQDLBFT37,N8XEZgkWlBVyaS7OcWDeCtZVfPr2,300,false
,KG9Pba3wEih0TBi9XNHT4pI25V42,-NoVk5Kd7SDp2FKbe2Jr,-NoVlNhdzUovGOIM7iut,5thBaBZMEmdtt6Ny7mY60v3redb2,300,false
,KG9Pba3wEih0TBi9XNHT4pI25V42,-NoVk5Kd7SDp2FKbe2Jr,-NoVmeZVmmgYNxANZALf,5thBaBZMEmdtt6Ny7mY60v3redb2,300,false
,KG9Pba3wEih0TBi9XNHT4pI25V42,-NzhxakpJN9VUjNaxkDc,-Nzhy-U3IfUfhWdH4Rkg,7FbHiyzLFiWJJKyQQLmiNaq7dDT2,300,false
,KG9Pba3wEih0TBi9XNHT4pI25V42,-Nc6UA9Hl08A7BFSuNAc,-Nc6VTOrX-7LXkDnK1PC,T45Kz4WmxSO5EgEgpqolSJB5FYS2,300,false
,KG9Pba3wEih0TBi9XNHT4pI25V42,-Nc6UA9Hl08A7BFSuNAc,-Nc6Ue9E8YtzB0vHdq7r,SNk5mGalUhabUYFgwTNMSzQeUrF2,300,false
,KG9Pba3wEih0TBi9XNHT4pI25V42,-Nc6UA9Hl08A7BFSuNAc,-Nc6V0X6OIQrhj8c84Mw,T45Kz4WmxSO5EgEgpqolSJB5FYS2,300,false
,KG9Pba3wEih0TBi9XNHT4pI25V42,-O4AuNoq6t8ZB3Y97B8z,-O4EXdcpnqNz8nBaFfoS,c7srj80ovoVtqSOwZBm1ppBO68a2,300,false
,KG9Pba3wEih0TBi9XNHT4pI25V42,-NyZD8bzYBvRicskkW1I,-NyZDwq6dGNBkNl8mQGy,LiFOrD73diQxqWFALmlbObJVzaD2,350,false
,KG9Pba3wEih0TBi9XNHT4pI25V42,-O7mAuYTaeRX9n5j3Nuy,-O7mCHN-I06WYMsxafGK,GP5WzDwvMIWkMcB1FhNOUnc2G462,280,false
,KG9Pba3wEih0TBi9XNHT4pI25V42,-MvW5gwdK1MOWBE3u7g6,-MvW5gwdK1MOWBE3u7g9,AFBGifBIPaQOATglnzwrLb9QtC23,300,false
,KG9Pba3wEih0TBi9XNHT4pI25V42,-O08vVh_sepkZWWYtBMO,-O08wzXd6faohj_jfp2v,lV2PEylQueaGE5GHxwN7MVPkfFC2,300,false
,KG9Pba3wEih0TBi9XNHT4pI25V42,-Nzhrmf0iuIlOwL7OxlM,-NzhvUB-VJFOqmgk1mm9,JjgK259ffIYREcCanlAIYEvUhNr1,200,false
,KG9Pba3wEih0TBi9XNHT4pI25V42,-Nc6Oh9qfA9ThSW4lbxv,-Nc6Rn483ku8JuI8KTnm,0unzj8FzqsdPvYR4OPbw8AqejPW2,200,false
,KG9Pba3wEih0TBi9XNHT4pI25V42,-O2iRso2iyzmadqIfVbD,-O2iSiCZ3n_IDeoNr9Sj,r81eaF32dKNviefmtozL4sD6eEk1,300,false
,KG9Pba3wEih0TBi9XNHT4pI25V42,-NrG3htiQeFdwRH5uWDN,-NrG7GTRtvB4HNgk14D_,NaJgq7f5VOYqm2nlWwqAah75stn1,350,false
,KG9Pba3wEih0TBi9XNHT4pI25V42,-Ny0cIPTcro557kRNPEh,-Nz7bEth_Zn7YTFueRHu,ecPETjLkj8TPRy2PppjGXNv9OuJ3,200,false
,KG9Pba3wEih0TBi9XNHT4pI25V42,-O2iCO-kMj1e3jLBhk3I,-O2iLafmghSVp3Dx_p0V,oXqZ0ZlQsLcTSPY8UOyukVWaYuG3,300,false
,KG9Pba3wEih0TBi9XNHT4pI25V42,-Ny0cIPTcro557kRNPEh,-Ny0d9INQaoDTWXMFBfe,ecPETjLkj8TPRy2PppjGXNv9OuJ3,350,false
,KG9Pba3wEih0TBi9XNHT4pI25V42,-O3lSfIeS08GM2ivPHvw,-O3lV8PaQWdxrd4tDNdB,zUbjejEygcOo1OhxGJ6EjSv3lnJ2,200,false
,KG9Pba3wEih0TBi9XNHT4pI25V42,-O5s3Rd4oAvokOAYSy_4,-O5s5bgEy8Y2nxuGvO3_,QpNynavALeRphpqE2Ce8iK4aCbv2,200,false
,KG9Pba3wEih0TBi9XNHT4pI25V42,-NcXs2ErKckrr89Qsdf_,-NcXu2OMUrzqZKduQwRD,DseppBPaNvVsy9PZ4o0BYePyR4p2,300,false
,KG9Pba3wEih0TBi9XNHT4pI25V42,-Nt0dCRS9khradpJF5zd,-Nt0f94vJLCgbmyZBskU,RIoigrReXAZyuQ32KtjpS2A5g0t2,200,false
,KG9Pba3wEih0TBi9XNHT4pI25V42,-Nc6Oh9qfA9ThSW4lbxv,-Nc6REiQl4nV4AXPxknu,yPMYptp0A4YMF0U6srXoYy6488n2,300,false
,KG9Pba3wEih0TBi9XNHT4pI25V42,-NzhxakpJN9VUjNaxkDc,-NzhysuNuXLLjQPuspd-,coYa4yqlUCfvbUdKJhsSYsRJA9V2,300,false
,KG9Pba3wEih0TBi9XNHT4pI25V42,-O3lSfIeS08GM2ivPHvw,-O3lU73vihDJ-tkjb1W7,zUbjejEygcOo1OhxGJ6EjSv3lnJ2,350,false
,KG9Pba3wEih0TBi9XNHT4pI25V42,-NzhxakpJN9VUjNaxkDc,-NzhyWA4d2EoN1Y6-s-G,l6oLspfK7XSFcORHFUVPJGc6rq93,300,false
,KG9Pba3wEih0TBi9XNHT4pI25V42,-NZZuJzST4E62TJ_gPvq,-N_rrSXRo2PyFR5D6qjQ,QaBQOHgeGSWcLU4ocN9DKfaM1Rw2,300,false
,KG9Pba3wEih0TBi9XNHT4pI25V42,-NZZuJzST4E62TJ_gPvq,-N_rruIq0BgOu7VCPENp,QaBQOHgeGSWcLU4ocN9DKfaM1Rw2,300,false
,KG9Pba3wEih0TBi9XNHT4pI25V42,-O7mAuYTaeRX9n5j3Nuy,-O7mCbz8FUXkz_fhCbWV,GP5WzDwvMIWkMcB1FhNOUnc2G462,280,false
,KG9Pba3wEih0TBi9XNHT4pI25V42,-Nl7ldAXg-HYEu5UMywi,-Nl7nGED9NfHgbo65J6t,VOM1yMB7Q7cGRZxjqALVfWL27Ii1,300,false
,KG9Pba3wEih0TBi9XNHT4pI25V42,-NZZuJzST4E62TJ_gPvq,-NsHnClg2eh_08S_7DmI,u2E63Vf3xqUjk48FECDiJHirjOa2,300,false
,KG9Pba3wEih0TBi9XNHT4pI25V42,-O3lSfIeS08GM2ivPHvw,-O3lTdZLuXvPWQ5W3cyg,zUbjejEygcOo1OhxGJ6EjSv3lnJ2,350,false
,KG9Pba3wEih0TBi9XNHT4pI25V42,-NmC18VrA8CeragiVGu8,-NmC27wH2iBooJJtQVsG,18ltR21MpPRpbc6QF5sjSAEUKtx1,300,false
,KG9Pba3wEih0TBi9XNHT4pI25V42,-NzhxakpJN9VUjNaxkDc,-NzhzJUAI8an8rhRhrHl,wg86RxQC6NYtsSVlt5jATNyXSBr1,300,false
,KG9Pba3wEih0TBi9XNHT4pI25V42,-NyPT5X9y1d-Hfu3x4Kk,-Nz7drF8d4_W3PsoXA87,unx7JeTSE9cEGdBknsaCP6fOn722,200,false
,KG9Pba3wEih0TBi9XNHT4pI25V42,-O2OF229tBkgX-nhToQ8,-O2OG6he4G6anOmfvIyZ,Ja2LzsOQiHY5TwVSSTPbuiChuLU2,300,false
,KG9Pba3wEih0TBi9XNHT4pI25V42,-O-1Cyu-zBSt-dIFoblE,-O-1FmAoeLjT-YSDRXuk,1gGzMXxa8mRjJmRNlZSekOpiBRJ3,330,false
,KG9Pba3wEih0TBi9XNHT4pI25V42,-Nz8gz69kcJhEvw7yuiK,-Nz8syGdcIwPn3fkc82I,qfu7IPPcCyXFoV1Gn1sToYfq5F63,260,false
,KG9Pba3wEih0TBi9XNHT4pI25V42,-O4A69NIczhDVSOvO-bK,-O4A8U3FC8qU3Y1efNl9,W4zM5c0XmNfv11Z7mXQIjkP1QE82,200,false
,KG9Pba3wEih0TBi9XNHT4pI25V42,-O2OF229tBkgX-nhToQ8,-O2OGThYnuW1vpBn6HC0,Ja2LzsOQiHY5TwVSSTPbuiChuLU2,300,false
,KG9Pba3wEih0TBi9XNHT4pI25V42,-O2iCO-kMj1e3jLBhk3I,-O2iDWVm9nO-tPeKLcN7,7lyQDGl1piapuiukDh8uohyumrE2,300,false
,KG9Pba3wEih0TBi9XNHT4pI25V42,-O08Scdjlm_JdR5aBA18,-O08Vq6SVkj8UemuXMFg,rTZ82KNjL9MvtTXMxwbB9zvwdwd2,200,false
,KG9Pba3wEih0TBi9XNHT4pI25V42,-O08vVh_sepkZWWYtBMO,-O08yfZdlcZXR0v-MhGe,50EhU7xVbwXnWvgTy7qDeEiZFNI3,200,false
,KG9Pba3wEih0TBi9XNHT4pI25V42,-NrG3htiQeFdwRH5uWDN,-NrG7hiiHcPoz2vy0EwF,4S1W0kYutIcL2tQahkpwHH8tsap1,200,false
,KG9Pba3wEih0TBi9XNHT4pI25V42,-O08vVh_sepkZWWYtBMO,-O08yCp4I32zV8Lv4yeV,hunIrfe5Q9PnX9q6jYpFHuEecjv1,200,false
,KG9Pba3wEih0TBi9XNHT4pI25V42,-Nl7ldAXg-HYEu5UMywi,-Nl7p0MqMy8IsomQju4P,0cSsJPAMPtWkIq40CwAdqwFfEVF2,300,false
,KG9Pba3wEih0TBi9XNHT4pI25V42,-Nc6Oh9qfA9ThSW4lbxv,-Nc6PtOC7oH1DR4AjtEl,Qh1NnK59JVOOSpL01440d6mxMTq2,300,false
,KG9Pba3wEih0TBi9XNHT4pI25V42,-O4A69NIczhDVSOvO-bK,-O4A7JRtUlLTg8YqAY37,W4zM5c0XmNfv11Z7mXQIjkP1QE82,300,false
,KG9Pba3wEih0TBi9XNHT4pI25V42,-O08vVh_sepkZWWYtBMO,-O08vsqJMhBWrNKTuKiS,YIKg0EzXVmbIt06Z4JHrgsLh1DA3,300,false
,KG9Pba3wEih0TBi9XNHT4pI25V42,-NzhxakpJN9VUjNaxkDc,-NzhzyFXDKVfO12DZ_wF,patlbTGC6jNEeU8JO6p1BgtEPjw2,200,false
,KG9Pba3wEih0TBi9XNHT4pI25V42,-MvW5gwdK1MOWBE3u7g6,-MvW5gwdK1MOWBE3u7g8,eUOBW5aIZhNAerZXNbPViz8vpxs1,300,false
,KG9Pba3wEih0TBi9XNHT4pI25V42,-O08Scdjlm_JdR5aBA18,-O08VSmx--lFsgHdaDAi,rTZ82KNjL9MvtTXMxwbB9zvwdwd2,300,false
,KG9Pba3wEih0TBi9XNHT4pI25V42,-Nt0dCRS9khradpJF5zd,-Nt0e8w14Zy1GHbUCF5T,vueKFO6ndyW11jhuUCEoqWlSRXG2,300,false
,KG9Pba3wEih0TBi9XNHT4pI25V42,-O2iCO-kMj1e3jLBhk3I,-O2iN9OiR5xZHtqs2g5P,a6D8ZT10AtYtveOlYHYPrQuPlPR2,300,false
,KG9Pba3wEih0TBi9XNHT4pI25V42,-Nt0dCRS9khradpJF5zd,-Nt0dk7NbHkuHI8_DjTA,vueKFO6ndyW11jhuUCEoqWlSRXG2,300,false
,KG9Pba3wEih0TBi9XNHT4pI25V42,-N_rA4HA5hBTTHe_RVRK,-N_rFO64wr75wH_HLbVb,FvCGgmSnMYWiHjmWHKWTOGnmzDr1,200,false
,KG9Pba3wEih0TBi9XNHT4pI25V42,-O2iCO-kMj1e3jLBhk3I,-O2iMdXQsSAmK0lohefp,a6D8ZT10AtYtveOlYHYPrQuPlPR2,300,false
,KG9Pba3wEih0TBi9XNHT4pI25V42,-O4A69NIczhDVSOvO-bK,-O4A7eTwQIItyzde7fnW,W4zM5c0XmNfv11Z7mXQIjkP1QE82,300,false
,KG9Pba3wEih0TBi9XNHT4pI25V42,-O85f_8vXT7G7-THmWlc,-O85giMK_SLtmAlEpEj0,y9qvolAXr7gMyva1KIcJBE755O22,300,false
,KG9Pba3wEih0TBi9XNHT4pI25V42,-NoVk5Kd7SDp2FKbe2Jr,-NoVl05cwblKySdgw3ES,5thBaBZMEmdtt6Ny7mY60v3redb2,300,false
,KG9Pba3wEih0TBi9XNHT4pI25V42,-O4A69NIczhDVSOvO-bK,-O4A9Zu1SvZjXrQoQyrl,W4zM5c0XmNfv11Z7mXQIjkP1QE82,200,false
,KG9Pba3wEih0TBi9XNHT4pI25V42,-O85f_8vXT7G7-THmWlc,-O85h154qc3W2TTPFwQ6,y9qvolAXr7gMyva1KIcJBE755O22,300,false
,KG9Pba3wEih0TBi9XNHT4pI25V42,-O3lSfIeS08GM2ivPHvw,-O3lUkHiQX_jTelG-byR,zUbjejEygcOo1OhxGJ6EjSv3lnJ2,200,false
,KG9Pba3wEih0TBi9XNHT4pI25V42,-N8wrJ7SvHAC_pStTMIM,-N8wuVNETeVU9awihAIt,DDVzD9LATzMdVtRkiof16jNCAN33,200,false
,KG9Pba3wEih0TBi9XNHT4pI25V42,-O4A69NIczhDVSOvO-bK,-O4A85C6M_apBWLikX84,W4zM5c0XmNfv11Z7mXQIjkP1QE82,200,false
,KG9Pba3wEih0TBi9XNHT4pI25V42,-NrG3htiQeFdwRH5uWDN,-NrG5lwA4LweBQPkhqGB,pPOdvh3RPtTfAj5liEIe87KXAqP2,350,false
,KG9Pba3wEih0TBi9XNHT4pI25V42,-Nc6Oh9qfA9ThSW4lbxv,-Nc6QoTKmZndH7XV17Dj,QRdbbQYSePg4mg7YdILSWjPHtmt2,300,false
,KG9Pba3wEih0TBi9XNHT4pI25V42,-Nz8TUgyp8W61kxo694b,-Nz8dnIMrrPRovQJ2Gm8,1HEqy7KGidaQP0n4yHMxFVKRGfp2,200,false
,KG9Pba3wEih0TBi9XNHT4pI25V42,-Nz8TUgyp8W61kxo694b,-Nz8eVRz8XOiKZ-QWs1e,1HEqy7KGidaQP0n4yHMxFVKRGfp2,200,false
,KG9Pba3wEih0TBi9XNHT4pI25V42,-O08vVh_sepkZWWYtBMO,-O08xSuDFCHuFY5S4x7d,0LnjyYrcAKSDdagyvksqfMQXO1H2,300,false
,KG9Pba3wEih0TBi9XNHT4pI25V42,-Nz8TUgyp8W61kxo694b,-Nz8f8_jIjV8UNIsblAn,1HEqy7KGidaQP0n4yHMxFVKRGfp2,200,false
,KG9Pba3wEih0TBi9XNHT4pI25V42,-NyZD8bzYBvRicskkW1I,-NyZELio1r7yPkhnCuRT,LiFOrD73diQxqWFALmlbObJVzaD2,200,false
,KG9Pba3wEih0TBi9XNHT4pI25V42,-NmC7GdJysF695FFzZap,-NmC8seXEhZzMfrk_a5t,pZxkqjpF7IQOX9JlJewi5WMp0xq1,300,false
,KG9Pba3wEih0TBi9XNHT4pI25V42,-NzhxakpJN9VUjNaxkDc,-O3gb-6Y39mzH6rLXIV0,yrkJoIfYniVPyVIz7it4OmO00fo1,300,false
,KG9Pba3wEih0TBi9XNHT4pI25V42,-NyVaxBHWh_fOMAilGLc,-NyZC8-DHEABcexQ52Ih,IMUphzIjrXbFJrCDY0fZ9DyRMMA3,350,false
,KG9Pba3wEih0TBi9XNHT4pI25V42,-Nzhrmf0iuIlOwL7OxlM,-NzhtvWUSkU3Hchvt1Fp,JjgK259ffIYREcCanlAIYEvUhNr1,300,false
,KG9Pba3wEih0TBi9XNHT4pI25V42,-Nz8TUgyp8W61kxo694b,-Nz8dGH2Lx9TWPKsCp3L,LmxPwOIS46V0sL3QLoqbYf4DHBT2,350,false
,KG9Pba3wEih0TBi9XNHT4pI25V42,-O08Scdjlm_JdR5aBA18,-O08TtG2VAtQLTTWo-SH,rTZ82KNjL9MvtTXMxwbB9zvwdwd2,300,false
,KG9Pba3wEih0TBi9XNHT4pI25V42,-Nzhrmf0iuIlOwL7OxlM,-Nzht5CMNinGqP-HpxQX,hHEPeLx05pNNQNT8etqZH9sz4WA3,300,false
,KG9Pba3wEih0TBi9XNHT4pI25V42,-NtRGnH3AbJJ9Y2PvrXH,-NtRHNLYn6asza81C5t3,i7OZAXq2ERagRVtlg58zkKCeWor1,500,false
,KG9Pba3wEih0TBi9XNHT4pI25V42,-N_rA4HA5hBTTHe_RVRK,-N_rDAV9dkG0PMBxLE69,i3S3Z4cEr7clrrLUkms5o8ulQf13,300,false
,KG9Pba3wEih0TBi9XNHT4pI25V42,-Nl7ldAXg-HYEu5UMywi,-Nl7rw88iOihIHj-S3DA,bNPZIUGVToOVbpvMEjXB7gsaTcV2,200,false
,KG9Pba3wEih0TBi9XNHT4pI25V42,-NoVk5Kd7SDp2FKbe2Jr,-NoVnhugSUIhQyXwHgsf,5thBaBZMEmdtt6Ny7mY60v3redb2,200,false
,KG9Pba3wEih0TBi9XNHT4pI25V42,-O08vVh_sepkZWWYtBMO,-O08wG3qCuMaBM2jUzna,8rxNFhqD6RgUfJZuzN1xNBWXsCu2,300,false
,KG9Pba3wEih0TBi9XNHT4pI25V42,-O7mAuYTaeRX9n5j3Nuy,-O7mCxZoracdLc3kQdG3,GP5WzDwvMIWkMcB1FhNOUnc2G462,200,false
,KG9Pba3wEih0TBi9XNHT4pI25V42,-NoVk5Kd7SDp2FKbe2Jr,-NoVlNhdzUovGOIM7iut,5thBaBZMEmdtt6Ny7mY60v3redb2,300,false
,KG9Pba3wEih0TBi9XNHT4pI25V42,-O08vVh_sepkZWWYtBMO,-O08we8MtTu5y6dHv9RH,eEpprmKZwDd3YkHl8uuIs3zAvAw1,300,false
,KG9Pba3wEih0TBi9XNHT4pI25V42,-Nz8TUgyp8W61kxo694b,-Nz8bngvOXQWuCw_YItd,LmxPwOIS46V0sL3QLoqbYf4DHBT2,350,false
,KG9Pba3wEih0TBi9XNHT4pI25V42,-O3lSfIeS08GM2ivPHvw,-O3lTHRbe8YhqeVxbo4P,zUbjejEygcOo1OhxGJ6EjSv3lnJ2,350,false
,KG9Pba3wEih0TBi9XNHT4pI25V42,-NoVk5Kd7SDp2FKbe2Jr,-NoVmeZVmmgYNxANZALf,5thBaBZMEmdtt6Ny7mY60v3redb2,300,false
,KG9Pba3wEih0TBi9XNHT4pI25V42,-NZZuJzST4E62TJ_gPvq,-N_rrSXRo2PyFR5D6qjQ,u2E63Vf3xqUjk48FECDiJHirjOa2,300,false
,KG9Pba3wEih0TBi9XNHT4pI25V42,-NZZuJzST4E62TJ_gPvq,-N_rruIq0BgOu7VCPENp,u2E63Vf3xqUjk48FECDiJHirjOa2,300,false
,KG9Pba3wEih0TBi9XNHT4pI25V42,-NoVk5Kd7SDp2FKbe2Jr,-NoVl05cwblKySdgw3ES,5thBaBZMEmdtt6Ny7mY60v3redb2,300,false
,KG9Pba3wEih0TBi9XNHT4pI25V42,-NoVk5Kd7SDp2FKbe2Jr,-NoVoHRegnCZrE5LSHE6,5thBaBZMEmdtt6Ny7mY60v3redb2,200,false
,KG9Pba3wEih0TBi9XNHT4pI25V42,-NrG3htiQeFdwRH5uWDN,-NrG5HJYwfH4liroGXii,BomuqFjqTxcEOQXjuXUZ2wYLiTz1,350,false
,KG9Pba3wEih0TBi9XNHT4pI25V42,-O08Scdjlm_JdR5aBA18,-O08TRGdveTR1ACscEE-,zUPSEtsdlzMY3O7U7XaW7dSsIvn2,300,false
,KG9Pba3wEih0TBi9XNHT4pI25V42,-N_rA4HA5hBTTHe_RVRK,-N_rEGL1tgsluDWD6ex-,Wcj9p4oTyxb1NpXXtPNULLhscn23,300,false
,KG9Pba3wEih0TBi9XNHT4pI25V42,-N_rA4HA5hBTTHe_RVRK,-N_rS8ZhDu5VOuFPVl4D,Wcj9p4oTyxb1NpXXtPNULLhscn23,300,false
,KG9Pba3wEih0TBi9XNHT4pI25V42,-O08Scdjlm_JdR5aBA18,-O08V9lYBzmXGZyY06NI,rTZ82KNjL9MvtTXMxwbB9zvwdwd2,300,false
,KG9Pba3wEih0TBi9XNHT4pI25V42,-Nc6UA9Hl08A7BFSuNAc,-Nc6X0pL5nPDbO4iR8uD,SNk5mGalUhabUYFgwTNMSzQeUrF2,200,false
,KG9Pba3wEih0TBi9XNHT4pI25V42,-NzhxakpJN9VUjNaxkDc,-Nzi0Aj0W95lOxfxo1Ie,7FbHiyzLFiWJJKyQQLmiNaq7dDT2,200,false
,KG9Pba3wEih0TBi9XNHT4pI25V42,-Nt0dCRS9khradpJF5zd,-Nt0f94vJLCgbmyZBskU,FDdGg7jW1nemt0MPYIgebCNfOog1,200,false
,KG9Pba3wEih0TBi9XNHT4pI25V42,-NzhxakpJN9VUjNaxkDc,-Nzhy-U3IfUfhWdH4Rkg,7FbHiyzLFiWJJKyQQLmiNaq7dDT2,300,false
,KG9Pba3wEih0TBi9XNHT4pI25V42,-O7mAuYTaeRX9n5j3Nuy,-O7mDIl007mLEK73VuVW,GP5WzDwvMIWkMcB1FhNOUnc2G462,200,false
,KG9Pba3wEih0TBi9XNHT4pI25V42,-Nzhrmf0iuIlOwL7OxlM,-NzhvUB-VJFOqmgk1mm9,JjgK259ffIYREcCanlAIYEvUhNr1,200,false
,KG9Pba3wEih0TBi9XNHT4pI25V42,-Nz8gz69kcJhEvw7yuiK,-Nz8tzF8mnIGB4W3X0tp,qfu7IPPcCyXFoV1Gn1sToYfq5F63,40,false
,KG9Pba3wEih0TBi9XNHT4pI25V42,-Nl7ldAXg-HYEu5UMywi,-Nl7qBavtazhQ8colX4P,ahkBcEpeLwbwcxw9rpFCUK7cdbp2,300,false
,KG9Pba3wEih0TBi9XNHT4pI25V42,-O2iCO-kMj1e3jLBhk3I,-O2iQT9IVA_zi2aTrcgv,oXqZ0ZlQsLcTSPY8UOyukVWaYuG3,200,false
,KG9Pba3wEih0TBi9XNHT4pI25V42,-NyZD8bzYBvRicskkW1I,-NyZELio1r7yPkhnCuRT,LiFOrD73diQxqWFALmlbObJVzaD2,200,false
,KG9Pba3wEih0TBi9XNHT4pI25V42,-Ny0cIPTcro557kRNPEh,-NyPTvUvGo2nhGT92rMO,ecPETjLkj8TPRy2PppjGXNv9OuJ3,350,false
,KG9Pba3wEih0TBi9XNHT4pI25V42,-NrG3htiQeFdwRH5uWDN,-NrG6gnqT9gYK-sLjvsk,pM1Vig0SijSk4Ek1BBHicBpOHEK2,350,false
,KG9Pba3wEih0TBi9XNHT4pI25V42,-NrG3htiQeFdwRH5uWDN,-NrG6DDd-74GAp1oKsuu,yukUf9R0sNf0A7i5JnxQA1WM6FD2,350,false
,KG9Pba3wEih0TBi9XNHT4pI25V42,-N_rA4HA5hBTTHe_RVRK,-N_rSiKs82A4VHNArXvf,AtdNpUPHVYTSNBi7Cye0imDgnNv2,200,false
,KG9Pba3wEih0TBi9XNHT4pI25V42,-Nt0dCRS9khradpJF5zd,-Nt0eVtg7KrpUToZc6p7,UJwp9g7Qh5YfUxAAwNbAmtBdmmy2,300,false
,KG9Pba3wEih0TBi9XNHT4pI25V42,-Nz8TUgyp8W61kxo694b,-Nz8cfhT4Qs6i-8a4-EE,VzzNmJat25fj9t1aHXfmyYBVRN02,350,false
,KG9Pba3wEih0TBi9XNHT4pI25V42,-NzhxakpJN9VUjNaxkDc,-Nzi-rqb2MuRgDzK4q-Z,l6oLspfK7XSFcORHFUVPJGc6rq93,200,false
,KG9Pba3wEih0TBi9XNHT4pI25V42,-Nc6Oh9qfA9ThSW4lbxv,-Nc6Rn483ku8JuI8KTnm,yPMYptp0A4YMF0U6srXoYy6488n2,200,false
,KG9Pba3wEih0TBi9XNHT4pI25V42,-NrG3htiQeFdwRH5uWDN,-NrG8DuY47gGAxT5u_Bh,pPOdvh3RPtTfAj5liEIe87KXAqP2,200,false
,KG9Pba3wEih0TBi9XNHT4pI25V42,-Nt0dCRS9khradpJF5zd,-Nt0e8w14Zy1GHbUCF5T,UJwp9g7Qh5YfUxAAwNbAmtBdmmy2,300,false
,KG9Pba3wEih0TBi9XNHT4pI25V42,-NrG3htiQeFdwRH5uWDN,-NrG9jnOfMjfAqS3CimW,BomuqFjqTxcEOQXjuXUZ2wYLiTz1,200,false
,KG9Pba3wEih0TBi9XNHT4pI25V42,-O-1Cyu-zBSt-dIFoblE,-O-1G956IpbNok5TxV4J,1gGzMXxa8mRjJmRNlZSekOpiBRJ3,180,false
,KG9Pba3wEih0TBi9XNHT4pI25V42,-O2OF229tBkgX-nhToQ8,-O2OHjqDU5YM-vl-AQut,9MT0KQpw95RO4F3fSh9FWg1YubF3,200,false
,KG9Pba3wEih0TBi9XNHT4pI25V42,-O4A69NIczhDVSOvO-bK,-O4A6vAjWhTh4c66lozl,W4zM5c0XmNfv11Z7mXQIjkP1QE82,300,false
,KG9Pba3wEih0TBi9XNHT4pI25V42,-NyPT5X9y1d-Hfu3x4Kk,-NyPVtvtbnR17UIyzC3r,unx7JeTSE9cEGdBknsaCP6fOn722,350,false
,KG9Pba3wEih0TBi9XNHT4pI25V42,-NyPT5X9y1d-Hfu3x4Kk,-NyPWC_RvPFq8GLBm-5W,unx7JeTSE9cEGdBknsaCP6fOn722,350,false
,KG9Pba3wEih0TBi9XNHT4pI25V42,-O2iCO-kMj1e3jLBhk3I,-O2iRFgigzRkqV9VHDqr,oXqZ0ZlQsLcTSPY8UOyukVWaYuG3,200,false
,KG9Pba3wEih0TBi9XNHT4pI25V42,-O3lSfIeS08GM2ivPHvw,-O3lU73vihDJ-tkjb1W7,zUbjejEygcOo1OhxGJ6EjSv3lnJ2,350,false
,KG9Pba3wEih0TBi9XNHT4pI25V42,-O2iCO-kMj1e3jLBhk3I,-O2iPhLBpDuvHRCf86yC,a6D8ZT10AtYtveOlYHYPrQuPlPR2,200,false
,KG9Pba3wEih0TBi9XNHT4pI25V42,-O08vVh_sepkZWWYtBMO,-O08vsqJMhBWrNKTuKiS,SGT9WDOXzNXeC1UrjMoAVF21ViI3,300,false
,KG9Pba3wEih0TBi9XNHT4pI25V42,-O3lSfIeS08GM2ivPHvw,-O3lV8PaQWdxrd4tDNdB,zUbjejEygcOo1OhxGJ6EjSv3lnJ2,200,false
,KG9Pba3wEih0TBi9XNHT4pI25V42,-NcXs2ErKckrr89Qsdf_,-NcXszPYLYFyRWlyT2jh,Em5ikAsNyIWtFq0uXd2kkiKGj9o2,300,false
,KG9Pba3wEih0TBi9XNHT4pI25V42,-NcXs2ErKckrr89Qsdf_,-NcXu2OMUrzqZKduQwRD,Em5ikAsNyIWtFq0uXd2kkiKGj9o2,300,false
,KG9Pba3wEih0TBi9XNHT4pI25V42,-NtRGnH3AbJJ9Y2PvrXH,-NtRIsYNSjaX50S7FryQ,i7OZAXq2ERagRVtlg58zkKCeWor1,300,false
,KG9Pba3wEih0TBi9XNHT4pI25V42,-Nz8TUgyp8W61kxo694b,-Nz8cI8DRjzOud1NKXDp,KoipCSYEdRScCF0WJHxxsZgVtEW2,350,false
,KG9Pba3wEih0TBi9XNHT4pI25V42,-Nc6Oh9qfA9ThSW4lbxv,-Nc6TLyA3bUkpPM7i2JY,QRdbbQYSePg4mg7YdILSWjPHtmt2,200,false
,KG9Pba3wEih0TBi9XNHT4pI25V42,-O4A69NIczhDVSOvO-bK,-O4A7JRtUlLTg8YqAY37,W4zM5c0XmNfv11Z7mXQIjkP1QE82,300,false
,KG9Pba3wEih0TBi9XNHT4pI25V42,-N_rA4HA5hBTTHe_RVRK,-N_rI7ojBZ1mVQa0ySaf,sXdJXIKr95XDCW0CQfzYDRTALA52,200,false
,KG9Pba3wEih0TBi9XNHT4pI25V42,-O4A69NIczhDVSOvO-bK,-O4A8U3FC8qU3Y1efNl9,W4zM5c0XmNfv11Z7mXQIjkP1QE82,200,false
,KG9Pba3wEih0TBi9XNHT4pI25V42,-Nc6UA9Hl08A7BFSuNAc,-Nc6Ue9E8YtzB0vHdq7r,Edwud1wXKyM4cj65TyFFL4KBWOK2,300,false
,KG9Pba3wEih0TBi9XNHT4pI25V42,-O08Scdjlm_JdR5aBA18,-O08WDcPi1su6xlGGOtO,rTZ82KNjL9MvtTXMxwbB9zvwdwd2,200,false
,KG9Pba3wEih0TBi9XNHT4pI25V42,-O4A69NIczhDVSOvO-bK,-O4A6vAjWhTh4c66lozl,W4zM5c0XmNfv11Z7mXQIjkP1QE82,300,false
,KG9Pba3wEih0TBi9XNHT4pI25V42,-Nz8gz69kcJhEvw7yuiK,-Nz8sbgEhTGqoDwMyKrG,qfu7IPPcCyXFoV1Gn1sToYfq5F63,260,false
,KG9Pba3wEih0TBi9XNHT4pI25V42,-NrG3htiQeFdwRH5uWDN,-NrG5lwA4LweBQPkhqGB,IgTXr10zUsWLKhHNGe6QfyosI213,350,false
,KG9Pba3wEih0TBi9XNHT4pI25V42,-Nz8TUgyp8W61kxo694b,-Nz8eVRz8XOiKZ-QWs1e,LmxPwOIS46V0sL3QLoqbYf4DHBT2,200,false
,KG9Pba3wEih0TBi9XNHT4pI25V42,-O4A69NIczhDVSOvO-bK,-O4A7eTwQIItyzde7fnW,W4zM5c0XmNfv11Z7mXQIjkP1QE82,300,false
,KG9Pba3wEih0TBi9XNHT4pI25V42,-Nl7ldAXg-HYEu5UMywi,-Nl7nGED9NfHgbo65J6t,Y05wsEuzYlVBQFzKj0oGGzqkFvC2,300,false
,KG9Pba3wEih0TBi9XNHT4pI25V42,-Nl7ldAXg-HYEu5UMywi,-Nl7p0MqMy8IsomQju4P,Y05wsEuzYlVBQFzKj0oGGzqkFvC2,300,false
,KG9Pba3wEih0TBi9XNHT4pI25V42,-O4A69NIczhDVSOvO-bK,-O4A9Zu1SvZjXrQoQyrl,W4zM5c0XmNfv11Z7mXQIjkP1QE82,200,false
,KG9Pba3wEih0TBi9XNHT4pI25V42,-NrG3htiQeFdwRH5uWDN,-NrG7hiiHcPoz2vy0EwF,pM1Vig0SijSk4Ek1BBHicBpOHEK2,200,false
,KG9Pba3wEih0TBi9XNHT4pI25V42,-N_rA4HA5hBTTHe_RVRK,-N_rGE42e0Hz2PjYOWuX,Wcj9p4oTyxb1NpXXtPNULLhscn23,200,false
,KG9Pba3wEih0TBi9XNHT4pI25V42,-O2OF229tBkgX-nhToQ8,-O2OGThYnuW1vpBn6HC0,aIq50XJFWwPPZigawPsNHzP3xYm1,300,false
,KG9Pba3wEih0TBi9XNHT4pI25V42,-O08vVh_sepkZWWYtBMO,-O08yCp4I32zV8Lv4yeV,8rxNFhqD6RgUfJZuzN1xNBWXsCu2,200,false
,KG9Pba3wEih0TBi9XNHT4pI25V42,-O08Scdjlm_JdR5aBA18,-O08X4OjSysslQtCnSef,rTZ82KNjL9MvtTXMxwbB9zvwdwd2,200,false
,KG9Pba3wEih0TBi9XNHT4pI25V42,-O08vVh_sepkZWWYtBMO,-O08z7-lRDWJ_U1pxQmd,0LnjyYrcAKSDdagyvksqfMQXO1H2,200,false
,KG9Pba3wEih0TBi9XNHT4pI25V42,-NzhxakpJN9VUjNaxkDc,-O3gbqoWJRkhFhgcVdGi,7FbHiyzLFiWJJKyQQLmiNaq7dDT2,200,false
,KG9Pba3wEih0TBi9XNHT4pI25V42,-MvW5gwdK1MOWBE3u7g6,-MvW5gwdK1MOWBE3u7g8,guNpXVLh0NbSQYd1Alx7PFKBhlG3,300,false
,KG9Pba3wEih0TBi9XNHT4pI25V42,-MvW5gwdK1MOWBE3u7g6,-MvW5gwdK1MOWBE3u7g7,LD1LKQACfkR9HWNUnnR8Xe35z6H3,300,false
,KG9Pba3wEih0TBi9XNHT4pI25V42,-Nt0dCRS9khradpJF5zd,-Nt0dk7NbHkuHI8_DjTA,YnFxzGkLEMh0A3fPBHT7kZy9ks32,300,false
,KG9Pba3wEih0TBi9XNHT4pI25V42,-O08vVh_sepkZWWYtBMO,-O08wG3qCuMaBM2jUzna,X3tSkk2R0DRTzDkXqnruBq8Yos32,300,false
,KG9Pba3wEih0TBi9XNHT4pI25V42,-Nz8gz69kcJhEvw7yuiK,-Nz8tbsNgSMTHHogrwO3,qfu7IPPcCyXFoV1Gn1sToYfq5F63,40,false
,KG9Pba3wEih0TBi9XNHT4pI25V42,-Nc6Oh9qfA9ThSW4lbxv,-Nc6REiQl4nV4AXPxknu,HABpiDqGbXbZ88IzkriTUrXWg9Y2,300,false
,KG9Pba3wEih0TBi9XNHT4pI25V42,-O3lSfIeS08GM2ivPHvw,-O3lUkHiQX_jTelG-byR,zUbjejEygcOo1OhxGJ6EjSv3lnJ2,200,false
,KG9Pba3wEih0TBi9XNHT4pI25V42,-O5s3Rd4oAvokOAYSy_4,-O5s5A6AG8VhjGy-P_fb,QpNynavALeRphpqE2Ce8iK4aCbv2,300,false
,KG9Pba3wEih0TBi9XNHT4pI25V42,-NrG3htiQeFdwRH5uWDN,-NrG6gnqT9gYK-sLjvsk,pM1Vig0SijSk4Ek1BBHicBpOHEK2,350,false
,KG9Pba3wEih0TBi9XNHT4pI25V42,-O08vVh_sepkZWWYtBMO,-O08yfZdlcZXR0v-MhGe,SGT9WDOXzNXeC1UrjMoAVF21ViI3,200,false
,KG9Pba3wEih0TBi9XNHT4pI25V42,-Nl7ldAXg-HYEu5UMywi,-Nl7qo73b_M6fJHtWMeB,Y05wsEuzYlVBQFzKj0oGGzqkFvC2,200,false
,KG9Pba3wEih0TBi9XNHT4pI25V42,-Nl7ldAXg-HYEu5UMywi,-Nl7rw88iOihIHj-S3DA,Y05wsEuzYlVBQFzKj0oGGzqkFvC2,200,false
,KG9Pba3wEih0TBi9XNHT4pI25V42,-NcXs2ErKckrr89Qsdf_,-NcXvxcxv5ZAirWzAGcp,Em5ikAsNyIWtFq0uXd2kkiKGj9o2,200,false
,KG9Pba3wEih0TBi9XNHT4pI25V42,-NcXs2ErKckrr89Qsdf_,-NcY5rPmaKnN70Drwi4L,Em5ikAsNyIWtFq0uXd2kkiKGj9o2,200,false
,KG9Pba3wEih0TBi9XNHT4pI25V42,-NoVk5Kd7SDp2FKbe2Jr,-NoVnK4HclG1KSpRyrTk,5thBaBZMEmdtt6Ny7mY60v3redb2,200,false
,KG9Pba3wEih0TBi9XNHT4pI25V42,-Nc6UA9Hl08A7BFSuNAc,-Nc6XxUik2OzVutzbyFr,Edwud1wXKyM4cj65TyFFL4KBWOK2,200,false
,KG9Pba3wEih0TBi9XNHT4pI25V42,-O08vVh_sepkZWWYtBMO,-O08yCp4I32zV8Lv4yeV,8rxNFhqD6RgUfJZuzN1xNBWXsCu2,200,false
,KG9Pba3wEih0TBi9XNHT4pI25V42,-O4A69NIczhDVSOvO-bK,-O4A8U3FC8qU3Y1efNl9,W4zM5c0XmNfv11Z7mXQIjkP1QE82,200,false
,KG9Pba3wEih0TBi9XNHT4pI25V42,-Nt0dCRS9khradpJF5zd,-Nt0f94vJLCgbmyZBskU,YnFxzGkLEMh0A3fPBHT7kZy9ks32,200,false
,KG9Pba3wEih0TBi9XNHT4pI25V42,-O4A69NIczhDVSOvO-bK,-O4A6vAjWhTh4c66lozl,W4zM5c0XmNfv11Z7mXQIjkP1QE82,300,false
,KG9Pba3wEih0TBi9XNHT4pI25V42,-NZZuJzST4E62TJ_gPvq,-N_rsaAGDmIPKyJ2IPXr,u2E63Vf3xqUjk48FECDiJHirjOa2,200,false
,KG9Pba3wEih0TBi9XNHT4pI25V42,-Nz8TUgyp8W61kxo694b,-Nz8f8_jIjV8UNIsblAn,LmxPwOIS46V0sL3QLoqbYf4DHBT2,200,false
,KG9Pba3wEih0TBi9XNHT4pI25V42,-NmC7GdJysF695FFzZap,-NmC8seXEhZzMfrk_a5t,TQoKihixNcYK22ht2n8bvhRejkg1,300,false
,KG9Pba3wEih0TBi9XNHT4pI25V42,-NrG3htiQeFdwRH5uWDN,-NrG5lwA4LweBQPkhqGB,yukUf9R0sNf0A7i5JnxQA1WM6FD2,350,false
,KG9Pba3wEih0TBi9XNHT4pI25V42,-NrG3htiQeFdwRH5uWDN,-NrG8p8JAWM6a_keuTXq,yukUf9R0sNf0A7i5JnxQA1WM6FD2,200,false
,KG9Pba3wEih0TBi9XNHT4pI25V42,-Nt0dCRS9khradpJF5zd,-Nt0eVtg7KrpUToZc6p7,cpXwGf5WzLZifx7MvQtAvAdJrkc2,300,false
,KG9Pba3wEih0TBi9XNHT4pI25V42,-Nt0dCRS9khradpJF5zd,-Nt0e8w14Zy1GHbUCF5T,cpXwGf5WzLZifx7MvQtAvAdJrkc2,300,false
,KG9Pba3wEih0TBi9XNHT4pI25V42,-Nc6Oh9qfA9ThSW4lbxv,-Nc6StWMFAWQQU6Eb-GU,HABpiDqGbXbZ88IzkriTUrXWg9Y2,200,false
,KG9Pba3wEih0TBi9XNHT4pI25V42,-O5s3Rd4oAvokOAYSy_4,-O5s5bgEy8Y2nxuGvO3_,QpNynavALeRphpqE2Ce8iK4aCbv2,200,false
,KG9Pba3wEih0TBi9XNHT4pI25V42,-Nz8TUgyp8W61kxo694b,-Nz8cI8DRjzOud1NKXDp,9zsyV5Rds4Z6b26puEpZXuJxnxt1,350,false
,KG9Pba3wEih0TBi9XNHT4pI25V42,-Nz8TUgyp8W61kxo694b,-Nz8dnIMrrPRovQJ2Gm8,9zsyV5Rds4Z6b26puEpZXuJxnxt1,200,false
,KG9Pba3wEih0TBi9XNHT4pI25V42,-NcXs2ErKckrr89Qsdf_,-NcXu2OMUrzqZKduQwRD,jk2ueYSLdSXxBlLU7Iszbsu76jr2,300,false
,KG9Pba3wEih0TBi9XNHT4pI25V42,-NcXs2ErKckrr89Qsdf_,-NcXu_7aEPbNNzccZoQf,jk2ueYSLdSXxBlLU7Iszbsu76jr2,300,false
,KG9Pba3wEih0TBi9XNHT4pI25V42,-N_rA4HA5hBTTHe_RVRK,-N_rSiKs82A4VHNArXvf,i3S3Z4cEr7clrrLUkms5o8ulQf13,200,false
,KG9Pba3wEih0TBi9XNHT4pI25V42,-NcXs2ErKckrr89Qsdf_,-NcXv2pWm1f1Q9A7lWWS,jk2ueYSLdSXxBlLU7Iszbsu76jr2,200,false
,KG9Pba3wEih0TBi9XNHT4pI25V42,-NrG3htiQeFdwRH5uWDN,-NrG8p8JAWM6a_keuTXq,yukUf9R0sNf0A7i5JnxQA1WM6FD2,200,false
,KG9Pba3wEih0TBi9XNHT4pI25V42,-Nl7ldAXg-HYEu5UMywi,-Nl7p0MqMy8IsomQju4P,B0KfrHCMiCPBajupPWYLwpvSRnw1,300,false
,KG9Pba3wEih0TBi9XNHT4pI25V42,-Nl7ldAXg-HYEu5UMywi,-Nl7nGED9NfHgbo65J6t,B0KfrHCMiCPBajupPWYLwpvSRnw1,300,false
,KG9Pba3wEih0TBi9XNHT4pI25V42,-Nl7ldAXg-HYEu5UMywi,-Nl7qBavtazhQ8colX4P,B0KfrHCMiCPBajupPWYLwpvSRnw1,300,false
,KG9Pba3wEih0TBi9XNHT4pI25V42,-NZZuJzST4E62TJ_gPvq,-N_rrSXRo2PyFR5D6qjQ,hfdQlcCXxVUdmrlaAMMA0Imfa7J2,300,false
,KG9Pba3wEih0TBi9XNHT4pI25V42,-Nl7ldAXg-HYEu5UMywi,-Nl7qo73b_M6fJHtWMeB,B0KfrHCMiCPBajupPWYLwpvSRnw1,200,false
,KG9Pba3wEih0TBi9XNHT4pI25V42,-NrG3htiQeFdwRH5uWDN,-NrG5HJYwfH4liroGXii,B0PcCzQfdmYUGfJuWfAbBXPV0Xg2,350,false
,KG9Pba3wEih0TBi9XNHT4pI25V42,-NrG3htiQeFdwRH5uWDN,-NrG6DDd-74GAp1oKsuu,B0PcCzQfdmYUGfJuWfAbBXPV0Xg2,350,false
,KG9Pba3wEih0TBi9XNHT4pI25V42,-NrG3htiQeFdwRH5uWDN,-NrG5lwA4LweBQPkhqGB,B0PcCzQfdmYUGfJuWfAbBXPV0Xg2,350,false
,KG9Pba3wEih0TBi9XNHT4pI25V42,-Nt0dCRS9khradpJF5zd,-Nt0eVtg7KrpUToZc6p7,XARiPZ8l0lc9ClwPsFnvVnpt51T2,300,false
,KG9Pba3wEih0TBi9XNHT4pI25V42,-O2iCO-kMj1e3jLBhk3I,-O2iN9OiR5xZHtqs2g5P,oXqZ0ZlQsLcTSPY8UOyukVWaYuG3,300,false
,KG9Pba3wEih0TBi9XNHT4pI25V42,-Nzi60zH5ycXLCx0UeSc,-Nzi7o-Lf_jPEMf3Qg5K,AVp53dfgqlYPtSgr1LQ00Mk0ET63,300,false
,KG9Pba3wEih0TBi9XNHT4pI25V42,-Nzi60zH5ycXLCx0UeSc,-Nzi88nW1AZ1lhfpa2Fr,AVp53dfgqlYPtSgr1LQ00Mk0ET63,300,false
,KG9Pba3wEih0TBi9XNHT4pI25V42,-NrG3htiQeFdwRH5uWDN,-NrG7hiiHcPoz2vy0EwF,B0PcCzQfdmYUGfJuWfAbBXPV0Xg2,200,false
,KG9Pba3wEih0TBi9XNHT4pI25V42,-NrG3htiQeFdwRH5uWDN,-NrG9jnOfMjfAqS3CimW,B0PcCzQfdmYUGfJuWfAbBXPV0Xg2,200,false
,KG9Pba3wEih0TBi9XNHT4pI25V42,-O2OF229tBkgX-nhToQ8,-O2OGThYnuW1vpBn6HC0,yEWmmM8PGlTwewBli0OD3tqXQKp2,300,false
,KG9Pba3wEih0TBi9XNHT4pI25V42,-O08Scdjlm_JdR5aBA18,-O08TRGdveTR1ACscEE-,rTZ82KNjL9MvtTXMxwbB9zvwdwd2,300,false
,KG9Pba3wEih0TBi9XNHT4pI25V42,-Nc6Oh9qfA9ThSW4lbxv,-Nc6QJoVKBMMQDLBFT37,oSbUMVNX30cSRTXnUcKcsvdwSX52,300,false
,KG9Pba3wEih0TBi9XNHT4pI25V42,-O4A69NIczhDVSOvO-bK,-O4A7JRtUlLTg8YqAY37,W4zM5c0XmNfv11Z7mXQIjkP1QE82,300,false
,KG9Pba3wEih0TBi9XNHT4pI25V42,-NzhxakpJN9VUjNaxkDc,-NzhzJUAI8an8rhRhrHl,wMpacgZKeFbsxSBSkFgSoDrkpAO2,300,false
,KG9Pba3wEih0TBi9XNHT4pI25V42,-Nt0dCRS9khradpJF5zd,-Nt0dk7NbHkuHI8_DjTA,I8SdowhqZmTlqj4Jo5P4ceL4bt52,300,false
,KG9Pba3wEih0TBi9XNHT4pI25V42,-NrG3htiQeFdwRH5uWDN,-NrG5lwA4LweBQPkhqGB,eEdTVK4XqIWuNv71or0QSkfPdFy1,350,false
,KG9Pba3wEih0TBi9XNHT4pI25V42,-Nt0dCRS9khradpJF5zd,-Nt0e8w14Zy1GHbUCF5T,I8SdowhqZmTlqj4Jo5P4ceL4bt52,300,false
,KG9Pba3wEih0TBi9XNHT4pI25V42,-Nt0dCRS9khradpJF5zd,-Nt0eVtg7KrpUToZc6p7,0zOXXT5thYaLMvFZR0jv25UJWB62,300,false
,KG9Pba3wEih0TBi9XNHT4pI25V42,-Nz8TUgyp8W61kxo694b,-Nz8bngvOXQWuCw_YItd,sLVnOlTIEmQFwZkSnDjjhktmn5E2,0,false
,KG9Pba3wEih0TBi9XNHT4pI25V42,-NikJ-sBrcRBMSF0jgFo,-NikKlkgG8STENhi1-RG,4qpjHqWGxBVRircldaLbMbykVHs2,300,false
,KG9Pba3wEih0TBi9XNHT4pI25V42,-O3lOj3T61E_5vERBmtE,-O3lP_RVoCHKUneAFPLU,JlhVu3aP6rMQ7BSnai8t8h26tl02,300,false
,KG9Pba3wEih0TBi9XNHT4pI25V42,-O3lOj3T61E_5vERBmtE,-O3lRCxnD8DGzMFzPDjw,JlhVu3aP6rMQ7BSnai8t8h26tl02,300,false
,KG9Pba3wEih0TBi9XNHT4pI25V42,-NmC18VrA8CeragiVGu8,-NmC27wH2iBooJJtQVsG,yEzj8DB5fsYteSRJoLxubTK8P7F2,300,false
,KG9Pba3wEih0TBi9XNHT4pI25V42,-NmC18VrA8CeragiVGu8,-NmC2faARSqpAG6okYEj,yEzj8DB5fsYteSRJoLxubTK8P7F2,300,false
,KG9Pba3wEih0TBi9XNHT4pI25V42,-O85f_8vXT7G7-THmWlc,-O85giMK_SLtmAlEpEj0,y9qvolAXr7gMyva1KIcJBE755O22,300,false
,KG9Pba3wEih0TBi9XNHT4pI25V42,-O08Scdjlm_JdR5aBA18,-O08Vq6SVkj8UemuXMFg,rTZ82KNjL9MvtTXMxwbB9zvwdwd2,200,false
,KG9Pba3wEih0TBi9XNHT4pI25V42,-Nt0dCRS9khradpJF5zd,-Nt0f94vJLCgbmyZBskU,I8SdowhqZmTlqj4Jo5P4ceL4bt52,200,false
,KG9Pba3wEih0TBi9XNHT4pI25V42,-N8wrJ7SvHAC_pStTMIM,-N8wsmL2_lyB6oYgJTuO,U3ISsoRJAdUR0nnGpZjV2KgzN4T2,300,false
,KG9Pba3wEih0TBi9XNHT4pI25V42,-NrG3htiQeFdwRH5uWDN,-NrG8DuY47gGAxT5u_Bh,eEdTVK4XqIWuNv71or0QSkfPdFy1,200,false
,KG9Pba3wEih0TBi9XNHT4pI25V42,-N8wrJ7SvHAC_pStTMIM,-N8wtlIzDIeb_bCLJrYv,U3ISsoRJAdUR0nnGpZjV2KgzN4T2,300,false
,KG9Pba3wEih0TBi9XNHT4pI25V42,-NcXs2ErKckrr89Qsdf_,-NcXu2OMUrzqZKduQwRD,Em5ikAsNyIWtFq0uXd2kkiKGj9o2,300,false
,KG9Pba3wEih0TBi9XNHT4pI25V42,-NmC18VrA8CeragiVGu8,-NmC3zHKWpUgOPi-vIMv,lz6BILz8fCct1crJzFxPZP5fSEq1,300,false
,KG9Pba3wEih0TBi9XNHT4pI25V42,-NoVk5Kd7SDp2FKbe2Jr,-NoVlNhdzUovGOIM7iut,5thBaBZMEmdtt6Ny7mY60v3redb2,300,false
,KG9Pba3wEih0TBi9XNHT4pI25V42,-Nt0dCRS9khradpJF5zd,-Nt0eVtg7KrpUToZc6p7,0zOXXT5thYaLMvFZR0jv25UJWB62,300,false
,KG9Pba3wEih0TBi9XNHT4pI25V42,-O3lSfIeS08GM2ivPHvw,-O3lTHRbe8YhqeVxbo4P,zUbjejEygcOo1OhxGJ6EjSv3lnJ2,350,false
,KG9Pba3wEih0TBi9XNHT4pI25V42,-MvW5gwdK1MOWBE3u7g6,-MvW5gwdK1MOWBE3u7g9,8hwUPXQ4iZNN704kx2Wfg60url53,300,false
,KG9Pba3wEih0TBi9XNHT4pI25V42,-NyZD8bzYBvRicskkW1I,-NyZDYOxjq2OMCHPQHm8,LiFOrD73diQxqWFALmlbObJVzaD2,350,false
,KG9Pba3wEih0TBi9XNHT4pI25V42,-NrG3htiQeFdwRH5uWDN,-NrG5lwA4LweBQPkhqGB,Qkg0A8sNoGPGzfeGqoXz8uTAhWj2,350,false
,KG9Pba3wEih0TBi9XNHT4pI25V42,-NzhxakpJN9VUjNaxkDc,-Nzi-RrZQA3MDrNj4_aB,wMpacgZKeFbsxSBSkFgSoDrkpAO2,200,false
,KG9Pba3wEih0TBi9XNHT4pI25V42,-O08Scdjlm_JdR5aBA18,-O08VSmx--lFsgHdaDAi,6iJuMm29pOcUV9AWrfaBZa9hZKC3,300,false
,KG9Pba3wEih0TBi9XNHT4pI25V42,-Nz8gz69kcJhEvw7yuiK,-Nz8tbsNgSMTHHogrwO3,qfu7IPPcCyXFoV1Gn1sToYfq5F63,40,false
,KG9Pba3wEih0TBi9XNHT4pI25V42,-NmC18VrA8CeragiVGu8,-NmC4TFQCahBPwfbBz5Z,lz6BILz8fCct1crJzFxPZP5fSEq1,200,false
,KG9Pba3wEih0TBi9XNHT4pI25V42,-Nz8gz69kcJhEvw7yuiK,-Nz8syGdcIwPn3fkc82I,0vS0L1EIzrYiyR8DBPGTm25uZoA3,260,false
,KG9Pba3wEih0TBi9XNHT4pI25V42,-NcXs2ErKckrr89Qsdf_,-NcXszPYLYFyRWlyT2jh,Em5ikAsNyIWtFq0uXd2kkiKGj9o2,300,false
,KG9Pba3wEih0TBi9XNHT4pI25V42,-O4A69NIczhDVSOvO-bK,-O4A7eTwQIItyzde7fnW,W4zM5c0XmNfv11Z7mXQIjkP1QE82,300,false
,KG9Pba3wEih0TBi9XNHT4pI25V42,-Nt0dCRS9khradpJF5zd,-Nt0f94vJLCgbmyZBskU,I8SdowhqZmTlqj4Jo5P4ceL4bt52,200,false
,KG9Pba3wEih0TBi9XNHT4pI25V42,-O3lOj3T61E_5vERBmtE,-O3lRiqGBvKaPDAAJd5n,JlhVu3aP6rMQ7BSnai8t8h26tl02,200,false
,KG9Pba3wEih0TBi9XNHT4pI25V42,-O08Scdjlm_JdR5aBA18,-O08V9lYBzmXGZyY06NI,rTZ82KNjL9MvtTXMxwbB9zvwdwd2,300,false
,KG9Pba3wEih0TBi9XNHT4pI25V42,-O3lSfIeS08GM2ivPHvw,-O3lV8PaQWdxrd4tDNdB,zUbjejEygcOo1OhxGJ6EjSv3lnJ2,200,false
,KG9Pba3wEih0TBi9XNHT4pI25V42,-O4A69NIczhDVSOvO-bK,-O4A7JRtUlLTg8YqAY37,W4zM5c0XmNfv11Z7mXQIjkP1QE82,300,false
,KG9Pba3wEih0TBi9XNHT4pI25V42,-O2OF229tBkgX-nhToQ8,-O2OGThYnuW1vpBn6HC0,X7XaKCZGd6N4i6neB0EdYTNR1D83,300,false
,KG9Pba3wEih0TBi9XNHT4pI25V42,-O08Scdjlm_JdR5aBA18,-O08TRGdveTR1ACscEE-,rTZ82KNjL9MvtTXMxwbB9zvwdwd2,300,false
,KG9Pba3wEih0TBi9XNHT4pI25V42,-O08Scdjlm_JdR5aBA18,-O08TtG2VAtQLTTWo-SH,rTZ82KNjL9MvtTXMxwbB9zvwdwd2,300,false
,KG9Pba3wEih0TBi9XNHT4pI25V42,-O08Scdjlm_JdR5aBA18,-O08UN7JJcEyY_Wy3PcR,rTZ82KNjL9MvtTXMxwbB9zvwdwd2,300,false
,KG9Pba3wEih0TBi9XNHT4pI25V42,-NmC7GdJysF695FFzZap,-NmC8seXEhZzMfrk_a5t,2upECgIafkTC1JzF18Fzvb6nd702,300,false
,KG9Pba3wEih0TBi9XNHT4pI25V42,-Nt0dCRS9khradpJF5zd,-Nt0dk7NbHkuHI8_DjTA,OqT12uOrjxdcqUB11AvsPIahZeu1,300,false
,KG9Pba3wEih0TBi9XNHT4pI25V42,-Nt0dCRS9khradpJF5zd,-Nt0e8w14Zy1GHbUCF5T,OqT12uOrjxdcqUB11AvsPIahZeu1,300,false
,KG9Pba3wEih0TBi9XNHT4pI25V42,-O7mAuYTaeRX9n5j3Nuy,-O7mCbz8FUXkz_fhCbWV,GP5WzDwvMIWkMcB1FhNOUnc2G462,280,false
,KG9Pba3wEih0TBi9XNHT4pI25V42,-NmC18VrA8CeragiVGu8,-NmC5J_583iJk4ArlvBh,yEzj8DB5fsYteSRJoLxubTK8P7F2,200,false
,KG9Pba3wEih0TBi9XNHT4pI25V42,-NmC18VrA8CeragiVGu8,-NmC6Txocmq8GZ4cO7H6,yEzj8DB5fsYteSRJoLxubTK8P7F2,200,false
,KG9Pba3wEih0TBi9XNHT4pI25V42,-Nz8gz69kcJhEvw7yuiK,-Nz8tzF8mnIGB4W3X0tp,0vS0L1EIzrYiyR8DBPGTm25uZoA3,40,false
,KG9Pba3wEih0TBi9XNHT4pI25V42,-NcXs2ErKckrr89Qsdf_,-NcXu2OMUrzqZKduQwRD,Em5ikAsNyIWtFq0uXd2kkiKGj9o2,300,false
,KG9Pba3wEih0TBi9XNHT4pI25V42,-O3lSfIeS08GM2ivPHvw,-O3lTHRbe8YhqeVxbo4P,jfBCrUF4bBc98f0H7MlzusiV4TS2,350,false
,KG9Pba3wEih0TBi9XNHT4pI25V42,-O2iRso2iyzmadqIfVbD,-O2iT4IXCgbFFbsoUOyi,r81eaF32dKNviefmtozL4sD6eEk1,300,false
,KG9Pba3wEih0TBi9XNHT4pI25V42,-Nz8TUgyp8W61kxo694b,-Nz8eVRz8XOiKZ-QWs1e,sLVnOlTIEmQFwZkSnDjjhktmn5E2,0,false
,KG9Pba3wEih0TBi9XNHT4pI25V42,-NzhxakpJN9VUjNaxkDc,-NzhzJUAI8an8rhRhrHl,3k5hnTzQxGdIPyZCOZQJWNCS7D42,300,false
,KG9Pba3wEih0TBi9XNHT4pI25V42,-NzhxakpJN9VUjNaxkDc,-O3gb-6Y39mzH6rLXIV0,3k5hnTzQxGdIPyZCOZQJWNCS7D42,300,false
,KG9Pba3wEih0TBi9XNHT4pI25V42,-O7mAuYTaeRX9n5j3Nuy,-O7mCHN-I06WYMsxafGK,GP5WzDwvMIWkMcB1FhNOUnc2G462,280,false
,KG9Pba3wEih0TBi9XNHT4pI25V42,-OEO3uN0yOJDl9KJg_L-,-OEO4Qi32j5u1BTk8Ne7,lzE8rR5G2QPhwIctNWVuGoFjJfF3,300,false
,KG9Pba3wEih0TBi9XNHT4pI25V42,-O3lOj3T61E_5vERBmtE,-O3lP_RVoCHKUneAFPLU,JlhVu3aP6rMQ7BSnai8t8h26tl02,300,false
,KG9Pba3wEih0TBi9XNHT4pI25V42,-O7mAuYTaeRX9n5j3Nuy,-O7mCbz8FUXkz_fhCbWV,GP5WzDwvMIWkMcB1FhNOUnc2G462,280,false
,KG9Pba3wEih0TBi9XNHT4pI25V42,-N_rA4HA5hBTTHe_RVRK,-N_rDg0OPmNWcKnB15RQ,XDJxDi7q6qNJinnU379rWAnsSfH2,300,false
,KG9Pba3wEih0TBi9XNHT4pI25V42,-O08Scdjlm_JdR5aBA18,-O08VSmx--lFsgHdaDAi,rTZ82KNjL9MvtTXMxwbB9zvwdwd2,300,false
,KG9Pba3wEih0TBi9XNHT4pI25V42,-NikJ-sBrcRBMSF0jgFo,-NikLupoi1Vfxj9FOcG5,4qpjHqWGxBVRircldaLbMbykVHs2,200,false
,KG9Pba3wEih0TBi9XNHT4pI25V42,-O7mAuYTaeRX9n5j3Nuy,-O7mCxZoracdLc3kQdG3,GP5WzDwvMIWkMcB1FhNOUnc2G462,200,false
,KG9Pba3wEih0TBi9XNHT4pI25V42,-O7mAuYTaeRX9n5j3Nuy,-O7mDIl007mLEK73VuVW,GP5WzDwvMIWkMcB1FhNOUnc2G462,200,false
,KG9Pba3wEih0TBi9XNHT4pI25V42,-Nz8gz69kcJhEvw7yuiK,-Nz8rmI_FZ1gY_-RtCgA,qfu7IPPcCyXFoV1Gn1sToYfq5F63,260,false
,KG9Pba3wEih0TBi9XNHT4pI25V42,-O4A69NIczhDVSOvO-bK,-O4A85C6M_apBWLikX84,W4zM5c0XmNfv11Z7mXQIjkP1QE82,200,false
,KG9Pba3wEih0TBi9XNHT4pI25V42,-O3lOj3T61E_5vERBmtE,-O3lRCxnD8DGzMFzPDjw,JlhVu3aP6rMQ7BSnai8t8h26tl02,300,false
,KG9Pba3wEih0TBi9XNHT4pI25V42,-N_rA4HA5hBTTHe_RVRK,-N_rEGL1tgsluDWD6ex-,LrJUExT2HNb0mRq8bg8DqIberfW2,300,false
,KG9Pba3wEih0TBi9XNHT4pI25V42,-O4A69NIczhDVSOvO-bK,-O4A8U3FC8qU3Y1efNl9,W4zM5c0XmNfv11Z7mXQIjkP1QE82,200,false
,KG9Pba3wEih0TBi9XNHT4pI25V42,-Nz8gz69kcJhEvw7yuiK,-Nz8tzF8mnIGB4W3X0tp,0vS0L1EIzrYiyR8DBPGTm25uZoA3,40,false
,KG9Pba3wEih0TBi9XNHT4pI25V42,-N_rA4HA5hBTTHe_RVRK,-N_rCAhIBVn-7NAIov63,nMonpnzBpHT86IoNf74crusnWaf2,300,false
,KG9Pba3wEih0TBi9XNHT4pI25V42,-N_rA4HA5hBTTHe_RVRK,-N_rDAV9dkG0PMBxLE69,nMonpnzBpHT86IoNf74crusnWaf2,300,false
,KG9Pba3wEih0TBi9XNHT4pI25V42,-Nc6UA9Hl08A7BFSuNAc,-Nc6V0X6OIQrhj8c84Mw,ICSobW7JgJVMMNAfDw6mvrpyu8i1,300,false
,KG9Pba3wEih0TBi9XNHT4pI25V42,-NzhxakpJN9VUjNaxkDc,-NzhysuNuXLLjQPuspd-,zRGTquZWBUd1iIvkoPqwXFJ6aJQ2,300,false
,KG9Pba3wEih0TBi9XNHT4pI25V42,-NyPQFt54nlNBW3puYIA,-NyPURUWwgu2qwP-H-fL,jmVdO64Qf5bgSHwqiT5oaeWKoyq2,350,false
,KG9Pba3wEih0TBi9XNHT4pI25V42,-NmC18VrA8CeragiVGu8,-NmC27wH2iBooJJtQVsG,0SWoL0XnLpaDdKTOjcNwOD0krnj1,300,false
,KG9Pba3wEih0TBi9XNHT4pI25V42,-NmC18VrA8CeragiVGu8,-NmC3zHKWpUgOPi-vIMv,0SWoL0XnLpaDdKTOjcNwOD0krnj1,300,false
,KG9Pba3wEih0TBi9XNHT4pI25V42,-NyPQFt54nlNBW3puYIA,-NyPUlupQ6jBxywhUH63,jmVdO64Qf5bgSHwqiT5oaeWKoyq2,350,false
,KG9Pba3wEih0TBi9XNHT4pI25V42,-NmC18VrA8CeragiVGu8,-NmC2faARSqpAG6okYEj,0SWoL0XnLpaDdKTOjcNwOD0krnj1,300,false
,KG9Pba3wEih0TBi9XNHT4pI25V42,-Nl7ldAXg-HYEu5UMywi,-Nl7p0MqMy8IsomQju4P,5T9uuvL1lZNE7LoZT4XenqX7jXv2,300,false
,KG9Pba3wEih0TBi9XNHT4pI25V42,-O08Scdjlm_JdR5aBA18,-O08Vq6SVkj8UemuXMFg,rTZ82KNjL9MvtTXMxwbB9zvwdwd2,200,false
,KG9Pba3wEih0TBi9XNHT4pI25V42,-O08Scdjlm_JdR5aBA18,-O08WDcPi1su6xlGGOtO,rTZ82KNjL9MvtTXMxwbB9zvwdwd2,200,false
,KG9Pba3wEih0TBi9XNHT4pI25V42,-O08Scdjlm_JdR5aBA18,-O08TRGdveTR1ACscEE-,rTZ82KNjL9MvtTXMxwbB9zvwdwd2,300,false
,KG9Pba3wEih0TBi9XNHT4pI25V42,-O08Scdjlm_JdR5aBA18,-O08TtG2VAtQLTTWo-SH,rTZ82KNjL9MvtTXMxwbB9zvwdwd2,300,false
,KG9Pba3wEih0TBi9XNHT4pI25V42,-O7mAuYTaeRX9n5j3Nuy,-O7mCbz8FUXkz_fhCbWV,GP5WzDwvMIWkMcB1FhNOUnc2G462,280,false
,KG9Pba3wEih0TBi9XNHT4pI25V42,-O08Scdjlm_JdR5aBA18,-O08XTpLd6NlmtuTwnpD,rTZ82KNjL9MvtTXMxwbB9zvwdwd2,200,false
,KG9Pba3wEih0TBi9XNHT4pI25V42,-NcXs2ErKckrr89Qsdf_,-NcXtZe9WkI7UNKrLLhZ,AAVGYjAMTaQ8j4kPTqZYwhzUBii2,300,false
,KG9Pba3wEih0TBi9XNHT4pI25V42,-NcXs2ErKckrr89Qsdf_,-NcXszPYLYFyRWlyT2jh,AAVGYjAMTaQ8j4kPTqZYwhzUBii2,300,false
,KG9Pba3wEih0TBi9XNHT4pI25V42,-NcXs2ErKckrr89Qsdf_,-NcXtZe9WkI7UNKrLLhZ,AAVGYjAMTaQ8j4kPTqZYwhzUBii2,300,false
,KG9Pba3wEih0TBi9XNHT4pI25V42,-N_rA4HA5hBTTHe_RVRK,-N_rDg0OPmNWcKnB15RQ,uY6eCvaTWDfzcz4ddCkrmeIxV8H3,300,false
,KG9Pba3wEih0TBi9XNHT4pI25V42,-Nz8TUgyp8W61kxo694b,-Nz8dGH2Lx9TWPKsCp3L,sLVnOlTIEmQFwZkSnDjjhktmn5E2,0,false
,KG9Pba3wEih0TBi9XNHT4pI25V42,-N8wrJ7SvHAC_pStTMIM,-N8wuVNETeVU9awihAIt,U3ISsoRJAdUR0nnGpZjV2KgzN4T2,200,false
,KG9Pba3wEih0TBi9XNHT4pI25V42,-NoVk5Kd7SDp2FKbe2Jr,-NoVlNhdzUovGOIM7iut,5thBaBZMEmdtt6Ny7mY60v3redb2,300,false
,KG9Pba3wEih0TBi9XNHT4pI25V42,-O3lSfIeS08GM2ivPHvw,-O3lV8PaQWdxrd4tDNdB,jfBCrUF4bBc98f0H7MlzusiV4TS2,200,false
,KG9Pba3wEih0TBi9XNHT4pI25V42,-Nt0dCRS9khradpJF5zd,-Nt0f94vJLCgbmyZBskU,OqT12uOrjxdcqUB11AvsPIahZeu1,200,false
,KG9Pba3wEih0TBi9XNHT4pI25V42,-NcXs2ErKckrr89Qsdf_,-NcXu_7aEPbNNzccZoQf,Em5ikAsNyIWtFq0uXd2kkiKGj9o2,300,false
,KG9Pba3wEih0TBi9XNHT4pI25V42,-NmC18VrA8CeragiVGu8,-NmC4TFQCahBPwfbBz5Z,yEzj8DB5fsYteSRJoLxubTK8P7F2,200,false
,KG9Pba3wEih0TBi9XNHT4pI25V42,-O4AuNoq6t8ZB3Y97B8z,-O4EXdcpnqNz8nBaFfoS,c7srj80ovoVtqSOwZBm1ppBO68a2,300,false
,KG9Pba3wEih0TBi9XNHT4pI25V42,-O4AuNoq6t8ZB3Y97B8z,-O4Auvq9kM2Gmns-_04r,c7srj80ovoVtqSOwZBm1ppBO68a2,300,false
,KG9Pba3wEih0TBi9XNHT4pI25V42,-O4A69NIczhDVSOvO-bK,-O4A7JRtUlLTg8YqAY37,W4zM5c0XmNfv11Z7mXQIjkP1QE82,300,false
,KG9Pba3wEih0TBi9XNHT4pI25V42,-O4A69NIczhDVSOvO-bK,-O4A7eTwQIItyzde7fnW,W4zM5c0XmNfv11Z7mXQIjkP1QE82,300,false
,KG9Pba3wEih0TBi9XNHT4pI25V42,-NyPQFt54nlNBW3puYIA,-Nz7cLqwnDL_8r61vhry,jmVdO64Qf5bgSHwqiT5oaeWKoyq2,200,false
,KG9Pba3wEih0TBi9XNHT4pI25V42,-Nzhrmf0iuIlOwL7OxlM,-NzhshtG_h2SG96Qhobf,JjgK259ffIYREcCanlAIYEvUhNr1,300,false
,KG9Pba3wEih0TBi9XNHT4pI25V42,-OEO3uN0yOJDl9KJg_L-,-OEO5El6_avpB5kj8qs8,lzE8rR5G2QPhwIctNWVuGoFjJfF3,160,false
,KG9Pba3wEih0TBi9XNHT4pI25V42,-Nzhrmf0iuIlOwL7OxlM,-Nzht5CMNinGqP-HpxQX,JjgK259ffIYREcCanlAIYEvUhNr1,300,false
,KG9Pba3wEih0TBi9XNHT4pI25V42,-O08Scdjlm_JdR5aBA18,-O08X4OjSysslQtCnSef,rTZ82KNjL9MvtTXMxwbB9zvwdwd2,200,false
,KG9Pba3wEih0TBi9XNHT4pI25V42,-Nc6UA9Hl08A7BFSuNAc,-Nc6Ue9E8YtzB0vHdq7r,IQ2zlBphmgRPm7x8t7SeMhxKxoE2,300,false
,KG9Pba3wEih0TBi9XNHT4pI25V42,-NzhxakpJN9VUjNaxkDc,-Nzhy-U3IfUfhWdH4Rkg,5TYrXOJSdxVmpOYHRm3kMGLBI6u2,300,false
,KG9Pba3wEih0TBi9XNHT4pI25V42,-NoVk5Kd7SDp2FKbe2Jr,-NoVmLgFP3ev5v11tfAY,ZYn6raln0cTpHTT7nKVbzXugn9r1,300,false
,KG9Pba3wEih0TBi9XNHT4pI25V42,-NcXs2ErKckrr89Qsdf_,-NcXu2OMUrzqZKduQwRD,Em5ikAsNyIWtFq0uXd2kkiKGj9o2,300,false
,KG9Pba3wEih0TBi9XNHT4pI25V42,-O4AuNoq6t8ZB3Y97B8z,-O4EYI6OgFQiJkY2ZhYq,c7srj80ovoVtqSOwZBm1ppBO68a2,300,false
,KG9Pba3wEih0TBi9XNHT4pI25V42,-Nz8gz69kcJhEvw7yuiK,-Nz8tzF8mnIGB4W3X0tp,qfu7IPPcCyXFoV1Gn1sToYfq5F63,40,false
,KG9Pba3wEih0TBi9XNHT4pI25V42,-O2iCO-kMj1e3jLBhk3I,-O2iL265NrWC4taVxZJK,oXqZ0ZlQsLcTSPY8UOyukVWaYuG3,300,false
,KG9Pba3wEih0TBi9XNHT4pI25V42,-Nz8gz69kcJhEvw7yuiK,-Nz8rmI_FZ1gY_-RtCgA,qfu7IPPcCyXFoV1Gn1sToYfq5F63,260,false
,KG9Pba3wEih0TBi9XNHT4pI25V42,-NZZuJzST4E62TJ_gPvq,-NsHnClg2eh_08S_7DmI,lDO3XhfDgbQmqIG5h0MyrdvQghH3,300,false
,KG9Pba3wEih0TBi9XNHT4pI25V42,-Nz8gz69kcJhEvw7yuiK,-Nz8sbgEhTGqoDwMyKrG,qfu7IPPcCyXFoV1Gn1sToYfq5F63,260,false
,KG9Pba3wEih0TBi9XNHT4pI25V42,-N_rA4HA5hBTTHe_RVRK,-N_rIiG2lwzIljYr2Fdg,nMonpnzBpHT86IoNf74crusnWaf2,200,false
,KG9Pba3wEih0TBi9XNHT4pI25V42,-N_rA4HA5hBTTHe_RVRK,-N_rI7ojBZ1mVQa0ySaf,nMonpnzBpHT86IoNf74crusnWaf2,200,false
,KG9Pba3wEih0TBi9XNHT4pI25V42,-N_rA4HA5hBTTHe_RVRK,-N_rDAV9dkG0PMBxLE69,5jS9UN5T3mQoNqBEUz0gPRGOQvm2,300,false
,KG9Pba3wEih0TBi9XNHT4pI25V42,-Nl7ldAXg-HYEu5UMywi,-Nl7p0MqMy8IsomQju4P,8sRZRafSwETgWRwBJQIG4OdnUni2,300,false
,KG9Pba3wEih0TBi9XNHT4pI25V42,-O4A69NIczhDVSOvO-bK,-O4A6vAjWhTh4c66lozl,W4zM5c0XmNfv11Z7mXQIjkP1QE82,300,false
,KG9Pba3wEih0TBi9XNHT4pI25V42,-N_rA4HA5hBTTHe_RVRK,-N_rFO64wr75wH_HLbVb,LrJUExT2HNb0mRq8bg8DqIberfW2,200,false
,KG9Pba3wEih0TBi9XNHT4pI25V42,-Nc6UA9Hl08A7BFSuNAc,-Nc6Wd3VTLEeMHlv4qLp,ICSobW7JgJVMMNAfDw6mvrpyu8i1,200,false
,KG9Pba3wEih0TBi9XNHT4pI25V42,-Nt0dCRS9khradpJF5zd,-Nt0e8w14Zy1GHbUCF5T,aDynz17QL8Zpc0EVjgbIu12NgAG2,300,false
,KG9Pba3wEih0TBi9XNHT4pI25V42,-Nt0dCRS9khradpJF5zd,-Nt0eVtg7KrpUToZc6p7,aDynz17QL8Zpc0EVjgbIu12NgAG2,300,false
,KG9Pba3wEih0TBi9XNHT4pI25V42,-NmC18VrA8CeragiVGu8,-NmC5J_583iJk4ArlvBh,yEzj8DB5fsYteSRJoLxubTK8P7F2,200,false
,KG9Pba3wEih0TBi9XNHT4pI25V42,-O2iCO-kMj1e3jLBhk3I,-O2iMdXQsSAmK0lohefp,oXqZ0ZlQsLcTSPY8UOyukVWaYuG3,300,false
,KG9Pba3wEih0TBi9XNHT4pI25V42,-O08Scdjlm_JdR5aBA18,-O08WetfDgMEbuIKjnxo,rTZ82KNjL9MvtTXMxwbB9zvwdwd2,200,false
,KG9Pba3wEih0TBi9XNHT4pI25V42,-NikJ-sBrcRBMSF0jgFo,-NikKlkgG8STENhi1-RG,4qpjHqWGxBVRircldaLbMbykVHs2,300,false
,KG9Pba3wEih0TBi9XNHT4pI25V42,-NZZuJzST4E62TJ_gPvq,-N_rsaAGDmIPKyJ2IPXr,lDO3XhfDgbQmqIG5h0MyrdvQghH3,200,false
,KG9Pba3wEih0TBi9XNHT4pI25V42,-O08Scdjlm_JdR5aBA18,-O08V9lYBzmXGZyY06NI,rTZ82KNjL9MvtTXMxwbB9zvwdwd2,300,false
,KG9Pba3wEih0TBi9XNHT4pI25V42,-MvW5gwdK1MOWBE3u7g6,-MvW5gwdK1MOWBE3u7g7,Z7IFZteb0EVqazqUX6G4NZZj1uS2,300,false
,KG9Pba3wEih0TBi9XNHT4pI25V42,-NcXs2ErKckrr89Qsdf_,-NcY5rPmaKnN70Drwi4L,Em5ikAsNyIWtFq0uXd2kkiKGj9o2,200,false
,KG9Pba3wEih0TBi9XNHT4pI25V42,-Nz8gz69kcJhEvw7yuiK,-Nz8tzF8mnIGB4W3X0tp,qfu7IPPcCyXFoV1Gn1sToYfq5F63,40,false
,KG9Pba3wEih0TBi9XNHT4pI25V42,-O08Scdjlm_JdR5aBA18,-O08XTpLd6NlmtuTwnpD,rTZ82KNjL9MvtTXMxwbB9zvwdwd2,200,false
,KG9Pba3wEih0TBi9XNHT4pI25V42,-Nc6UA9Hl08A7BFSuNAc,-Nc6VTOrX-7LXkDnK1PC,awWrKAlk9PXdGkdhiSkXaLWbi2x2,300,false
,KG9Pba3wEih0TBi9XNHT4pI25V42,-NmC18VrA8CeragiVGu8,-NmC3zHKWpUgOPi-vIMv,0SWoL0XnLpaDdKTOjcNwOD0krnj1,300,false
,KG9Pba3wEih0TBi9XNHT4pI25V42,-Nt0dCRS9khradpJF5zd,-Nt0dk7NbHkuHI8_DjTA,Wa3OBOnzoKPEIHjRRzikgXDGaYE2,300,false
,KG9Pba3wEih0TBi9XNHT4pI25V42,-O08Scdjlm_JdR5aBA18,-O08TRGdveTR1ACscEE-,rTZ82KNjL9MvtTXMxwbB9zvwdwd2,300,false
,KG9Pba3wEih0TBi9XNHT4pI25V42,-NyVaxBHWh_fOMAilGLc,-NyZBjZLvY3AO5AteGiE,IMUphzIjrXbFJrCDY0fZ9DyRMMA3,350,false
,KG9Pba3wEih0TBi9XNHT4pI25V42,-NmC18VrA8CeragiVGu8,-NmC2faARSqpAG6okYEj,0SWoL0XnLpaDdKTOjcNwOD0krnj1,300,false
,KG9Pba3wEih0TBi9XNHT4pI25V42,-Nz8gz69kcJhEvw7yuiK,-Nz8syGdcIwPn3fkc82I,qfu7IPPcCyXFoV1Gn1sToYfq5F63,260,false
,KG9Pba3wEih0TBi9XNHT4pI25V42,-Nz8gz69kcJhEvw7yuiK,-Nz8tJF34Bks4HiPLqb3,qfu7IPPcCyXFoV1Gn1sToYfq5F63,40,false
,KG9Pba3wEih0TBi9XNHT4pI25V42,-Nz8gz69kcJhEvw7yuiK,-Nz8tbsNgSMTHHogrwO3,qfu7IPPcCyXFoV1Gn1sToYfq5F63,40,false
,KG9Pba3wEih0TBi9XNHT4pI25V42,-NrG3htiQeFdwRH5uWDN,-NrG7hiiHcPoz2vy0EwF,Qkg0A8sNoGPGzfeGqoXz8uTAhWj2,200,false
,KG9Pba3wEih0TBi9XNHT4pI25V42,-MvW5gwdK1MOWBE3u7g6,-MvW5gwdK1MOWBE3u7g8,bBZeGgQNpuZPllxSC2v8ZdbqWFu2,300,false
,KG9Pba3wEih0TBi9XNHT4pI25V42,-NzhxakpJN9VUjNaxkDc,-Nzi0Aj0W95lOxfxo1Ie,zRGTquZWBUd1iIvkoPqwXFJ6aJQ2,200,false
,KG9Pba3wEih0TBi9XNHT4pI25V42,-O08vVh_sepkZWWYtBMO,-O08we8MtTu5y6dHv9RH,E5mC3lC4JiY67WLItRmlqFcZK7L2,300,false
,KG9Pba3wEih0TBi9XNHT4pI25V42,-NzhxakpJN9VUjNaxkDc,-NzhzJUAI8an8rhRhrHl,9efQ3soY7sS8JB9lVrrx5BqST0G3,300,false
,KG9Pba3wEih0TBi9XNHT4pI25V42,-Nt0dCRS9khradpJF5zd,-Nt0f94vJLCgbmyZBskU,OqT12uOrjxdcqUB11AvsPIahZeu1,200,false
,KG9Pba3wEih0TBi9XNHT4pI25V42,-NzhxakpJN9VUjNaxkDc,-O3gb-6Y39mzH6rLXIV0,9efQ3soY7sS8JB9lVrrx5BqST0G3,300,false
,KG9Pba3wEih0TBi9XNHT4pI25V42,-NikJ-sBrcRBMSF0jgFo,-NikNgf5aHOpzTioEp5m,4qpjHqWGxBVRircldaLbMbykVHs2,200,false
,KG9Pba3wEih0TBi9XNHT4pI25V42,-O2iCO-kMj1e3jLBhk3I,-O2iLafmghSVp3Dx_p0V,oXqZ0ZlQsLcTSPY8UOyukVWaYuG3,300,false
,KG9Pba3wEih0TBi9XNHT4pI25V42,-O2iCO-kMj1e3jLBhk3I,-O2iM7WL6efm2x91FehE,oXqZ0ZlQsLcTSPY8UOyukVWaYuG3,300,false
,KG9Pba3wEih0TBi9XNHT4pI25V42,-O2iCO-kMj1e3jLBhk3I,-O2iDWVm9nO-tPeKLcN7,oXqZ0ZlQsLcTSPY8UOyukVWaYuG3,300,false
,KG9Pba3wEih0TBi9XNHT4pI25V42,-O08Scdjlm_JdR5aBA18,-O08Vq6SVkj8UemuXMFg,rTZ82KNjL9MvtTXMxwbB9zvwdwd2,200,false
,KG9Pba3wEih0TBi9XNHT4pI25V42,-NrG3htiQeFdwRH5uWDN,-NrG6gnqT9gYK-sLjvsk,Qkg0A8sNoGPGzfeGqoXz8uTAhWj2,350,false
,KG9Pba3wEih0TBi9XNHT4pI25V42,-O08Scdjlm_JdR5aBA18,-O08UN7JJcEyY_Wy3PcR,rTZ82KNjL9MvtTXMxwbB9zvwdwd2,300,false
,KG9Pba3wEih0TBi9XNHT4pI25V42,-Nz8TUgyp8W61kxo694b,-Nz8cI8DRjzOud1NKXDp,oqlAK9BXymeUkNidEkBYHJhvAqZ2,350,false
,KG9Pba3wEih0TBi9XNHT4pI25V42,-O08Scdjlm_JdR5aBA18,-O08V9lYBzmXGZyY06NI,rTZ82KNjL9MvtTXMxwbB9zvwdwd2,300,false
,KG9Pba3wEih0TBi9XNHT4pI25V42,-O3lOj3T61E_5vERBmtE,-O3lRiqGBvKaPDAAJd5n,JlhVu3aP6rMQ7BSnai8t8h26tl02,200,false
,KG9Pba3wEih0TBi9XNHT4pI25V42,-Nc6UA9Hl08A7BFSuNAc,-Nc6V0X6OIQrhj8c84Mw,awWrKAlk9PXdGkdhiSkXaLWbi2x2,300,false
,KG9Pba3wEih0TBi9XNHT4pI25V42,-NcXs2ErKckrr89Qsdf_,-NcXszPYLYFyRWlyT2jh,EIAwzfCEVOQ3sOU0l4D23YqhnCr1,300,false
,KG9Pba3wEih0TBi9XNHT4pI25V42,-NrG3htiQeFdwRH5uWDN,-NrG6DDd-74GAp1oKsuu,mRes847oFtc43GZWQ7l0qftTruq2,350,false
,KG9Pba3wEih0TBi9XNHT4pI25V42,-NmC18VrA8CeragiVGu8,-NmC6Txocmq8GZ4cO7H6,0SWoL0XnLpaDdKTOjcNwOD0krnj1,200,false
,KG9Pba3wEih0TBi9XNHT4pI25V42,-O2iRso2iyzmadqIfVbD,-O2iTpSXiRJciOBtrbQr,r81eaF32dKNviefmtozL4sD6eEk1,160,false
,KG9Pba3wEih0TBi9XNHT4pI25V42,-Nzhrmf0iuIlOwL7OxlM,-Nzhv7zrmE-xgGC1EoFc,JjgK259ffIYREcCanlAIYEvUhNr1,200,false
,KG9Pba3wEih0TBi9XNHT4pI25V42,-NmC18VrA8CeragiVGu8,-NmC27wH2iBooJJtQVsG,MbJhEQlXGkXh0VsET0OdvN2AN4e2,300,false
,KG9Pba3wEih0TBi9XNHT4pI25V42,-O4AuNoq6t8ZB3Y97B8z,-O4E_Dfaz8ma9_RHg-K_,c7srj80ovoVtqSOwZBm1ppBO68a2,200,false
,KG9Pba3wEih0TBi9XNHT4pI25V42,-Nt0dCRS9khradpJF5zd,-Nt0e8w14Zy1GHbUCF5T,aDynz17QL8Zpc0EVjgbIu12NgAG2,300,false
,KG9Pba3wEih0TBi9XNHT4pI25V42,-N_rA4HA5hBTTHe_RVRK,-N_rGE42e0Hz2PjYOWuX,uY6eCvaTWDfzcz4ddCkrmeIxV8H3,200,false
,KG9Pba3wEih0TBi9XNHT4pI25V42,-O2iRso2iyzmadqIfVbD,-O2iSiCZ3n_IDeoNr9Sj,2WXQ8pLh3MdPQV7bmVEAEEaqeon2,300,false
,KG9Pba3wEih0TBi9XNHT4pI25V42,-Nl7ldAXg-HYEu5UMywi,-Nl7qo73b_M6fJHtWMeB,8sRZRafSwETgWRwBJQIG4OdnUni2,200,false
,KG9Pba3wEih0TBi9XNHT4pI25V42,-O2iCO-kMj1e3jLBhk3I,-O2iOJOegpQYTQLR1sXw,oXqZ0ZlQsLcTSPY8UOyukVWaYuG3,200,false
,KG9Pba3wEih0TBi9XNHT4pI25V42,-NcXs2ErKckrr89Qsdf_,-NcXv2pWm1f1Q9A7lWWS,Em5ikAsNyIWtFq0uXd2kkiKGj9o2,200,false
,KG9Pba3wEih0TBi9XNHT4pI25V42,-NrG3htiQeFdwRH5uWDN,-NrG7GTRtvB4HNgk14D_,dzw2CmpUDedHGl9SWXcjbfFtETW2,350,false
,KG9Pba3wEih0TBi9XNHT4pI25V42,-O7mAuYTaeRX9n5j3Nuy,-O7mCHN-I06WYMsxafGK,GP5WzDwvMIWkMcB1FhNOUnc2G462,280,false
,KG9Pba3wEih0TBi9XNHT4pI25V42,-O7mAuYTaeRX9n5j3Nuy,-O7mCbz8FUXkz_fhCbWV,GP5WzDwvMIWkMcB1FhNOUnc2G462,280,false
,KG9Pba3wEih0TBi9XNHT4pI25V42,-O3lSfIeS08GM2ivPHvw,-O3lTHRbe8YhqeVxbo4P,zUbjejEygcOo1OhxGJ6EjSv3lnJ2,350,false
,KG9Pba3wEih0TBi9XNHT4pI25V42,-NyPT5X9y1d-Hfu3x4Kk,-NyPWC_RvPFq8GLBm-5W,unx7JeTSE9cEGdBknsaCP6fOn722,350,false
,KG9Pba3wEih0TBi9XNHT4pI25V42,-O3lSfIeS08GM2ivPHvw,-O3lTdZLuXvPWQ5W3cyg,zUbjejEygcOo1OhxGJ6EjSv3lnJ2,350,false
,KG9Pba3wEih0TBi9XNHT4pI25V42,-Nz8gz69kcJhEvw7yuiK,-Nz8sbgEhTGqoDwMyKrG,qfu7IPPcCyXFoV1Gn1sToYfq5F63,260,false
,KG9Pba3wEih0TBi9XNHT4pI25V42,-Nz8gz69kcJhEvw7yuiK,-Nz8tzF8mnIGB4W3X0tp,qfu7IPPcCyXFoV1Gn1sToYfq5F63,40,false
,KG9Pba3wEih0TBi9XNHT4pI25V42,-N_rA4HA5hBTTHe_RVRK,-N_rS8ZhDu5VOuFPVl4D,lasdFGpNtQey7Y810fSGGF5egIS2,300,false
,KG9Pba3wEih0TBi9XNHT4pI25V42,-N_rA4HA5hBTTHe_RVRK,-N_rEGL1tgsluDWD6ex-,lasdFGpNtQey7Y810fSGGF5egIS2,300,false
,KG9Pba3wEih0TBi9XNHT4pI25V42,-Nc6UA9Hl08A7BFSuNAc,-Nc6XZAzfijtx9xTlfuD,IQ2zlBphmgRPm7x8t7SeMhxKxoE2,200,false
,KG9Pba3wEih0TBi9XNHT4pI25V42,-O5s3Rd4oAvokOAYSy_4,-O5s4nhsunLWLU2x5iy6,QpNynavALeRphpqE2Ce8iK4aCbv2,300,false
,KG9Pba3wEih0TBi9XNHT4pI25V42,-NcXs2ErKckrr89Qsdf_,-NcXu_7aEPbNNzccZoQf,IZVmVrKMeYMhNApzME4B4iD0meR2,300,false
,KG9Pba3wEih0TBi9XNHT4pI25V42,-O5s3Rd4oAvokOAYSy_4,-O5s5A6AG8VhjGy-P_fb,QpNynavALeRphpqE2Ce8iK4aCbv2,300,false
,KG9Pba3wEih0TBi9XNHT4pI25V42,-Nz8gz69kcJhEvw7yuiK,-Nz8tbsNgSMTHHogrwO3,qfu7IPPcCyXFoV1Gn1sToYfq5F63,40,false
,KG9Pba3wEih0TBi9XNHT4pI25V42,-Nz8gz69kcJhEvw7yuiK,-Nz8tJF34Bks4HiPLqb3,qfu7IPPcCyXFoV1Gn1sToYfq5F63,40,false
,KG9Pba3wEih0TBi9XNHT4pI25V42,-O4AuNoq6t8ZB3Y97B8z,-O4Auvq9kM2Gmns-_04r,c7srj80ovoVtqSOwZBm1ppBO68a2,300,false
,KG9Pba3wEih0TBi9XNHT4pI25V42,-NyPQFt54nlNBW3puYIA,-NyPV7vWjYaxVX_1Gzfo,5Cs2g0Sbaqbzc3QouNrhNMAyuZw2,350,false
,KG9Pba3wEih0TBi9XNHT4pI25V42,-O4AuNoq6t8ZB3Y97B8z,-O4EXdcpnqNz8nBaFfoS,c7srj80ovoVtqSOwZBm1ppBO68a2,300,false
,KG9Pba3wEih0TBi9XNHT4pI25V42,-O2-oGHz11fN1Dyp-42c,-O2-pmynfFSPbXckcgD4,JEXGMU3PWed8svGCaeEoE2qfsI22,280,false
,KG9Pba3wEih0TBi9XNHT4pI25V42,-NcXs2ErKckrr89Qsdf_,-NcXtZe9WkI7UNKrLLhZ,AAVGYjAMTaQ8j4kPTqZYwhzUBii2,300,false
,KG9Pba3wEih0TBi9XNHT4pI25V42,-O08vVh_sepkZWWYtBMO,-O08xSuDFCHuFY5S4x7d,ESkhtwJI6meLiIdlgoI8J32Ih313,300,false
,KG9Pba3wEih0TBi9XNHT4pI25V42,-O08vVh_sepkZWWYtBMO,-O08wzXd6faohj_jfp2v,ESkhtwJI6meLiIdlgoI8J32Ih313,300,false
,KG9Pba3wEih0TBi9XNHT4pI25V42,-Nz8TUgyp8W61kxo694b,-Nz8eVRz8XOiKZ-QWs1e,oqlAK9BXymeUkNidEkBYHJhvAqZ2,200,false
,KG9Pba3wEih0TBi9XNHT4pI25V42,-NmC18VrA8CeragiVGu8,-NmC4TFQCahBPwfbBz5Z,0SWoL0XnLpaDdKTOjcNwOD0krnj1,200,false
,KG9Pba3wEih0TBi9XNHT4pI25V42,-NyPT5X9y1d-Hfu3x4Kk,-NyPVtvtbnR17UIyzC3r,unx7JeTSE9cEGdBknsaCP6fOn722,350,false
,KG9Pba3wEih0TBi9XNHT4pI25V42,-O08vVh_sepkZWWYtBMO,-O08wG3qCuMaBM2jUzna,bbTENzknzVaHnYULSwOXdR2rcVI2,300,false
,KG9Pba3wEih0TBi9XNHT4pI25V42,-NyZD8bzYBvRicskkW1I,-NyZDwq6dGNBkNl8mQGy,LiFOrD73diQxqWFALmlbObJVzaD2,350,false
,KG9Pba3wEih0TBi9XNHT4pI25V42,-O4A69NIczhDVSOvO-bK,-O4A7eTwQIItyzde7fnW,W4zM5c0XmNfv11Z7mXQIjkP1QE82,300,false
,KG9Pba3wEih0TBi9XNHT4pI25V42,-O4A69NIczhDVSOvO-bK,-O4A85C6M_apBWLikX84,W4zM5c0XmNfv11Z7mXQIjkP1QE82,200,false
,KG9Pba3wEih0TBi9XNHT4pI25V42,-O08Scdjlm_JdR5aBA18,-O08Vq6SVkj8UemuXMFg,rTZ82KNjL9MvtTXMxwbB9zvwdwd2,200,false
,KG9Pba3wEih0TBi9XNHT4pI25V42,-NoVk5Kd7SDp2FKbe2Jr,-NoVlNhdzUovGOIM7iut,5thBaBZMEmdtt6Ny7mY60v3redb2,300,false
,KG9Pba3wEih0TBi9XNHT4pI25V42,-O4A69NIczhDVSOvO-bK,-O4A9Zu1SvZjXrQoQyrl,W4zM5c0XmNfv11Z7mXQIjkP1QE82,200,false
,KG9Pba3wEih0TBi9XNHT4pI25V42,-NyPQFt54nlNBW3puYIA,-NyPUlupQ6jBxywhUH63,5Cs2g0Sbaqbzc3QouNrhNMAyuZw2,350,false
,KG9Pba3wEih0TBi9XNHT4pI25V42,-O4A69NIczhDVSOvO-bK,-O4A8U3FC8qU3Y1efNl9,W4zM5c0XmNfv11Z7mXQIjkP1QE82,200,false
,KG9Pba3wEih0TBi9XNHT4pI25V42,-NrG3htiQeFdwRH5uWDN,-NrG8p8JAWM6a_keuTXq,dzw2CmpUDedHGl9SWXcjbfFtETW2,200,false
,KG9Pba3wEih0TBi9XNHT4pI25V42,-O4A69NIczhDVSOvO-bK,-O4A6vAjWhTh4c66lozl,W4zM5c0XmNfv11Z7mXQIjkP1QE82,300,false
,KG9Pba3wEih0TBi9XNHT4pI25V42,-O3lOj3T61E_5vERBmtE,-O3lRCxnD8DGzMFzPDjw,JlhVu3aP6rMQ7BSnai8t8h26tl02,300,false
,KG9Pba3wEih0TBi9XNHT4pI25V42,-O3lOj3T61E_5vERBmtE,-O3lP_RVoCHKUneAFPLU,JlhVu3aP6rMQ7BSnai8t8h26tl02,300,false
,KG9Pba3wEih0TBi9XNHT4pI25V42,-O08Scdjlm_JdR5aBA18,-O08X4OjSysslQtCnSef,rTZ82KNjL9MvtTXMxwbB9zvwdwd2,200,false
,KG9Pba3wEih0TBi9XNHT4pI25V42,-O08Scdjlm_JdR5aBA18,-O08VSmx--lFsgHdaDAi,rTZ82KNjL9MvtTXMxwbB9zvwdwd2,300,false
,KG9Pba3wEih0TBi9XNHT4pI25V42,-MvW5gwdK1MOWBE3u7g6,-MvW5gwdK1MOWBE3u7g9,twpEZ9OxtwgrnZsWQI91kI7bK943,300,false
,KG9Pba3wEih0TBi9XNHT4pI25V42,-OEO3uN0yOJDl9KJg_L-,-OEO4pg2vgOp_5oQttSc,lzE8rR5G2QPhwIctNWVuGoFjJfF3,300,false
,KG9Pba3wEih0TBi9XNHT4pI25V42,-Nc6UA9Hl08A7BFSuNAc,-Nc6Ue9E8YtzB0vHdq7r,awWrKAlk9PXdGkdhiSkXaLWbi2x2,300,false
,KG9Pba3wEih0TBi9XNHT4pI25V42,-O3lSfIeS08GM2ivPHvw,-O3lU73vihDJ-tkjb1W7,zUbjejEygcOo1OhxGJ6EjSv3lnJ2,350,false
,KG9Pba3wEih0TBi9XNHT4pI25V42,-NyPT5X9y1d-Hfu3x4Kk,-Nz7dXBVkcVnkE1bXDaR,unx7JeTSE9cEGdBknsaCP6fOn722,200,false
,KG9Pba3wEih0TBi9XNHT4pI25V42,-NZZuJzST4E62TJ_gPvq,-N_rrSXRo2PyFR5D6qjQ,vVU3VcDOk6ZA8wkOT1yDEljC2h72,300,false
,KG9Pba3wEih0TBi9XNHT4pI25V42,-NZZuJzST4E62TJ_gPvq,-N_rruIq0BgOu7VCPENp,vVU3VcDOk6ZA8wkOT1yDEljC2h72,300,false
,KG9Pba3wEih0TBi9XNHT4pI25V42,-O2iCO-kMj1e3jLBhk3I,-O2iN9OiR5xZHtqs2g5P,NBLlPLZmJnTYHN3lb3wTBqZ2y8d2,300,false
,KG9Pba3wEih0TBi9XNHT4pI25V42,-O2iCO-kMj1e3jLBhk3I,-O2iMdXQsSAmK0lohefp,NBLlPLZmJnTYHN3lb3wTBqZ2y8d2,300,false
,KG9Pba3wEih0TBi9XNHT4pI25V42,-Nz8gz69kcJhEvw7yuiK,-Nz8tzF8mnIGB4W3X0tp,qfu7IPPcCyXFoV1Gn1sToYfq5F63,40,false
,KG9Pba3wEih0TBi9XNHT4pI25V42,-NzhxakpJN9VUjNaxkDc,-Nzhy-U3IfUfhWdH4Rkg,NKZMF4JgHJWTEZuMY3YlateMuAq1,300,false
,KG9Pba3wEih0TBi9XNHT4pI25V42,-Nt0dCRS9khradpJF5zd,-Nt0f94vJLCgbmyZBskU,aDynz17QL8Zpc0EVjgbIu12NgAG2,200,false
,KG9Pba3wEih0TBi9XNHT4pI25V42,-O2OF229tBkgX-nhToQ8,-O2OG6he4G6anOmfvIyZ,0AVJzqhE1SdmALfANXQgoIAhRPi2,300,false
,KG9Pba3wEih0TBi9XNHT4pI25V42,-NzhxakpJN9VUjNaxkDc,-NzhzyFXDKVfO12DZ_wF,9efQ3soY7sS8JB9lVrrx5BqST0G3,200,false
,KG9Pba3wEih0TBi9XNHT4pI25V42,-O08Scdjlm_JdR5aBA18,-O08TRGdveTR1ACscEE-,rTZ82KNjL9MvtTXMxwbB9zvwdwd2,300,false
,KG9Pba3wEih0TBi9XNHT4pI25V42,-O08Scdjlm_JdR5aBA18,-O08TtG2VAtQLTTWo-SH,rTZ82KNjL9MvtTXMxwbB9zvwdwd2,300,false
,KG9Pba3wEih0TBi9XNHT4pI25V42,-NzhxakpJN9VUjNaxkDc,-O3gbqoWJRkhFhgcVdGi,9efQ3soY7sS8JB9lVrrx5BqST0G3,200,false
,KG9Pba3wEih0TBi9XNHT4pI25V42,-O2iRso2iyzmadqIfVbD,-O2iT4IXCgbFFbsoUOyi,8fVKkWt67NZLXAbJTixMJUPgUi13,300,false
,KG9Pba3wEih0TBi9XNHT4pI25V42,-Nz8TUgyp8W61kxo694b,-Nz8bngvOXQWuCw_YItd,LmxPwOIS46V0sL3QLoqbYf4DHBT2,350,false
,KG9Pba3wEih0TBi9XNHT4pI25V42,-Nz8TUgyp8W61kxo694b,-Nz8cI8DRjzOud1NKXDp,LmxPwOIS46V0sL3QLoqbYf4DHBT2,350,false
,KG9Pba3wEih0TBi9XNHT4pI25V42,-NmC18VrA8CeragiVGu8,-NmC5J_583iJk4ArlvBh,0SWoL0XnLpaDdKTOjcNwOD0krnj1,200,false
,KG9Pba3wEih0TBi9XNHT4pI25V42,-O2iRso2iyzmadqIfVbD,-O2iSJxW236KMyApWe0f,r81eaF32dKNviefmtozL4sD6eEk1,300,false
,KG9Pba3wEih0TBi9XNHT4pI25V42,-O08Scdjlm_JdR5aBA18,-O08XTpLd6NlmtuTwnpD,rTZ82KNjL9MvtTXMxwbB9zvwdwd2,200,false
,KG9Pba3wEih0TBi9XNHT4pI25V42,-Nc6UA9Hl08A7BFSuNAc,-Nc6VTOrX-7LXkDnK1PC,YOeXP9AMxuQOZ9cfcKqPBBoHbMs2,300,false
,KG9Pba3wEih0TBi9XNHT4pI25V42,-O2iCO-kMj1e3jLBhk3I,-O2iNmXJPTawig22QnDh,yEPLluElakTwBxmZ2AHtd9dDvtu1,200,false
,KG9Pba3wEih0TBi9XNHT4pI25V42,-NikJ-sBrcRBMSF0jgFo,-NikLFJvnMyG7jfT-dK8,W9TGTz1ZI8eE9qIn4k6IqcDL2323,300,false
,KG9Pba3wEih0TBi9XNHT4pI25V42,-Nzhrmf0iuIlOwL7OxlM,-NzhtvWUSkU3Hchvt1Fp,JjgK259ffIYREcCanlAIYEvUhNr1,300,false
,KG9Pba3wEih0TBi9XNHT4pI25V42,-O3lSfIeS08GM2ivPHvw,-O3lV8PaQWdxrd4tDNdB,zUbjejEygcOo1OhxGJ6EjSv3lnJ2,200,false
,KG9Pba3wEih0TBi9XNHT4pI25V42,-O2iCO-kMj1e3jLBhk3I,-O2iL265NrWC4taVxZJK,oXqZ0ZlQsLcTSPY8UOyukVWaYuG3,300,false
,KG9Pba3wEih0TBi9XNHT4pI25V42,-O4A69NIczhDVSOvO-bK,-O4A7JRtUlLTg8YqAY37,W4zM5c0XmNfv11Z7mXQIjkP1QE82,300,false
,KG9Pba3wEih0TBi9XNHT4pI25V42,-O08vVh_sepkZWWYtBMO,-O08vsqJMhBWrNKTuKiS,y6z2ePAmXDbDQRxmyspUSKlmzUI2,300,false
,KG9Pba3wEih0TBi9XNHT4pI25V42,-NrG3htiQeFdwRH5uWDN,-NrG6DDd-74GAp1oKsuu,njLA4SN5KJTUYLZ0tFwuEJhEVkJ2,350,false
,KG9Pba3wEih0TBi9XNHT4pI25V42,-O2iCO-kMj1e3jLBhk3I,-O2iM7WL6efm2x91FehE,oXqZ0ZlQsLcTSPY8UOyukVWaYuG3,300,false
,KG9Pba3wEih0TBi9XNHT4pI25V42,-NcXs2ErKckrr89Qsdf_,-NcY5rPmaKnN70Drwi4L,Em5ikAsNyIWtFq0uXd2kkiKGj9o2,200,false
,KG9Pba3wEih0TBi9XNHT4pI25V42,-NyPT5X9y1d-Hfu3x4Kk,-NyPWC_RvPFq8GLBm-5W,unx7JeTSE9cEGdBknsaCP6fOn722,350,false
,KG9Pba3wEih0TBi9XNHT4pI25V42,-O08vVh_sepkZWWYtBMO,-O08we8MtTu5y6dHv9RH,N7DUFmCwPxdq0LtzSnZO4QYS7sJ2,300,false
,KG9Pba3wEih0TBi9XNHT4pI25V42,-NoVk5Kd7SDp2FKbe2Jr,-NoVmLgFP3ev5v11tfAY,5thBaBZMEmdtt6Ny7mY60v3redb2,300,false
,KG9Pba3wEih0TBi9XNHT4pI25V42,-NcXs2ErKckrr89Qsdf_,-NcXszPYLYFyRWlyT2jh,IZVmVrKMeYMhNApzME4B4iD0meR2,300,false
,KG9Pba3wEih0TBi9XNHT4pI25V42,-Nl7ldAXg-HYEu5UMywi,-Nl7qBavtazhQ8colX4P,HWbgFzrixOfaQRIDbCSuEoRsnf42,300,false
,KG9Pba3wEih0TBi9XNHT4pI25V42,-NyZD8bzYBvRicskkW1I,-NyZDwq6dGNBkNl8mQGy,LiFOrD73diQxqWFALmlbObJVzaD2,350,false
,KG9Pba3wEih0TBi9XNHT4pI25V42,-O3lSfIeS08GM2ivPHvw,-O3lTHRbe8YhqeVxbo4P,zUbjejEygcOo1OhxGJ6EjSv3lnJ2,350,false
,KG9Pba3wEih0TBi9XNHT4pI25V42,-NikJ-sBrcRBMSF0jgFo,-NikKlkgG8STENhi1-RG,4qpjHqWGxBVRircldaLbMbykVHs2,300,false
,KG9Pba3wEih0TBi9XNHT4pI25V42,-O2iRso2iyzmadqIfVbD,-O2iSiCZ3n_IDeoNr9Sj,r81eaF32dKNviefmtozL4sD6eEk1,300,false
,KG9Pba3wEih0TBi9XNHT4pI25V42,-NcXs2ErKckrr89Qsdf_,-NdKFdCqVGnzDSWs0dLW,Em5ikAsNyIWtFq0uXd2kkiKGj9o2,200,false
,KG9Pba3wEih0TBi9XNHT4pI25V42,-OEO3uN0yOJDl9KJg_L-,-OEO5El6_avpB5kj8qs8,lzE8rR5G2QPhwIctNWVuGoFjJfF3,160,false
,KG9Pba3wEih0TBi9XNHT4pI25V42,-O08Scdjlm_JdR5aBA18,-O08UN7JJcEyY_Wy3PcR,rTZ82KNjL9MvtTXMxwbB9zvwdwd2,300,false
,KG9Pba3wEih0TBi9XNHT4pI25V42,-O08Scdjlm_JdR5aBA18,-O08V9lYBzmXGZyY06NI,rTZ82KNjL9MvtTXMxwbB9zvwdwd2,300,false
,KG9Pba3wEih0TBi9XNHT4pI25V42,-Nt0dCRS9khradpJF5zd,-Nt0eVtg7KrpUToZc6p7,PMwcyOfXv7RXt9f2ISoSQ3zAWsE3,300,false
,KG9Pba3wEih0TBi9XNHT4pI25V42,-Nz8gz69kcJhEvw7yuiK,-Nz8syGdcIwPn3fkc82I,qfu7IPPcCyXFoV1Gn1sToYfq5F63,260,false
,KG9Pba3wEih0TBi9XNHT4pI25V42,-NmC18VrA8CeragiVGu8,-NmC2faARSqpAG6okYEj,PvNXf61Yk7gvjfHUzYxipvrJ7vv2,300,false
,KG9Pba3wEih0TBi9XNHT4pI25V42,-NmC18VrA8CeragiVGu8,-NmC3zHKWpUgOPi-vIMv,PvNXf61Yk7gvjfHUzYxipvrJ7vv2,300,false
,KG9Pba3wEih0TBi9XNHT4pI25V42,-O2iCO-kMj1e3jLBhk3I,-O2iP12-s0wTyHg-nNUr,oXqZ0ZlQsLcTSPY8UOyukVWaYuG3,200,false
,KG9Pba3wEih0TBi9XNHT4pI25V42,-NZZuJzST4E62TJ_gPvq,-NsHnClg2eh_08S_7DmI,u2E63Vf3xqUjk48FECDiJHirjOa2,300,false
,KG9Pba3wEih0TBi9XNHT4pI25V42,-O7mAuYTaeRX9n5j3Nuy,-O7mCxZoracdLc3kQdG3,GP5WzDwvMIWkMcB1FhNOUnc2G462,200,false
,KG9Pba3wEih0TBi9XNHT4pI25V42,-NyPT5X9y1d-Hfu3x4Kk,-NyPVWdQ2KUiPkIKO_Am,unx7JeTSE9cEGdBknsaCP6fOn722,350,false
,KG9Pba3wEih0TBi9XNHT4pI25V42,-OFbG05KZY963l9O7GtV,-OFbI_ZoXccjgreXaQfO,MdwWNmzs8lNvUGDQkb6FRfBhNBU2,350,false
,KG9Pba3wEih0TBi9XNHT4pI25V42,-O2iCO-kMj1e3jLBhk3I,-O2iLafmghSVp3Dx_p0V,oXqZ0ZlQsLcTSPY8UOyukVWaYuG3,300,false
,KG9Pba3wEih0TBi9XNHT4pI25V42,-Nz8gz69kcJhEvw7yuiK,-Nz8rmI_FZ1gY_-RtCgA,qfu7IPPcCyXFoV1Gn1sToYfq5F63,260,false
,KG9Pba3wEih0TBi9XNHT4pI25V42,-O08vVh_sepkZWWYtBMO,-O08vsqJMhBWrNKTuKiS,y6z2ePAmXDbDQRxmyspUSKlmzUI2,300,false
,KG9Pba3wEih0TBi9XNHT4pI25V42,-NyPT5X9y1d-Hfu3x4Kk,-NyPVtvtbnR17UIyzC3r,unx7JeTSE9cEGdBknsaCP6fOn722,350,false
,KG9Pba3wEih0TBi9XNHT4pI25V42,-Nz8gz69kcJhEvw7yuiK,-Nz8sbgEhTGqoDwMyKrG,qfu7IPPcCyXFoV1Gn1sToYfq5F63,260,false
,KG9Pba3wEih0TBi9XNHT4pI25V42,-Nt0dCRS9khradpJF5zd,-Nt0e8w14Zy1GHbUCF5T,0G4t1KVEDobNMJQQVldLFa78pcC2,300,false
,KG9Pba3wEih0TBi9XNHT4pI25V42,-NyPT5X9y1d-Hfu3x4Kk,-Nz7drF8d4_W3PsoXA87,unx7JeTSE9cEGdBknsaCP6fOn722,200,false
,KG9Pba3wEih0TBi9XNHT4pI25V42,-NmC18VrA8CeragiVGu8,-NmC5J_583iJk4ArlvBh,MbJhEQlXGkXh0VsET0OdvN2AN4e2,200,false
,KG9Pba3wEih0TBi9XNHT4pI25V42,-NyPT5X9y1d-Hfu3x4Kk,-NyPWC_RvPFq8GLBm-5W,unx7JeTSE9cEGdBknsaCP6fOn722,350,false
,KG9Pba3wEih0TBi9XNHT4pI25V42,-O2iCO-kMj1e3jLBhk3I,-O2iDWVm9nO-tPeKLcN7,oXqZ0ZlQsLcTSPY8UOyukVWaYuG3,300,false
,KG9Pba3wEih0TBi9XNHT4pI25V42,-Nzi60zH5ycXLCx0UeSc,-Nzi8rPTTrUnNE570wXg,AVp53dfgqlYPtSgr1LQ00Mk0ET63,300,false
,KG9Pba3wEih0TBi9XNHT4pI25V42,-NtRGnH3AbJJ9Y2PvrXH,-NtRHNLYn6asza81C5t3,i7OZAXq2ERagRVtlg58zkKCeWor1,500,false
,KG9Pba3wEih0TBi9XNHT4pI25V42,-O5s3Rd4oAvokOAYSy_4,-O5s4nhsunLWLU2x5iy6,QpNynavALeRphpqE2Ce8iK4aCbv2,300,false
,KG9Pba3wEih0TBi9XNHT4pI25V42,-MvW5gwdK1MOWBE3u7g6,-MvW5gwdK1MOWBE3u7g8,VjxSmXbYHKPVvYlH2K6rDB2KdMZ2,300,false
,KG9Pba3wEih0TBi9XNHT4pI25V42,-O5s3Rd4oAvokOAYSy_4,-O5s5bgEy8Y2nxuGvO3_,QpNynavALeRphpqE2Ce8iK4aCbv2,200,false
,KG9Pba3wEih0TBi9XNHT4pI25V42,-O5s3Rd4oAvokOAYSy_4,-O5s5wmBzsFhIjkD7DYb,QpNynavALeRphpqE2Ce8iK4aCbv2,200,false
,KG9Pba3wEih0TBi9XNHT4pI25V42,-O3lOj3T61E_5vERBmtE,-O3lP_RVoCHKUneAFPLU,JlhVu3aP6rMQ7BSnai8t8h26tl02,300,false
,KG9Pba3wEih0TBi9XNHT4pI25V42,-Nzhrmf0iuIlOwL7OxlM,-Nzht5CMNinGqP-HpxQX,JjgK259ffIYREcCanlAIYEvUhNr1,300,false
,KG9Pba3wEih0TBi9XNHT4pI25V42,-Nc6UA9Hl08A7BFSuNAc,-Nc6Wd3VTLEeMHlv4qLp,awWrKAlk9PXdGkdhiSkXaLWbi2x2,200,false
,KG9Pba3wEih0TBi9XNHT4pI25V42,-O4AuNoq6t8ZB3Y97B8z,-O4Ea4dLDCc8InlI5_au,c7srj80ovoVtqSOwZBm1ppBO68a2,200,false
,KG9Pba3wEih0TBi9XNHT4pI25V42,-NZZuJzST4E62TJ_gPvq,-N_rsaAGDmIPKyJ2IPXr,vVU3VcDOk6ZA8wkOT1yDEljC2h72,200,false
,KG9Pba3wEih0TBi9XNHT4pI25V42,-NrG3htiQeFdwRH5uWDN,-NrG7hiiHcPoz2vy0EwF,njLA4SN5KJTUYLZ0tFwuEJhEVkJ2,200,false
,KG9Pba3wEih0TBi9XNHT4pI25V42,-NmC18VrA8CeragiVGu8,-NmC5J_583iJk4ArlvBh,MbJhEQlXGkXh0VsET0OdvN2AN4e2,200,false
,KG9Pba3wEih0TBi9XNHT4pI25V42,-MvW5gwdK1MOWBE3u7g6,-MvW5gwdK1MOWBE3u7g7,lKZyMgGLqbcIveicaQqR28bkBz62,300,false
,KG9Pba3wEih0TBi9XNHT4pI25V42,-NyZD8bzYBvRicskkW1I,-NyZELio1r7yPkhnCuRT,LiFOrD73diQxqWFALmlbObJVzaD2,200,false
,KG9Pba3wEih0TBi9XNHT4pI25V42,-MvW5gwdK1MOWBE3u7g6,-MvW5gwdK1MOWBE3u7g9,lKZyMgGLqbcIveicaQqR28bkBz62,300,false
,KG9Pba3wEih0TBi9XNHT4pI25V42,-OEO3uN0yOJDl9KJg_L-,-OEO5aOOCNSLgFNlamU2,lzE8rR5G2QPhwIctNWVuGoFjJfF3,160,false
,KG9Pba3wEih0TBi9XNHT4pI25V42,-O08vVh_sepkZWWYtBMO,-O08z7-lRDWJ_U1pxQmd,ESkhtwJI6meLiIdlgoI8J32Ih313,200,false
,KG9Pba3wEih0TBi9XNHT4pI25V42,-O08vVh_sepkZWWYtBMO,-O08zgddF2Y5hb31ggP0,ESkhtwJI6meLiIdlgoI8J32Ih313,200,false
,KG9Pba3wEih0TBi9XNHT4pI25V42,-O08Scdjlm_JdR5aBA18,-O08WetfDgMEbuIKjnxo,rTZ82KNjL9MvtTXMxwbB9zvwdwd2,200,false
,KG9Pba3wEih0TBi9XNHT4pI25V42,-O4A69NIczhDVSOvO-bK,-O4A9Zu1SvZjXrQoQyrl,W4zM5c0XmNfv11Z7mXQIjkP1QE82,200,false
,KG9Pba3wEih0TBi9XNHT4pI25V42,-O4A69NIczhDVSOvO-bK,-O4A85C6M_apBWLikX84,W4zM5c0XmNfv11Z7mXQIjkP1QE82,200,false
,KG9Pba3wEih0TBi9XNHT4pI25V42,-O4A69NIczhDVSOvO-bK,-O4A7eTwQIItyzde7fnW,W4zM5c0XmNfv11Z7mXQIjkP1QE82,300,false
,KG9Pba3wEih0TBi9XNHT4pI25V42,-O08Scdjlm_JdR5aBA18,-O08X4OjSysslQtCnSef,rTZ82KNjL9MvtTXMxwbB9zvwdwd2,200,false
,KG9Pba3wEih0TBi9XNHT4pI25V42,-Nc6Oh9qfA9ThSW4lbxv,-Nc6QJoVKBMMQDLBFT37,NMMGGUZagFQMRZZy3gRYMQC4GLm1,300,false
,KG9Pba3wEih0TBi9XNHT4pI25V42,-NyPT5X9y1d-Hfu3x4Kk,-Nz7dXBVkcVnkE1bXDaR,unx7JeTSE9cEGdBknsaCP6fOn722,200,false
,KG9Pba3wEih0TBi9XNHT4pI25V42,-Nc6Oh9qfA9ThSW4lbxv,-Nc6QoTKmZndH7XV17Dj,NMMGGUZagFQMRZZy3gRYMQC4GLm1,300,false
,KG9Pba3wEih0TBi9XNHT4pI25V42,-Nz8TUgyp8W61kxo694b,-Nz8cfhT4Qs6i-8a4-EE,LmxPwOIS46V0sL3QLoqbYf4DHBT2,350,false
,KG9Pba3wEih0TBi9XNHT4pI25V42,-NmC18VrA8CeragiVGu8,-NmC4TFQCahBPwfbBz5Z,0SWoL0XnLpaDdKTOjcNwOD0krnj1,200,false
,KG9Pba3wEih0TBi9XNHT4pI25V42,-Nt0dCRS9khradpJF5zd,-Nt0eVtg7KrpUToZc6p7,ZYNUWP7Dz8XeCGfcX55pYuc0Dji2,300,false
,KG9Pba3wEih0TBi9XNHT4pI25V42,-Nl7ldAXg-HYEu5UMywi,-Nl7rw88iOihIHj-S3DA,HWbgFzrixOfaQRIDbCSuEoRsnf42,200,false
,KG9Pba3wEih0TBi9XNHT4pI25V42,-NcXs2ErKckrr89Qsdf_,-NcXu2OMUrzqZKduQwRD,Em5ikAsNyIWtFq0uXd2kkiKGj9o2,300,false
,KG9Pba3wEih0TBi9XNHT4pI25V42,-Nz8TUgyp8W61kxo694b,-Nz8f8_jIjV8UNIsblAn,LmxPwOIS46V0sL3QLoqbYf4DHBT2,200,false
,KG9Pba3wEih0TBi9XNHT4pI25V42,-Ny0cIPTcro557kRNPEh,-Ny0d9INQaoDTWXMFBfe,ecPETjLkj8TPRy2PppjGXNv9OuJ3,350,false
,KG9Pba3wEih0TBi9XNHT4pI25V42,-NyPQFt54nlNBW3puYIA,-Nz7cLqwnDL_8r61vhry,5Cs2g0Sbaqbzc3QouNrhNMAyuZw2,200,false
,KG9Pba3wEih0TBi9XNHT4pI25V42,-Nc6UA9Hl08A7BFSuNAc,-Nc6X0pL5nPDbO4iR8uD,YOeXP9AMxuQOZ9cfcKqPBBoHbMs2,200,false
,KG9Pba3wEih0TBi9XNHT4pI25V42,-Nz8gz69kcJhEvw7yuiK,-Nz8sbgEhTGqoDwMyKrG,qfu7IPPcCyXFoV1Gn1sToYfq5F63,260,false
,KG9Pba3wEih0TBi9XNHT4pI25V42,-O4A69NIczhDVSOvO-bK,-O4A8U3FC8qU3Y1efNl9,W4zM5c0XmNfv11Z7mXQIjkP1QE82,200,false
,KG9Pba3wEih0TBi9XNHT4pI25V42,-O2iRso2iyzmadqIfVbD,-O2iUS2MXzci6rSo-gDh,r81eaF32dKNviefmtozL4sD6eEk1,160,false
,KG9Pba3wEih0TBi9XNHT4pI25V42,-NyPQFt54nlNBW3puYIA,-NyPURUWwgu2qwP-H-fL,5Cs2g0Sbaqbzc3QouNrhNMAyuZw2,350,false
,KG9Pba3wEih0TBi9XNHT4pI25V42,-Nz8gz69kcJhEvw7yuiK,-Nz8tzF8mnIGB4W3X0tp,qfu7IPPcCyXFoV1Gn1sToYfq5F63,40,false
,KG9Pba3wEih0TBi9XNHT4pI25V42,-NyPT5X9y1d-Hfu3x4Kk,-NyPWC_RvPFq8GLBm-5W,unx7JeTSE9cEGdBknsaCP6fOn722,350,false
,KG9Pba3wEih0TBi9XNHT4pI25V42,-NzhxakpJN9VUjNaxkDc,-NzhysuNuXLLjQPuspd-,uNzJxGgnKlYeLmzUl4raCCI9Nu02,300,false
,KG9Pba3wEih0TBi9XNHT4pI25V42,-O2iCO-kMj1e3jLBhk3I,-O2iLafmghSVp3Dx_p0V,oXqZ0ZlQsLcTSPY8UOyukVWaYuG3,300,false
,KG9Pba3wEih0TBi9XNHT4pI25V42,-NtRGnH3AbJJ9Y2PvrXH,-NtRIsYNSjaX50S7FryQ,i7OZAXq2ERagRVtlg58zkKCeWor1,300,false
,KG9Pba3wEih0TBi9XNHT4pI25V42,-Nz8TUgyp8W61kxo694b,-Nz8dnIMrrPRovQJ2Gm8,LmxPwOIS46V0sL3QLoqbYf4DHBT2,200,false
,KG9Pba3wEih0TBi9XNHT4pI25V42,-Nz8gz69kcJhEvw7yuiK,-Nz8syGdcIwPn3fkc82I,qfu7IPPcCyXFoV1Gn1sToYfq5F63,260,false
,KG9Pba3wEih0TBi9XNHT4pI25V42,-NzhxakpJN9VUjNaxkDc,-Nzhy-U3IfUfhWdH4Rkg,yrkJoIfYniVPyVIz7it4OmO00fo1,300,false
,KG9Pba3wEih0TBi9XNHT4pI25V42,-O2iCO-kMj1e3jLBhk3I,-O2iMdXQsSAmK0lohefp,oXqZ0ZlQsLcTSPY8UOyukVWaYuG3,300,false
,KG9Pba3wEih0TBi9XNHT4pI25V42,-NzhxakpJN9VUjNaxkDc,-O3gb-6Y39mzH6rLXIV0,nLWoNsSG2MNDYCUkLJGxG3oU70m1,300,false
,KG9Pba3wEih0TBi9XNHT4pI25V42,-O3lSfIeS08GM2ivPHvw,-O3lUkHiQX_jTelG-byR,zUbjejEygcOo1OhxGJ6EjSv3lnJ2,200,false
,KG9Pba3wEih0TBi9XNHT4pI25V42,-NikJ-sBrcRBMSF0jgFo,-NikLupoi1Vfxj9FOcG5,4qpjHqWGxBVRircldaLbMbykVHs2,200,false
,KG9Pba3wEih0TBi9XNHT4pI25V42,-O2OF229tBkgX-nhToQ8,-O2OG6he4G6anOmfvIyZ,XS86n2nBJOX44M2LMJfODL2zDUu2,300,false
,KG9Pba3wEih0TBi9XNHT4pI25V42,-Nc6Oh9qfA9ThSW4lbxv,-Nc6Rn483ku8JuI8KTnm,NMMGGUZagFQMRZZy3gRYMQC4GLm1,200,false
,KG9Pba3wEih0TBi9XNHT4pI25V42,-Nc6Oh9qfA9ThSW4lbxv,-Nc6SB-qZZbutYeS2rPK,NMMGGUZagFQMRZZy3gRYMQC4GLm1,200,false
,KG9Pba3wEih0TBi9XNHT4pI25V42,-O2OF229tBkgX-nhToQ8,-O2OHjqDU5YM-vl-AQut,xLuEjIqoZSYVy3qYPT3q60Ocxmi2,200,false
,KG9Pba3wEih0TBi9XNHT4pI25V42,-NyPT5X9y1d-Hfu3x4Kk,-NyPVtvtbnR17UIyzC3r,EFOHaUe8wQMadlmVgtCVrroxxMR2,350,false
,KG9Pba3wEih0TBi9XNHT4pI25V42,-O08vVh_sepkZWWYtBMO,-O08we8MtTu5y6dHv9RH,dXWmcPjxf0gWWU3WciRjLAGSvzo1,300,false
,KG9Pba3wEih0TBi9XNHT4pI25V42,-O08vVh_sepkZWWYtBMO,-O08wzXd6faohj_jfp2v,dXWmcPjxf0gWWU3WciRjLAGSvzo1,300,false
,KG9Pba3wEih0TBi9XNHT4pI25V42,-O08Scdjlm_JdR5aBA18,-O08WDcPi1su6xlGGOtO,rTZ82KNjL9MvtTXMxwbB9zvwdwd2,200,false
,KG9Pba3wEih0TBi9XNHT4pI25V42,-O08Scdjlm_JdR5aBA18,-O08X4OjSysslQtCnSef,rTZ82KNjL9MvtTXMxwbB9zvwdwd2,200,false
,KG9Pba3wEih0TBi9XNHT4pI25V42,-NrG3htiQeFdwRH5uWDN,-NrG5lwA4LweBQPkhqGB,pM1Vig0SijSk4Ek1BBHicBpOHEK2,350,false
,KG9Pba3wEih0TBi9XNHT4pI25V42,-NcXs2ErKckrr89Qsdf_,-NcXtZe9WkI7UNKrLLhZ,Em5ikAsNyIWtFq0uXd2kkiKGj9o2,300,false
,KG9Pba3wEih0TBi9XNHT4pI25V42,-Nz8gz69kcJhEvw7yuiK,-Nz8tJF34Bks4HiPLqb3,qfu7IPPcCyXFoV1Gn1sToYfq5F63,40,false
,KG9Pba3wEih0TBi9XNHT4pI25V42,-NcXs2ErKckrr89Qsdf_,-NcXu_7aEPbNNzccZoQf,Em5ikAsNyIWtFq0uXd2kkiKGj9o2,300,false
,KG9Pba3wEih0TBi9XNHT4pI25V42,-NcXs2ErKckrr89Qsdf_,-NcXtZe9WkI7UNKrLLhZ,Em5ikAsNyIWtFq0uXd2kkiKGj9o2,300,false
,KG9Pba3wEih0TBi9XNHT4pI25V42,-NyPT5X9y1d-Hfu3x4Kk,-Nz7dXBVkcVnkE1bXDaR,unx7JeTSE9cEGdBknsaCP6fOn722,200,false
,KG9Pba3wEih0TBi9XNHT4pI25V42,-NyPQFt54nlNBW3puYIA,-NyPUlupQ6jBxywhUH63,5Cs2g0Sbaqbzc3QouNrhNMAyuZw2,350,false
,KG9Pba3wEih0TBi9XNHT4pI25V42,-NzhxakpJN9VUjNaxkDc,-Nzhy-U3IfUfhWdH4Rkg,jpU2TNXOKJhx9x9K90X5iNqNpZy1,300,false
,KG9Pba3wEih0TBi9XNHT4pI25V42,-O2iCO-kMj1e3jLBhk3I,-O2iPhLBpDuvHRCf86yC,oXqZ0ZlQsLcTSPY8UOyukVWaYuG3,200,false
,KG9Pba3wEih0TBi9XNHT4pI25V42,-NzhxakpJN9VUjNaxkDc,-Nzhy-U3IfUfhWdH4Rkg,1R43r8kvDnMLq6M0O68iYRfnEJi1,300,false
,KG9Pba3wEih0TBi9XNHT4pI25V42,-O3lSfIeS08GM2ivPHvw,-O3lTHRbe8YhqeVxbo4P,zUbjejEygcOo1OhxGJ6EjSv3lnJ2,350,false
,KG9Pba3wEih0TBi9XNHT4pI25V42,-MvW5gwdK1MOWBE3u7g6,-MvW5gweqPowDXKXA3c1,VjxSmXbYHKPVvYlH2K6rDB2KdMZ2,200,false
,KG9Pba3wEih0TBi9XNHT4pI25V42,-Nz8TUgyp8W61kxo694b,-Nz8f8_jIjV8UNIsblAn,LmxPwOIS46V0sL3QLoqbYf4DHBT2,200,false
,KG9Pba3wEih0TBi9XNHT4pI25V42,-Nz8gz69kcJhEvw7yuiK,-Nz8rmI_FZ1gY_-RtCgA,qfu7IPPcCyXFoV1Gn1sToYfq5F63,260,false
,KG9Pba3wEih0TBi9XNHT4pI25V42,-NrG3htiQeFdwRH5uWDN,-NrG6gnqT9gYK-sLjvsk,YvgxQAIDfEdsZhckpJWy3K30Rp43,350,false
,KG9Pba3wEih0TBi9XNHT4pI25V42,-NyPQFt54nlNBW3puYIA,-Nz7cLqwnDL_8r61vhry,5Cs2g0Sbaqbzc3QouNrhNMAyuZw2,200,false
,KG9Pba3wEih0TBi9XNHT4pI25V42,-NrG3htiQeFdwRH5uWDN,-NrG7GTRtvB4HNgk14D_,YvgxQAIDfEdsZhckpJWy3K30Rp43,350,false
,KG9Pba3wEih0TBi9XNHT4pI25V42,-O2iCO-kMj1e3jLBhk3I,-O2iM7WL6efm2x91FehE,oXqZ0ZlQsLcTSPY8UOyukVWaYuG3,300,false
,KG9Pba3wEih0TBi9XNHT4pI25V42,-NrG3htiQeFdwRH5uWDN,-NrG8p8JAWM6a_keuTXq,pM1Vig0SijSk4Ek1BBHicBpOHEK2,200,false
,KG9Pba3wEih0TBi9XNHT4pI25V42,-Nc6UA9Hl08A7BFSuNAc,-Nc6VTOrX-7LXkDnK1PC,awWrKAlk9PXdGkdhiSkXaLWbi2x2,300,false
,KG9Pba3wEih0TBi9XNHT4pI25V42,-Ny0cIPTcro557kRNPEh,-Nz7bEth_Zn7YTFueRHu,ecPETjLkj8TPRy2PppjGXNv9OuJ3,200,false
,KG9Pba3wEih0TBi9XNHT4pI25V42,-Nzhrmf0iuIlOwL7OxlM,-NzhvUB-VJFOqmgk1mm9,JjgK259ffIYREcCanlAIYEvUhNr1,200,false
,KG9Pba3wEih0TBi9XNHT4pI25V42,-NzhxakpJN9VUjNaxkDc,-Nzi-RrZQA3MDrNj4_aB,jpU2TNXOKJhx9x9K90X5iNqNpZy1,200,false
,KG9Pba3wEih0TBi9XNHT4pI25V42,-O4A69NIczhDVSOvO-bK,-O4A7JRtUlLTg8YqAY37,W4zM5c0XmNfv11Z7mXQIjkP1QE82,300,false
,KG9Pba3wEih0TBi9XNHT4pI25V42,-Nz8gz69kcJhEvw7yuiK,-Nz8tzF8mnIGB4W3X0tp,qfu7IPPcCyXFoV1Gn1sToYfq5F63,40,false
,KG9Pba3wEih0TBi9XNHT4pI25V42,-MvW5gwdK1MOWBE3u7g6,-MvW5gwdK1MOWBE3u7gA,lKZyMgGLqbcIveicaQqR28bkBz62,200,false
,KG9Pba3wEih0TBi9XNHT4pI25V42,-NcXs2ErKckrr89Qsdf_,-NcY5rPmaKnN70Drwi4L,Em5ikAsNyIWtFq0uXd2kkiKGj9o2,200,false
,KG9Pba3wEih0TBi9XNHT4pI25V42,-O08vVh_sepkZWWYtBMO,-O08wG3qCuMaBM2jUzna,B6sFnHZE1YYIKWeA3OpNrwtx7sY2,300,false
,KG9Pba3wEih0TBi9XNHT4pI25V42,-O08vVh_sepkZWWYtBMO,-O08xSuDFCHuFY5S4x7d,B6sFnHZE1YYIKWeA3OpNrwtx7sY2,300,false
,KG9Pba3wEih0TBi9XNHT4pI25V42,-OEO3uN0yOJDl9KJg_L-,-OEO4Qi32j5u1BTk8Ne7,lzE8rR5G2QPhwIctNWVuGoFjJfF3,300,false
,KG9Pba3wEih0TBi9XNHT4pI25V42,-OEO3uN0yOJDl9KJg_L-,-OEO4pg2vgOp_5oQttSc,lzE8rR5G2QPhwIctNWVuGoFjJfF3,300,false
,KG9Pba3wEih0TBi9XNHT4pI25V42,-NyPT5X9y1d-Hfu3x4Kk,-Nz7drF8d4_W3PsoXA87,EFOHaUe8wQMadlmVgtCVrroxxMR2,200,false
,KG9Pba3wEih0TBi9XNHT4pI25V42,-MvW5gwdK1MOWBE3u7g6,-MvW5gwdK1MOWBE3u7g9,lKZyMgGLqbcIveicaQqR28bkBz62,300,false
,KG9Pba3wEih0TBi9XNHT4pI25V42,-MvW5gwdK1MOWBE3u7g6,-MvW5gwdK1MOWBE3u7g7,VgiLJFDDEYQQRVDI4CT86fKP1JA3,300,false
,KG9Pba3wEih0TBi9XNHT4pI25V42,-MvW5gwdK1MOWBE3u7g6,-MvW5gwdK1MOWBE3u7g8,VgiLJFDDEYQQRVDI4CT86fKP1JA3,300,false
,KG9Pba3wEih0TBi9XNHT4pI25V42,-O4A69NIczhDVSOvO-bK,-O4A85C6M_apBWLikX84,W4zM5c0XmNfv11Z7mXQIjkP1QE82,200,false
,KG9Pba3wEih0TBi9XNHT4pI25V42,-NrG3htiQeFdwRH5uWDN,-NrG5lwA4LweBQPkhqGB,fy4N4tjndzVs1yJdYKVlkobqEVv1,350,false
,KG9Pba3wEih0TBi9XNHT4pI25V42,-O4A69NIczhDVSOvO-bK,-O4A8U3FC8qU3Y1efNl9,W4zM5c0XmNfv11Z7mXQIjkP1QE82,200,false
,KG9Pba3wEih0TBi9XNHT4pI25V42,-O4A69NIczhDVSOvO-bK,-O4A9Zu1SvZjXrQoQyrl,W4zM5c0XmNfv11Z7mXQIjkP1QE82,200,false
,KG9Pba3wEih0TBi9XNHT4pI25V42,-O08Scdjlm_JdR5aBA18,-O08TRGdveTR1ACscEE-,98EEofID3ycVe5ItQJjPaRPXTDf1,300,false
,KG9Pba3wEih0TBi9XNHT4pI25V42,-O08Scdjlm_JdR5aBA18,-O08TtG2VAtQLTTWo-SH,98EEofID3ycVe5ItQJjPaRPXTDf1,300,false
,KG9Pba3wEih0TBi9XNHT4pI25V42,-O08Scdjlm_JdR5aBA18,-O08VSmx--lFsgHdaDAi,rTZ82KNjL9MvtTXMxwbB9zvwdwd2,300,false
,KG9Pba3wEih0TBi9XNHT4pI25V42,-NyPQFt54nlNBW3puYIA,-NyPURUWwgu2qwP-H-fL,5Cs2g0Sbaqbzc3QouNrhNMAyuZw2,350,false
,KG9Pba3wEih0TBi9XNHT4pI25V42,-NrG3htiQeFdwRH5uWDN,-NrG7hiiHcPoz2vy0EwF,YvgxQAIDfEdsZhckpJWy3K30Rp43,200,false
,KG9Pba3wEih0TBi9XNHT4pI25V42,-Nz8TUgyp8W61kxo694b,-Nz8bngvOXQWuCw_YItd,LmxPwOIS46V0sL3QLoqbYf4DHBT2,350,false
,KG9Pba3wEih0TBi9XNHT4pI25V42,-Nz8TUgyp8W61kxo694b,-Nz8cI8DRjzOud1NKXDp,LmxPwOIS46V0sL3QLoqbYf4DHBT2,350,false
,KG9Pba3wEih0TBi9XNHT4pI25V42,-NcXs2ErKckrr89Qsdf_,-NcXv2pWm1f1Q9A7lWWS,Em5ikAsNyIWtFq0uXd2kkiKGj9o2,200,false
,KG9Pba3wEih0TBi9XNHT4pI25V42,-NyPT5X9y1d-Hfu3x4Kk,-Nz7dXBVkcVnkE1bXDaR,unx7JeTSE9cEGdBknsaCP6fOn722,200,false
,KG9Pba3wEih0TBi9XNHT4pI25V42,-Nz8gz69kcJhEvw7yuiK,-Nz8tzF8mnIGB4W3X0tp,qfu7IPPcCyXFoV1Gn1sToYfq5F63,40,false
,KG9Pba3wEih0TBi9XNHT4pI25V42,-NcXs2ErKckrr89Qsdf_,-NdKFdCqVGnzDSWs0dLW,Em5ikAsNyIWtFq0uXd2kkiKGj9o2,200,false
,KG9Pba3wEih0TBi9XNHT4pI25V42,-N_rA4HA5hBTTHe_RVRK,-N_rCAhIBVn-7NAIov63,G6JRJY4qdcWFdOesCafwKEkfdJP2,300,false
,KG9Pba3wEih0TBi9XNHT4pI25V42,-Nc6UA9Hl08A7BFSuNAc,-Nc6Wd3VTLEeMHlv4qLp,awWrKAlk9PXdGkdhiSkXaLWbi2x2,200,false
,KG9Pba3wEih0TBi9XNHT4pI25V42,-NrG3htiQeFdwRH5uWDN,-NrG5lwA4LweBQPkhqGB,mEsWyMHqtPhdJck7hfjQ8hgP5142,350,false
,KG9Pba3wEih0TBi9XNHT4pI25V42,-NrG3htiQeFdwRH5uWDN,-NrG6gnqT9gYK-sLjvsk,EFSaJkXzijZm0TNDzySY9IcmpF52,350,false
,KG9Pba3wEih0TBi9XNHT4pI25V42,-NrG3htiQeFdwRH5uWDN,-NrG6DDd-74GAp1oKsuu,EFSaJkXzijZm0TNDzySY9IcmpF52,350,false
,KG9Pba3wEih0TBi9XNHT4pI25V42,-NyPQFt54nlNBW3puYIA,-Nz7c1mrSxF3AM0MkKgH,5Cs2g0Sbaqbzc3QouNrhNMAyuZw2,200,false
,KG9Pba3wEih0TBi9XNHT4pI25V42,-O2iCO-kMj1e3jLBhk3I,-O2iOJOegpQYTQLR1sXw,oXqZ0ZlQsLcTSPY8UOyukVWaYuG3,200,false
,KG9Pba3wEih0TBi9XNHT4pI25V42,-NoVk5Kd7SDp2FKbe2Jr,-NoVl05cwblKySdgw3ES,5thBaBZMEmdtt6Ny7mY60v3redb2,300,false
,KG9Pba3wEih0TBi9XNHT4pI25V42,-NrG3htiQeFdwRH5uWDN,-NrG8p8JAWM6a_keuTXq,mEsWyMHqtPhdJck7hfjQ8hgP5142,200,false
,KG9Pba3wEih0TBi9XNHT4pI25V42,-NrG3htiQeFdwRH5uWDN,-NrG8DuY47gGAxT5u_Bh,EFSaJkXzijZm0TNDzySY9IcmpF52,200,false
,KG9Pba3wEih0TBi9XNHT4pI25V42,-NrG3htiQeFdwRH5uWDN,-NrG6DDd-74GAp1oKsuu,XGhfh0Jis2N1F5U74wKCrBN862Q2,350,false
,KG9Pba3wEih0TBi9XNHT4pI25V42,-NrG3htiQeFdwRH5uWDN,-NrG6gnqT9gYK-sLjvsk,XGhfh0Jis2N1F5U74wKCrBN862Q2,350,false
,KG9Pba3wEih0TBi9XNHT4pI25V42,-NoVk5Kd7SDp2FKbe2Jr,-NoVo-uZ0FiuNvI5BazA,5thBaBZMEmdtt6Ny7mY60v3redb2,200,false
,KG9Pba3wEih0TBi9XNHT4pI25V42,-NrG3htiQeFdwRH5uWDN,-NrG7hiiHcPoz2vy0EwF,XGhfh0Jis2N1F5U74wKCrBN862Q2,200,false
,KG9Pba3wEih0TBi9XNHT4pI25V42,-NrG3htiQeFdwRH5uWDN,-NrG9jnOfMjfAqS3CimW,XGhfh0Jis2N1F5U74wKCrBN862Q2,200,false
,KG9Pba3wEih0TBi9XNHT4pI25V42,-N_rA4HA5hBTTHe_RVRK,-N_rCAhIBVn-7NAIov63,yeHSqmC7rEeWzuSidgl9ZAa8Sjl2,300,false
,KG9Pba3wEih0TBi9XNHT4pI25V42,-O4A69NIczhDVSOvO-bK,-O4A85C6M_apBWLikX84,W4zM5c0XmNfv11Z7mXQIjkP1QE82,200,false
,KG9Pba3wEih0TBi9XNHT4pI25V42,-O4A69NIczhDVSOvO-bK,-O4A6vAjWhTh4c66lozl,TRqjsqqRFrWYly4CefaA6vI72HF2,300,false
,KG9Pba3wEih0TBi9XNHT4pI25V42,-O4A69NIczhDVSOvO-bK,-O4A7JRtUlLTg8YqAY37,TRqjsqqRFrWYly4CefaA6vI72HF2,300,false
,KG9Pba3wEih0TBi9XNHT4pI25V42,-NrG3htiQeFdwRH5uWDN,-NrG5lwA4LweBQPkhqGB,Qkg0A8sNoGPGzfeGqoXz8uTAhWj2,350,false
,KG9Pba3wEih0TBi9XNHT4pI25V42,-N_rA4HA5hBTTHe_RVRK,-N_rDAV9dkG0PMBxLE69,1Itg7qDetCUf5z7D8fopaapUZXh1,300,false
,KG9Pba3wEih0TBi9XNHT4pI25V42,-O4A69NIczhDVSOvO-bK,-O4A8U3FC8qU3Y1efNl9,TRqjsqqRFrWYly4CefaA6vI72HF2,200,false
,KG9Pba3wEih0TBi9XNHT4pI25V42,-O4A69NIczhDVSOvO-bK,-O4A9Zu1SvZjXrQoQyrl,TRqjsqqRFrWYly4CefaA6vI72HF2,200,false
,KG9Pba3wEih0TBi9XNHT4pI25V42,-O3lSfIeS08GM2ivPHvw,-O3lTHRbe8YhqeVxbo4P,GUx24rQ7Y5fFFzc3TPn3g1VqaYd2,350,false
,KG9Pba3wEih0TBi9XNHT4pI25V42,-O3lSfIeS08GM2ivPHvw,-O3lTdZLuXvPWQ5W3cyg,GUx24rQ7Y5fFFzc3TPn3g1VqaYd2,350,false
,KG9Pba3wEih0TBi9XNHT4pI25V42,-O3lSfIeS08GM2ivPHvw,-O3lU73vihDJ-tkjb1W7,GUx24rQ7Y5fFFzc3TPn3g1VqaYd2,350,false
,KG9Pba3wEih0TBi9XNHT4pI25V42,-O4AuNoq6t8ZB3Y97B8z,-O4EXdcpnqNz8nBaFfoS,MNvIfq3GJqeEKecKz4o2T7r9Zve2,300,false
,KG9Pba3wEih0TBi9XNHT4pI25V42,-O08Scdjlm_JdR5aBA18,-O08VSmx--lFsgHdaDAi,LA88Zs2GA3MjzbJlxLWgdQJHhr12,300,false
,KG9Pba3wEih0TBi9XNHT4pI25V42,-NrG3htiQeFdwRH5uWDN,-NrG6DDd-74GAp1oKsuu,Qkg0A8sNoGPGzfeGqoXz8uTAhWj2,350,false
,KG9Pba3wEih0TBi9XNHT4pI25V42,-O3lSfIeS08GM2ivPHvw,-O3lV8PaQWdxrd4tDNdB,GUx24rQ7Y5fFFzc3TPn3g1VqaYd2,200,false
,KG9Pba3wEih0TBi9XNHT4pI25V42,-NzhxakpJN9VUjNaxkDc,-O3gb-6Y39mzH6rLXIV0,REjh8YymhlO276O2cYdduV6G7Nh2,300,false
,KG9Pba3wEih0TBi9XNHT4pI25V42,-Nz8TUgyp8W61kxo694b,-Nz8bngvOXQWuCw_YItd,6Yo7P4vxc1Oiw5Oj1001KOOZAX62,350,false
,KG9Pba3wEih0TBi9XNHT4pI25V42,-Nz8TUgyp8W61kxo694b,-Nz8cfhT4Qs6i-8a4-EE,6Yo7P4vxc1Oiw5Oj1001KOOZAX62,350,false
,KG9Pba3wEih0TBi9XNHT4pI25V42,-NZZuJzST4E62TJ_gPvq,-N_rsaAGDmIPKyJ2IPXr,u2E63Vf3xqUjk48FECDiJHirjOa2,200,false
,KG9Pba3wEih0TBi9XNHT4pI25V42,-NzhxakpJN9VUjNaxkDc,-NzhzJUAI8an8rhRhrHl,4LkBpMivsCf69PIjzXXBWeL5N3E2,300,false
,KG9Pba3wEih0TBi9XNHT4pI25V42,-O2OF229tBkgX-nhToQ8,-O2OGThYnuW1vpBn6HC0,E9f9ogB9B2UP1F1kLBeJlF2YLeX2,300,false
,KG9Pba3wEih0TBi9XNHT4pI25V42,-NzhxakpJN9VUjNaxkDc,-NzhysuNuXLLjQPuspd-,S4RZW3b1poWQQJ4usuMbuHi6Xl63,300,false
,KG9Pba3wEih0TBi9XNHT4pI25V42,-NrG3htiQeFdwRH5uWDN,-NrG8p8JAWM6a_keuTXq,Qkg0A8sNoGPGzfeGqoXz8uTAhWj2,200,false
,KG9Pba3wEih0TBi9XNHT4pI25V42,-O2iCO-kMj1e3jLBhk3I,-O2iLafmghSVp3Dx_p0V,oXqZ0ZlQsLcTSPY8UOyukVWaYuG3,300,false
,KG9Pba3wEih0TBi9XNHT4pI25V42,-O2iCO-kMj1e3jLBhk3I,-O2iM7WL6efm2x91FehE,oXqZ0ZlQsLcTSPY8UOyukVWaYuG3,300,false
,KG9Pba3wEih0TBi9XNHT4pI25V42,-O2iCO-kMj1e3jLBhk3I,-O2iMdXQsSAmK0lohefp,oXqZ0ZlQsLcTSPY8UOyukVWaYuG3,300,false
,KG9Pba3wEih0TBi9XNHT4pI25V42,-Nc6Oh9qfA9ThSW4lbxv,-Nc6PtOC7oH1DR4AjtEl,eNbwWp2kYgauVjkbrwKOWvb2HCW2,300,false
,KG9Pba3wEih0TBi9XNHT4pI25V42,-Nc6Oh9qfA9ThSW4lbxv,-Nc6QJoVKBMMQDLBFT37,eNbwWp2kYgauVjkbrwKOWvb2HCW2,300,false
,KG9Pba3wEih0TBi9XNHT4pI25V42,-NzhxakpJN9VUjNaxkDc,-Nzhy-U3IfUfhWdH4Rkg,REjh8YymhlO276O2cYdduV6G7Nh2,300,false
,KG9Pba3wEih0TBi9XNHT4pI25V42,-Nc6Oh9qfA9ThSW4lbxv,-Nc6QoTKmZndH7XV17Dj,eNbwWp2kYgauVjkbrwKOWvb2HCW2,300,false
,KG9Pba3wEih0TBi9XNHT4pI25V42,-NoVk5Kd7SDp2FKbe2Jr,-NoVmLgFP3ev5v11tfAY,5thBaBZMEmdtt6Ny7mY60v3redb2,300,false
,KG9Pba3wEih0TBi9XNHT4pI25V42,-O7mAuYTaeRX9n5j3Nuy,-O7mCxZoracdLc3kQdG3,GP5WzDwvMIWkMcB1FhNOUnc2G462,200,false
,KG9Pba3wEih0TBi9XNHT4pI25V42,-NoVk5Kd7SDp2FKbe2Jr,-NoVlNhdzUovGOIM7iut,5thBaBZMEmdtt6Ny7mY60v3redb2,300,false
,KG9Pba3wEih0TBi9XNHT4pI25V42,-NoVk5Kd7SDp2FKbe2Jr,-NoVmeZVmmgYNxANZALf,5thBaBZMEmdtt6Ny7mY60v3redb2,300,false
,KG9Pba3wEih0TBi9XNHT4pI25V42,-NzhxakpJN9VUjNaxkDc,-NzhyWA4d2EoN1Y6-s-G,yrkJoIfYniVPyVIz7it4OmO00fo1,300,false
,KG9Pba3wEih0TBi9XNHT4pI25V42,-NzhxakpJN9VUjNaxkDc,-O3gb-6Y39mzH6rLXIV0,yrkJoIfYniVPyVIz7it4OmO00fo1,300,false
,KG9Pba3wEih0TBi9XNHT4pI25V42,-O08vVh_sepkZWWYtBMO,-O08wG3qCuMaBM2jUzna,NYf4rnnvWWVULrh4as5Ci1BAhJu2,300,false
,KG9Pba3wEih0TBi9XNHT4pI25V42,-Nzi60zH5ycXLCx0UeSc,-Nzi88nW1AZ1lhfpa2Fr,AVp53dfgqlYPtSgr1LQ00Mk0ET63,300,false
,KG9Pba3wEih0TBi9XNHT4pI25V42,-NrG3htiQeFdwRH5uWDN,-NrG8DuY47gGAxT5u_Bh,Qkg0A8sNoGPGzfeGqoXz8uTAhWj2,200,false
,KG9Pba3wEih0TBi9XNHT4pI25V42,-O2iCO-kMj1e3jLBhk3I,-O2iDWVm9nO-tPeKLcN7,oXqZ0ZlQsLcTSPY8UOyukVWaYuG3,300,false
,KG9Pba3wEih0TBi9XNHT4pI25V42,-O4AuNoq6t8ZB3Y97B8z,-O4Auvq9kM2Gmns-_04r,p8LmistIGkVwKWGsRMbfgsQQnWT2,300,false
,KG9Pba3wEih0TBi9XNHT4pI25V42,-O2iCO-kMj1e3jLBhk3I,-O2iP12-s0wTyHg-nNUr,oXqZ0ZlQsLcTSPY8UOyukVWaYuG3,200,false
,KG9Pba3wEih0TBi9XNHT4pI25V42,-O4AuNoq6t8ZB3Y97B8z,-O4EYI6OgFQiJkY2ZhYq,p8LmistIGkVwKWGsRMbfgsQQnWT2,300,false
,KG9Pba3wEih0TBi9XNHT4pI25V42,-O08Scdjlm_JdR5aBA18,-O08XTpLd6NlmtuTwnpD,LA88Zs2GA3MjzbJlxLWgdQJHhr12,200,false
,KG9Pba3wEih0TBi9XNHT4pI25V42,-O08Scdjlm_JdR5aBA18,-O08UN7JJcEyY_Wy3PcR,rTZ82KNjL9MvtTXMxwbB9zvwdwd2,300,false
,KG9Pba3wEih0TBi9XNHT4pI25V42,-NzhxakpJN9VUjNaxkDc,-NzhyWA4d2EoN1Y6-s-G,yrkJoIfYniVPyVIz7it4OmO00fo1,300,false
,KG9Pba3wEih0TBi9XNHT4pI25V42,-NzhxakpJN9VUjNaxkDc,-Nzi-RrZQA3MDrNj4_aB,yrkJoIfYniVPyVIz7it4OmO00fo1,200,false
,KG9Pba3wEih0TBi9XNHT4pI25V42,-NzhxakpJN9VUjNaxkDc,-Nzhy-U3IfUfhWdH4Rkg,yrkJoIfYniVPyVIz7it4OmO00fo1,300,false
,KG9Pba3wEih0TBi9XNHT4pI25V42,-NzhxakpJN9VUjNaxkDc,-O3gb-6Y39mzH6rLXIV0,yrkJoIfYniVPyVIz7it4OmO00fo1,300,false
,KG9Pba3wEih0TBi9XNHT4pI25V42,-NrG3htiQeFdwRH5uWDN,-NrG6gnqT9gYK-sLjvsk,Qkg0A8sNoGPGzfeGqoXz8uTAhWj2,350,false
,KG9Pba3wEih0TBi9XNHT4pI25V42,-NrG3htiQeFdwRH5uWDN,-NrG5HJYwfH4liroGXii,6qo6b1tqFHfKmdA0JMRiRXa68Ym1,350,false
,KG9Pba3wEih0TBi9XNHT4pI25V42,-O08Scdjlm_JdR5aBA18,-O08TtG2VAtQLTTWo-SH,rTZ82KNjL9MvtTXMxwbB9zvwdwd2,300,false
,KG9Pba3wEih0TBi9XNHT4pI25V42,-O08Scdjlm_JdR5aBA18,-O08V9lYBzmXGZyY06NI,rTZ82KNjL9MvtTXMxwbB9zvwdwd2,300,false
,KG9Pba3wEih0TBi9XNHT4pI25V42,-O4A69NIczhDVSOvO-bK,-O4A6vAjWhTh4c66lozl,W4zM5c0XmNfv11Z7mXQIjkP1QE82,300,false
,KG9Pba3wEih0TBi9XNHT4pI25V42,-NrG3htiQeFdwRH5uWDN,-NrG6DDd-74GAp1oKsuu,Qkg0A8sNoGPGzfeGqoXz8uTAhWj2,350,false
,KG9Pba3wEih0TBi9XNHT4pI25V42,-Nt0dCRS9khradpJF5zd,-Nt0dk7NbHkuHI8_DjTA,kenucwWLkofyS7bHBmuQDuzCWlF3,300,false
,KG9Pba3wEih0TBi9XNHT4pI25V42,-Nl7ldAXg-HYEu5UMywi,-Nl7p0MqMy8IsomQju4P,eG6PjPgInvbaeagnkN5pdhE1Lsm1,300,false
,KG9Pba3wEih0TBi9XNHT4pI25V42,-O4A69NIczhDVSOvO-bK,-O4A7eTwQIItyzde7fnW,W4zM5c0XmNfv11Z7mXQIjkP1QE82,300,false
,KG9Pba3wEih0TBi9XNHT4pI25V42,-Nzi60zH5ycXLCx0UeSc,-O32q_Rbs-gVU6xPXJpM,AVp53dfgqlYPtSgr1LQ00Mk0ET63,200,false
,KG9Pba3wEih0TBi9XNHT4pI25V42,-NrG3htiQeFdwRH5uWDN,-NrG5lwA4LweBQPkhqGB,juxEt1Y3pygxIhRcYgQdqC2ygug2,350,false
,KG9Pba3wEih0TBi9XNHT4pI25V42,-N_rA4HA5hBTTHe_RVRK,-N_rDg0OPmNWcKnB15RQ,Mz8KQMEn1edlXZ4ky42ae8Lh70g2,300,false
,KG9Pba3wEih0TBi9XNHT4pI25V42,-NzhxakpJN9VUjNaxkDc,-Nzi-rqb2MuRgDzK4q-Z,yrkJoIfYniVPyVIz7it4OmO00fo1,200,false
,KG9Pba3wEih0TBi9XNHT4pI25V42,-NzhxakpJN9VUjNaxkDc,-Nzhy-U3IfUfhWdH4Rkg,yrkJoIfYniVPyVIz7it4OmO00fo1,300,false
,KG9Pba3wEih0TBi9XNHT4pI25V42,-NzhxakpJN9VUjNaxkDc,-NzhyWA4d2EoN1Y6-s-G,yrkJoIfYniVPyVIz7it4OmO00fo1,300,false
,KG9Pba3wEih0TBi9XNHT4pI25V42,-NzhxakpJN9VUjNaxkDc,-O3gbqoWJRkhFhgcVdGi,4LkBpMivsCf69PIjzXXBWeL5N3E2,200,false
,KG9Pba3wEih0TBi9XNHT4pI25V42,-Nc6Oh9qfA9ThSW4lbxv,-Nc6Rn483ku8JuI8KTnm,eNbwWp2kYgauVjkbrwKOWvb2HCW2,200,false
,KG9Pba3wEih0TBi9XNHT4pI25V42,-Nc6Oh9qfA9ThSW4lbxv,-Nc6SB-qZZbutYeS2rPK,eNbwWp2kYgauVjkbrwKOWvb2HCW2,200,false
,KG9Pba3wEih0TBi9XNHT4pI25V42,-O08vVh_sepkZWWYtBMO,-O08wG3qCuMaBM2jUzna,XWjQitUh0eT8zFThl08AJo9yU4K2,300,false
,KG9Pba3wEih0TBi9XNHT4pI25V42,-Nc6Oh9qfA9ThSW4lbxv,-Nc6StWMFAWQQU6Eb-GU,eNbwWp2kYgauVjkbrwKOWvb2HCW2,200,false
,KG9Pba3wEih0TBi9XNHT4pI25V42,-O2OF229tBkgX-nhToQ8,-O2OI4Gk2d7_r8lOojX1,E9f9ogB9B2UP1F1kLBeJlF2YLeX2,200,false
,KG9Pba3wEih0TBi9XNHT4pI25V42,-NrG3htiQeFdwRH5uWDN,-NrG8p8JAWM6a_keuTXq,juxEt1Y3pygxIhRcYgQdqC2ygug2,200,false
,KG9Pba3wEih0TBi9XNHT4pI25V42,-O2iRso2iyzmadqIfVbD,-O2iSJxW236KMyApWe0f,r81eaF32dKNviefmtozL4sD6eEk1,300,false
,KG9Pba3wEih0TBi9XNHT4pI25V42,-O2iRso2iyzmadqIfVbD,-O2iT4IXCgbFFbsoUOyi,r81eaF32dKNviefmtozL4sD6eEk1,300,false
,KG9Pba3wEih0TBi9XNHT4pI25V42,-O08Scdjlm_JdR5aBA18,-O08X4OjSysslQtCnSef,rTZ82KNjL9MvtTXMxwbB9zvwdwd2,200,false
,KG9Pba3wEih0TBi9XNHT4pI25V42,-O08Scdjlm_JdR5aBA18,-O08TRGdveTR1ACscEE-,rTZ82KNjL9MvtTXMxwbB9zvwdwd2,300,false
,KG9Pba3wEih0TBi9XNHT4pI25V42,-O08Scdjlm_JdR5aBA18,-O08V9lYBzmXGZyY06NI,rTZ82KNjL9MvtTXMxwbB9zvwdwd2,300,false
,KG9Pba3wEih0TBi9XNHT4pI25V42,-NyPT5X9y1d-Hfu3x4Kk,-NyPVtvtbnR17UIyzC3r,unx7JeTSE9cEGdBknsaCP6fOn722,350,false
,KG9Pba3wEih0TBi9XNHT4pI25V42,-O08Scdjlm_JdR5aBA18,-O08VSmx--lFsgHdaDAi,rTZ82KNjL9MvtTXMxwbB9zvwdwd2,300,false
,KG9Pba3wEih0TBi9XNHT4pI25V42,-NzhxakpJN9VUjNaxkDc,-Nzhy-U3IfUfhWdH4Rkg,620bfUxARUQVZ0ojmGsBpquUPfq1,300,false
,KG9Pba3wEih0TBi9XNHT4pI25V42,-N8wrJ7SvHAC_pStTMIM,-N8wsmL2_lyB6oYgJTuO,Ub1KaSccZFRDLrvC0w2kDp5U2lh1,300,false
,KG9Pba3wEih0TBi9XNHT4pI25V42,-O85f_8vXT7G7-THmWlc,-O85giMK_SLtmAlEpEj0,y9qvolAXr7gMyva1KIcJBE755O22,300,false
,KG9Pba3wEih0TBi9XNHT4pI25V42,-NrG3htiQeFdwRH5uWDN,-NrG6DDd-74GAp1oKsuu,xHcliQYMBfgbzHIuRdPllX51oAn2,350,false
,KG9Pba3wEih0TBi9XNHT4pI25V42,-Nl7ldAXg-HYEu5UMywi,-Nl7nGED9NfHgbo65J6t,PWKSGWGdpiXqA9G9wSNtP3WqG8X2,300,false
,KG9Pba3wEih0TBi9XNHT4pI25V42,-O4AuNoq6t8ZB3Y97B8z,-O4EYI6OgFQiJkY2ZhYq,c7srj80ovoVtqSOwZBm1ppBO68a2,300,false
,KG9Pba3wEih0TBi9XNHT4pI25V42,-O3lSfIeS08GM2ivPHvw,-O3lU73vihDJ-tkjb1W7,zUbjejEygcOo1OhxGJ6EjSv3lnJ2,350,false
,KG9Pba3wEih0TBi9XNHT4pI25V42,-NmC18VrA8CeragiVGu8,-NmC3zHKWpUgOPi-vIMv,3mm7aGTXuzdsZYMkt3gHCNpNRaK2,300,false
,KG9Pba3wEih0TBi9XNHT4pI25V42,-NcXs2ErKckrr89Qsdf_,-NcXu2OMUrzqZKduQwRD,Em5ikAsNyIWtFq0uXd2kkiKGj9o2,300,false
,KG9Pba3wEih0TBi9XNHT4pI25V42,-NuxvYr1fBsTVLRsQA9W,-Nuy4LGxCcAs8zve4aOd,CY66dBxwLYYUNpOCm6CLHv8ZMXi2,350,false
,KG9Pba3wEih0TBi9XNHT4pI25V42,-NuxvYr1fBsTVLRsQA9W,-Nuy4l2lM1T_niaKwcqQ,KDusUqVd0gUBN4sCjmpIXU1Hx912,350,false
,KG9Pba3wEih0TBi9XNHT4pI25V42,-NuxvYr1fBsTVLRsQA9W,-Nuy5AYko7iKrmJKws7z,CY66dBxwLYYUNpOCm6CLHv8ZMXi2,200,false
,KG9Pba3wEih0TBi9XNHT4pI25V42,-O4A69NIczhDVSOvO-bK,-O4A6vAjWhTh4c66lozl,W4zM5c0XmNfv11Z7mXQIjkP1QE82,300,false
,KG9Pba3wEih0TBi9XNHT4pI25V42,-Nt0dCRS9khradpJF5zd,-Nt0dk7NbHkuHI8_DjTA,WspdfiF7xEXYQIYQvv6z1npwAXJ3,300,false
,KG9Pba3wEih0TBi9XNHT4pI25V42,-Nt0dCRS9khradpJF5zd,-Nt0e8w14Zy1GHbUCF5T,WspdfiF7xEXYQIYQvv6z1npwAXJ3,300,false
,KG9Pba3wEih0TBi9XNHT4pI25V42,-Nl7ldAXg-HYEu5UMywi,-Nl7qBavtazhQ8colX4P,pviSke2nXfXUF8lq5UjHOSxkQGA3,300,false
,KG9Pba3wEih0TBi9XNHT4pI25V42,-NrG3htiQeFdwRH5uWDN,-NrG7hiiHcPoz2vy0EwF,6qo6b1tqFHfKmdA0JMRiRXa68Ym1,200,false
,KG9Pba3wEih0TBi9XNHT4pI25V42,-NmC7GdJysF695FFzZap,-NmC8seXEhZzMfrk_a5t,UxWEKrM4LygMfc5jHsRyYtFcoIt1,300,false
,KG9Pba3wEih0TBi9XNHT4pI25V42,-NoVk5Kd7SDp2FKbe2Jr,-NoVnK4HclG1KSpRyrTk,5thBaBZMEmdtt6Ny7mY60v3redb2,200,false
,KG9Pba3wEih0TBi9XNHT4pI25V42,-O85f_8vXT7G7-THmWlc,-O85hV3L99V3Phl3GM9W,y9qvolAXr7gMyva1KIcJBE755O22,200,false
,KG9Pba3wEih0TBi9XNHT4pI25V42,-O5s3Rd4oAvokOAYSy_4,-O5s4nhsunLWLU2x5iy6,QpNynavALeRphpqE2Ce8iK4aCbv2,300,false
,KG9Pba3wEih0TBi9XNHT4pI25V42,-O4A69NIczhDVSOvO-bK,-O4A7eTwQIItyzde7fnW,W4zM5c0XmNfv11Z7mXQIjkP1QE82,300,false
,KG9Pba3wEih0TBi9XNHT4pI25V42,-Nt0dCRS9khradpJF5zd,-Nt0eVtg7KrpUToZc6p7,fQztXtt9StZq2Dy8L6kWYoDVvYG3,300,false
,KG9Pba3wEih0TBi9XNHT4pI25V42,-NzhxakpJN9VUjNaxkDc,-NzhyWA4d2EoN1Y6-s-G,zeopxzGFVpTDsEfM5IYTYoPdS4y1,300,false
,KG9Pba3wEih0TBi9XNHT4pI25V42,-MvW5gwdK1MOWBE3u7g6,-MvW5gwdK1MOWBE3u7g9,zuVwQRoZxxTgJNxlzYa2dIIwwna2,300,false
,KG9Pba3wEih0TBi9XNHT4pI25V42,-O4A69NIczhDVSOvO-bK,-O4A6vAjWhTh4c66lozl,W4zM5c0XmNfv11Z7mXQIjkP1QE82,300,false
,KG9Pba3wEih0TBi9XNHT4pI25V42,-O08vVh_sepkZWWYtBMO,-O08yCp4I32zV8Lv4yeV,XWjQitUh0eT8zFThl08AJo9yU4K2,200,false
,KG9Pba3wEih0TBi9XNHT4pI25V42,-O2iRso2iyzmadqIfVbD,-O2iTpSXiRJciOBtrbQr,r81eaF32dKNviefmtozL4sD6eEk1,160,false
,KG9Pba3wEih0TBi9XNHT4pI25V42,-O2OF229tBkgX-nhToQ8,-O2OG6he4G6anOmfvIyZ,hhRLQm2lrVZP6tj3kgVFFMNxeFo1,300,false
,KG9Pba3wEih0TBi9XNHT4pI25V42,-O4A69NIczhDVSOvO-bK,-O4A7JRtUlLTg8YqAY37,W4zM5c0XmNfv11Z7mXQIjkP1QE82,300,false
,KG9Pba3wEih0TBi9XNHT4pI25V42,-O2iRso2iyzmadqIfVbD,-O2iT4IXCgbFFbsoUOyi,VYrGgKXhvWWSkC5I0XWZQui484o2,300,false
,KG9Pba3wEih0TBi9XNHT4pI25V42,-Nz8gz69kcJhEvw7yuiK,-Nz8rmI_FZ1gY_-RtCgA,qfu7IPPcCyXFoV1Gn1sToYfq5F63,260,false
,KG9Pba3wEih0TBi9XNHT4pI25V42,-Nz8gz69kcJhEvw7yuiK,-Nz8sbgEhTGqoDwMyKrG,qfu7IPPcCyXFoV1Gn1sToYfq5F63,260,false
,KG9Pba3wEih0TBi9XNHT4pI25V42,-O08Scdjlm_JdR5aBA18,-O08WDcPi1su6xlGGOtO,rTZ82KNjL9MvtTXMxwbB9zvwdwd2,200,false
,KG9Pba3wEih0TBi9XNHT4pI25V42,-O5s3Rd4oAvokOAYSy_4,-O5s5A6AG8VhjGy-P_fb,QpNynavALeRphpqE2Ce8iK4aCbv2,300,false
,KG9Pba3wEih0TBi9XNHT4pI25V42,-O4AuNoq6t8ZB3Y97B8z,-O4Auvq9kM2Gmns-_04r,c7srj80ovoVtqSOwZBm1ppBO68a2,300,false
,KG9Pba3wEih0TBi9XNHT4pI25V42,-O4AuNoq6t8ZB3Y97B8z,-O4E_Dfaz8ma9_RHg-K_,c7srj80ovoVtqSOwZBm1ppBO68a2,200,false
,KG9Pba3wEih0TBi9XNHT4pI25V42,-NmC18VrA8CeragiVGu8,-NmC4TFQCahBPwfbBz5Z,3mm7aGTXuzdsZYMkt3gHCNpNRaK2,200,false
,KG9Pba3wEih0TBi9XNHT4pI25V42,-NcXs2ErKckrr89Qsdf_,-NcY5rPmaKnN70Drwi4L,Em5ikAsNyIWtFq0uXd2kkiKGj9o2,200,false
,KG9Pba3wEih0TBi9XNHT4pI25V42,-O2OF229tBkgX-nhToQ8,-O2OI4Gk2d7_r8lOojX1,hhRLQm2lrVZP6tj3kgVFFMNxeFo1,200,false
,KG9Pba3wEih0TBi9XNHT4pI25V42,-N_rA4HA5hBTTHe_RVRK,-N_rEGL1tgsluDWD6ex-,buVIN7mLFlbguUi3KbkaHWiyQ8c2,300,false
,KG9Pba3wEih0TBi9XNHT4pI25V42,-MvW5gwdK1MOWBE3u7g6,-MvW5gwdK1MOWBE3u7g8,m5puK6l7kCgk0jSplfTQFoiy1I63,300,false
,KG9Pba3wEih0TBi9XNHT4pI25V42,-N_rA4HA5hBTTHe_RVRK,-N_rDAV9dkG0PMBxLE69,Q0ZuQyaLrsVOxy1BQ8uSyNWgyIM2,300,false
,KG9Pba3wEih0TBi9XNHT4pI25V42,-N_rA4HA5hBTTHe_RVRK,-N_rS8ZhDu5VOuFPVl4D,buVIN7mLFlbguUi3KbkaHWiyQ8c2,300,false
,KG9Pba3wEih0TBi9XNHT4pI25V42,-Nz8gz69kcJhEvw7yuiK,-Nz8tJF34Bks4HiPLqb3,qfu7IPPcCyXFoV1Gn1sToYfq5F63,40,false
,KG9Pba3wEih0TBi9XNHT4pI25V42,-Nz8gz69kcJhEvw7yuiK,-Nz8tbsNgSMTHHogrwO3,qfu7IPPcCyXFoV1Gn1sToYfq5F63,40,false
,KG9Pba3wEih0TBi9XNHT4pI25V42,-Nc6Oh9qfA9ThSW4lbxv,-Nc6QJoVKBMMQDLBFT37,vfGuQaRC2KQpAi1VoysrG3JyJR52,300,false
,KG9Pba3wEih0TBi9XNHT4pI25V42,-Nc6Oh9qfA9ThSW4lbxv,-Nc6REiQl4nV4AXPxknu,mTv2hnfclfSBh5jAQgUKuVf75kN2,300,false
,KG9Pba3wEih0TBi9XNHT4pI25V42,-Nc6Oh9qfA9ThSW4lbxv,-Nc6QoTKmZndH7XV17Dj,mTv2hnfclfSBh5jAQgUKuVf75kN2,300,false
,KG9Pba3wEih0TBi9XNHT4pI25V42,-O2iCO-kMj1e3jLBhk3I,-O2iMdXQsSAmK0lohefp,oXqZ0ZlQsLcTSPY8UOyukVWaYuG3,300,false
,KG9Pba3wEih0TBi9XNHT4pI25V42,-O4A69NIczhDVSOvO-bK,-O4A7eTwQIItyzde7fnW,W4zM5c0XmNfv11Z7mXQIjkP1QE82,300,false
,KG9Pba3wEih0TBi9XNHT4pI25V42,-O4A69NIczhDVSOvO-bK,-O4A9Zu1SvZjXrQoQyrl,W4zM5c0XmNfv11Z7mXQIjkP1QE82,200,false
,KG9Pba3wEih0TBi9XNHT4pI25V42,-NyZD8bzYBvRicskkW1I,-NyZDYOxjq2OMCHPQHm8,LiFOrD73diQxqWFALmlbObJVzaD2,350,false
,KG9Pba3wEih0TBi9XNHT4pI25V42,-NmC18VrA8CeragiVGu8,-NmC27wH2iBooJJtQVsG,CkAlYPyIA4ZFYKr8nLVtcasQmJM2,300,false
,KG9Pba3wEih0TBi9XNHT4pI25V42,-NmC18VrA8CeragiVGu8,-NmC3zHKWpUgOPi-vIMv,CkAlYPyIA4ZFYKr8nLVtcasQmJM2,300,false
,KG9Pba3wEih0TBi9XNHT4pI25V42,-Nz8gz69kcJhEvw7yuiK,-Nz8syGdcIwPn3fkc82I,qfu7IPPcCyXFoV1Gn1sToYfq5F63,260,false
,KG9Pba3wEih0TBi9XNHT4pI25V42,-NzhxakpJN9VUjNaxkDc,-NzhzJUAI8an8rhRhrHl,jyZNOnagbVcBjEJ37GmNy5gFHeg1,300,false
,KG9Pba3wEih0TBi9XNHT4pI25V42,-NmC18VrA8CeragiVGu8,-NmC2faARSqpAG6okYEj,7vD2TnkND0SKzkvRE5Q3g1dQfid2,300,false
,KG9Pba3wEih0TBi9XNHT4pI25V42,-NyPT5X9y1d-Hfu3x4Kk,-Nz7drF8d4_W3PsoXA87,unx7JeTSE9cEGdBknsaCP6fOn722,200,false
,KG9Pba3wEih0TBi9XNHT4pI25V42,-O08vVh_sepkZWWYtBMO,-O08wG3qCuMaBM2jUzna,Um7ukvX6WgX7IhV9IISWypHOqww1,300,false
,KG9Pba3wEih0TBi9XNHT4pI25V42,-O2iCO-kMj1e3jLBhk3I,-O2iLafmghSVp3Dx_p0V,oXqZ0ZlQsLcTSPY8UOyukVWaYuG3,300,false
,KG9Pba3wEih0TBi9XNHT4pI25V42,-NzhxakpJN9VUjNaxkDc,-O3gb-6Y39mzH6rLXIV0,yrkJoIfYniVPyVIz7it4OmO00fo1,300,false
,KG9Pba3wEih0TBi9XNHT4pI25V42,-O08Scdjlm_JdR5aBA18,-O08X4OjSysslQtCnSef,6qVcowUNy3XrWUmZwpXjMxegLsy2,200,false
,KG9Pba3wEih0TBi9XNHT4pI25V42,-O08vVh_sepkZWWYtBMO,-O08xSuDFCHuFY5S4x7d,Um7ukvX6WgX7IhV9IISWypHOqww1,300,false
,KG9Pba3wEih0TBi9XNHT4pI25V42,-O2iRso2iyzmadqIfVbD,-O2iSiCZ3n_IDeoNr9Sj,r81eaF32dKNviefmtozL4sD6eEk1,300,false
,KG9Pba3wEih0TBi9XNHT4pI25V42,-NmC7GdJysF695FFzZap,-NmC8seXEhZzMfrk_a5t,YWe0kX3vJHMGqIfva8UWFO5dhwh2,300,false
,KG9Pba3wEih0TBi9XNHT4pI25V42,-Nl7ldAXg-HYEu5UMywi,-Nl7qBavtazhQ8colX4P,GOjAxJpO42O3TyaExA1hEpKBVIv2,300,false
,KG9Pba3wEih0TBi9XNHT4pI25V42,-Nl7ldAXg-HYEu5UMywi,-Nl7nGED9NfHgbo65J6t,GOjAxJpO42O3TyaExA1hEpKBVIv2,300,false
,KG9Pba3wEih0TBi9XNHT4pI25V42,-O3lSfIeS08GM2ivPHvw,-O3lTHRbe8YhqeVxbo4P,zUbjejEygcOo1OhxGJ6EjSv3lnJ2,350,false
,KG9Pba3wEih0TBi9XNHT4pI25V42,-O2iRso2iyzmadqIfVbD,-O2iTSjZ967VPuSGP8ME,VYrGgKXhvWWSkC5I0XWZQui484o2,160,false
,KG9Pba3wEih0TBi9XNHT4pI25V42,-NzhxakpJN9VUjNaxkDc,-Nzhy-U3IfUfhWdH4Rkg,POZcmVr3h9QgFhxaYYZ2k119ReP2,300,false
,KG9Pba3wEih0TBi9XNHT4pI25V42,-O4AuNoq6t8ZB3Y97B8z,-O4EXdcpnqNz8nBaFfoS,bpBNak5Ry7O0jDugnwpZ6p64fEj1,300,false
,KG9Pba3wEih0TBi9XNHT4pI25V42,-N_rA4HA5hBTTHe_RVRK,-N_rGE42e0Hz2PjYOWuX,Mz8KQMEn1edlXZ4ky42ae8Lh70g2,200,false
,KG9Pba3wEih0TBi9XNHT4pI25V42,-O4A69NIczhDVSOvO-bK,-O4A8U3FC8qU3Y1efNl9,W4zM5c0XmNfv11Z7mXQIjkP1QE82,200,false
,KG9Pba3wEih0TBi9XNHT4pI25V42,-Nz8gz69kcJhEvw7yuiK,-Nz8tzF8mnIGB4W3X0tp,qfu7IPPcCyXFoV1Gn1sToYfq5F63,40,false
,KG9Pba3wEih0TBi9XNHT4pI25V42,-MvW5gwdK1MOWBE3u7g6,-MvW5gweqPowDXKXA3c1,m5puK6l7kCgk0jSplfTQFoiy1I63,200,false
,KG9Pba3wEih0TBi9XNHT4pI25V42,-O08vVh_sepkZWWYtBMO,-O08wzXd6faohj_jfp2v,jaja3qXxLaMd0hUBavw08OwPFrV2,300,false
,KG9Pba3wEih0TBi9XNHT4pI25V42,-NyVaxBHWh_fOMAilGLc,-NyZC8-DHEABcexQ52Ih,N23UiSmArJPx93m3Udwi02QblkW2,350,false
,KG9Pba3wEih0TBi9XNHT4pI25V42,-Nzhrmf0iuIlOwL7OxlM,-NzhtT8zbN9PIqu0RgQ0,JjgK259ffIYREcCanlAIYEvUhNr1,300,false
,KG9Pba3wEih0TBi9XNHT4pI25V42,-Nzhrmf0iuIlOwL7OxlM,-Nzht5CMNinGqP-HpxQX,JjgK259ffIYREcCanlAIYEvUhNr1,300,false
,KG9Pba3wEih0TBi9XNHT4pI25V42,-O4A69NIczhDVSOvO-bK,-O4A7JRtUlLTg8YqAY37,W4zM5c0XmNfv11Z7mXQIjkP1QE82,300,false
,KG9Pba3wEih0TBi9XNHT4pI25V42,-O4A69NIczhDVSOvO-bK,-O4A6vAjWhTh4c66lozl,W4zM5c0XmNfv11Z7mXQIjkP1QE82,300,false
,KG9Pba3wEih0TBi9XNHT4pI25V42,-Nl7ldAXg-HYEu5UMywi,-Nl7p0MqMy8IsomQju4P,by6lCOqYH8hyoJDJs8IffjoVKd22,300,false
,KG9Pba3wEih0TBi9XNHT4pI25V42,-Nc6Oh9qfA9ThSW4lbxv,-Nc6QJoVKBMMQDLBFT37,5vjF6PkzV1QJTgqEJorjt4G9hAl2,300,false
,KG9Pba3wEih0TBi9XNHT4pI25V42,-N_rA4HA5hBTTHe_RVRK,-N_rSiKs82A4VHNArXvf,Q0ZuQyaLrsVOxy1BQ8uSyNWgyIM2,200,false
,KG9Pba3wEih0TBi9XNHT4pI25V42,-NmC7GdJysF695FFzZap,-NmC8seXEhZzMfrk_a5t,YWe0kX3vJHMGqIfva8UWFO5dhwh2,300,false
,KG9Pba3wEih0TBi9XNHT4pI25V42,-O2iCO-kMj1e3jLBhk3I,-O2iMdXQsSAmK0lohefp,oXqZ0ZlQsLcTSPY8UOyukVWaYuG3,300,false
,KG9Pba3wEih0TBi9XNHT4pI25V42,-N_rA4HA5hBTTHe_RVRK,-N_rI7ojBZ1mVQa0ySaf,buVIN7mLFlbguUi3KbkaHWiyQ8c2,200,false
,KG9Pba3wEih0TBi9XNHT4pI25V42,-O2iCO-kMj1e3jLBhk3I,-O2iQT9IVA_zi2aTrcgv,oXqZ0ZlQsLcTSPY8UOyukVWaYuG3,200,false
,KG9Pba3wEih0TBi9XNHT4pI25V42,-O4A69NIczhDVSOvO-bK,-O4A7eTwQIItyzde7fnW,W4zM5c0XmNfv11Z7mXQIjkP1QE82,300,false
,KG9Pba3wEih0TBi9XNHT4pI25V42,-O4A69NIczhDVSOvO-bK,-O4A85C6M_apBWLikX84,W4zM5c0XmNfv11Z7mXQIjkP1QE82,200,false
,KG9Pba3wEih0TBi9XNHT4pI25V42,-O3lSfIeS08GM2ivPHvw,-O3lU73vihDJ-tkjb1W7,zUbjejEygcOo1OhxGJ6EjSv3lnJ2,350,false
,KG9Pba3wEih0TBi9XNHT4pI25V42,-O3lSfIeS08GM2ivPHvw,-O3lTdZLuXvPWQ5W3cyg,zUbjejEygcOo1OhxGJ6EjSv3lnJ2,350,false
,KG9Pba3wEih0TBi9XNHT4pI25V42,-NzhxakpJN9VUjNaxkDc,-NzhyWA4d2EoN1Y6-s-G,OruIPd84XwNQfqrUtPpK3iWj0Qv2,300,false
,KG9Pba3wEih0TBi9XNHT4pI25V42,-NzhxakpJN9VUjNaxkDc,-NzhysuNuXLLjQPuspd-,OruIPd84XwNQfqrUtPpK3iWj0Qv2,300,false
,KG9Pba3wEih0TBi9XNHT4pI25V42,-Nc6Oh9qfA9ThSW4lbxv,-Nc6Rn483ku8JuI8KTnm,mTv2hnfclfSBh5jAQgUKuVf75kN2,200,false
,KG9Pba3wEih0TBi9XNHT4pI25V42,-O2iRso2iyzmadqIfVbD,-O2iT4IXCgbFFbsoUOyi,NBU75xuYgIXjIfk0kBeDQ92MEA03,300,false
,KG9Pba3wEih0TBi9XNHT4pI25V42,-Nc6UA9Hl08A7BFSuNAc,-Nc6VTOrX-7LXkDnK1PC,UbpBbrzrAqfGYdyuggmaWj3MRT63,300,false
,KG9Pba3wEih0TBi9XNHT4pI25V42,-Nc6UA9Hl08A7BFSuNAc,-Nc6V0X6OIQrhj8c84Mw,UbpBbrzrAqfGYdyuggmaWj3MRT63,300,false
,KG9Pba3wEih0TBi9XNHT4pI25V42,-O08Scdjlm_JdR5aBA18,-O08WetfDgMEbuIKjnxo,rTZ82KNjL9MvtTXMxwbB9zvwdwd2,200,false
,KG9Pba3wEih0TBi9XNHT4pI25V42,-NmC18VrA8CeragiVGu8,-NmC2faARSqpAG6okYEj,7vD2TnkND0SKzkvRE5Q3g1dQfid2,300,false
,KG9Pba3wEih0TBi9XNHT4pI25V42,-O08Scdjlm_JdR5aBA18,-O08Vq6SVkj8UemuXMFg,rTZ82KNjL9MvtTXMxwbB9zvwdwd2,200,false
,KG9Pba3wEih0TBi9XNHT4pI25V42,-NmC18VrA8CeragiVGu8,-NmC5J_583iJk4ArlvBh,7vD2TnkND0SKzkvRE5Q3g1dQfid2,200,false
,KG9Pba3wEih0TBi9XNHT4pI25V42,-Nzhrmf0iuIlOwL7OxlM,-NzhshtG_h2SG96Qhobf,a9zJBXtQU4UCe3J0Aj6aIgRn6tr2,300,false
,KG9Pba3wEih0TBi9XNHT4pI25V42,-Nt0dCRS9khradpJF5zd,-Nt0f94vJLCgbmyZBskU,WspdfiF7xEXYQIYQvv6z1npwAXJ3,200,false
,KG9Pba3wEih0TBi9XNHT4pI25V42,-O2iRso2iyzmadqIfVbD,-O2iSJxW236KMyApWe0f,r81eaF32dKNviefmtozL4sD6eEk1,300,false
,KG9Pba3wEih0TBi9XNHT4pI25V42,-O08vVh_sepkZWWYtBMO,-O08we8MtTu5y6dHv9RH,RalxQxHrtvflzKQlRgnfeiFeyVt2,300,false
,KG9Pba3wEih0TBi9XNHT4pI25V42,-Nzhrmf0iuIlOwL7OxlM,-NzhtvWUSkU3Hchvt1Fp,JjgK259ffIYREcCanlAIYEvUhNr1,300,false
,KG9Pba3wEih0TBi9XNHT4pI25V42,-O08vVh_sepkZWWYtBMO,-O08vsqJMhBWrNKTuKiS,ujRmBpL2w1bRfp6CoS2zAcnsacr2,300,false
,KG9Pba3wEih0TBi9XNHT4pI25V42,-NikJ-sBrcRBMSF0jgFo,-NikKDH65SXjmZM5nj7g,4qpjHqWGxBVRircldaLbMbykVHs2,300,false
,KG9Pba3wEih0TBi9XNHT4pI25V42,-O7mAuYTaeRX9n5j3Nuy,-O7mCbz8FUXkz_fhCbWV,GP5WzDwvMIWkMcB1FhNOUnc2G462,280,false
,KG9Pba3wEih0TBi9XNHT4pI25V42,-O2OF229tBkgX-nhToQ8,-O2OFlD0FivMgNFq6m0C,gangA16HKJMqzW6Bc1FRcXnnC1B3,300,false
,KG9Pba3wEih0TBi9XNHT4pI25V42,-O2iRso2iyzmadqIfVbD,-O2iSiCZ3n_IDeoNr9Sj,gtu2u0ZYBTh4cnxUzAaM9ZU1WMZ2,300,false
,KG9Pba3wEih0TBi9XNHT4pI25V42,-O-1Cyu-zBSt-dIFoblE,-O-1FmAoeLjT-YSDRXuk,1gGzMXxa8mRjJmRNlZSekOpiBRJ3,330,false
,KG9Pba3wEih0TBi9XNHT4pI25V42,-O2iCO-kMj1e3jLBhk3I,-O2iOJOegpQYTQLR1sXw,oXqZ0ZlQsLcTSPY8UOyukVWaYuG3,200,false
,KG9Pba3wEih0TBi9XNHT4pI25V42,-O2iCO-kMj1e3jLBhk3I,-O2iP12-s0wTyHg-nNUr,oXqZ0ZlQsLcTSPY8UOyukVWaYuG3,200,false
,KG9Pba3wEih0TBi9XNHT4pI25V42,-NmC18VrA8CeragiVGu8,-NmC6Txocmq8GZ4cO7H6,CkAlYPyIA4ZFYKr8nLVtcasQmJM2,200,false
,KG9Pba3wEih0TBi9XNHT4pI25V42,-NmC18VrA8CeragiVGu8,-NmC4TFQCahBPwfbBz5Z,CkAlYPyIA4ZFYKr8nLVtcasQmJM2,200,false
,KG9Pba3wEih0TBi9XNHT4pI25V42,-NcXs2ErKckrr89Qsdf_,-NcXu2OMUrzqZKduQwRD,Em5ikAsNyIWtFq0uXd2kkiKGj9o2,300,false
,KG9Pba3wEih0TBi9XNHT4pI25V42,-O2iCO-kMj1e3jLBhk3I,-O2iM7WL6efm2x91FehE,oXqZ0ZlQsLcTSPY8UOyukVWaYuG3,300,false
,KG9Pba3wEih0TBi9XNHT4pI25V42,-NyPQFt54nlNBW3puYIA,-NyPUlupQ6jBxywhUH63,5Cs2g0Sbaqbzc3QouNrhNMAyuZw2,350,false
,KG9Pba3wEih0TBi9XNHT4pI25V42,-O-1Cyu-zBSt-dIFoblE,-O-1FT1G9MctcDJXgW4v,1gGzMXxa8mRjJmRNlZSekOpiBRJ3,330,false
,KG9Pba3wEih0TBi9XNHT4pI25V42,-NyPT5X9y1d-Hfu3x4Kk,-NyPWC_RvPFq8GLBm-5W,unx7JeTSE9cEGdBknsaCP6fOn722,350,false
,KG9Pba3wEih0TBi9XNHT4pI25V42,-NzhxakpJN9VUjNaxkDc,-NzhzJUAI8an8rhRhrHl,yrkJoIfYniVPyVIz7it4OmO00fo1,300,false
,KG9Pba3wEih0TBi9XNHT4pI25V42,-Nl7ldAXg-HYEu5UMywi,-Nl7qo73b_M6fJHtWMeB,by6lCOqYH8hyoJDJs8IffjoVKd22,200,false
,KG9Pba3wEih0TBi9XNHT4pI25V42,-Nzhrmf0iuIlOwL7OxlM,-NzhshtG_h2SG96Qhobf,JjgK259ffIYREcCanlAIYEvUhNr1,300,false
,KG9Pba3wEih0TBi9XNHT4pI25V42,-O08vVh_sepkZWWYtBMO,-O08zgddF2Y5hb31ggP0,Um7ukvX6WgX7IhV9IISWypHOqww1,200,false
,KG9Pba3wEih0TBi9XNHT4pI25V42,-NzhxakpJN9VUjNaxkDc,-NzhzyFXDKVfO12DZ_wF,jbC6Kda1Pmcfbeqt9l9YlqxJzyx2,200,false
,KG9Pba3wEih0TBi9XNHT4pI25V42,-NikJ-sBrcRBMSF0jgFo,-NikKlkgG8STENhi1-RG,4qpjHqWGxBVRircldaLbMbykVHs2,300,false
,KG9Pba3wEih0TBi9XNHT4pI25V42,-O2iCO-kMj1e3jLBhk3I,-O2iLafmghSVp3Dx_p0V,n5Ncx71bFmdb8KG8fNABhyiJrjF2,300,false
,KG9Pba3wEih0TBi9XNHT4pI25V42,-NcXs2ErKckrr89Qsdf_,-NcXu_7aEPbNNzccZoQf,Em5ikAsNyIWtFq0uXd2kkiKGj9o2,300,false
,KG9Pba3wEih0TBi9XNHT4pI25V42,-NrG3htiQeFdwRH5uWDN,-NrG7GTRtvB4HNgk14D_,qKCkqUqofJgg5Rizcq5Kmy6t5Q22,350,false
,KG9Pba3wEih0TBi9XNHT4pI25V42,-Nt0dCRS9khradpJF5zd,-Nt0eVtg7KrpUToZc6p7,FDdGg7jW1nemt0MPYIgebCNfOog1,300,false
,KG9Pba3wEih0TBi9XNHT4pI25V42,-MvW5gwdK1MOWBE3u7g6,-MvW5gwdK1MOWBE3u7g7,tN753KCLnVZLZrja5cvdnopT1s23,300,false
,KG9Pba3wEih0TBi9XNHT4pI25V42,-O4A69NIczhDVSOvO-bK,-O4A7JRtUlLTg8YqAY37,W4zM5c0XmNfv11Z7mXQIjkP1QE82,300,false
,KG9Pba3wEih0TBi9XNHT4pI25V42,-NoVk5Kd7SDp2FKbe2Jr,-NoVl05cwblKySdgw3ES,5thBaBZMEmdtt6Ny7mY60v3redb2,300,false
,KG9Pba3wEih0TBi9XNHT4pI25V42,-NoVk5Kd7SDp2FKbe2Jr,-NoVlNhdzUovGOIM7iut,5thBaBZMEmdtt6Ny7mY60v3redb2,300,false
,KG9Pba3wEih0TBi9XNHT4pI25V42,-Nt0dCRS9khradpJF5zd,-Nt0e8w14Zy1GHbUCF5T,RIoigrReXAZyuQ32KtjpS2A5g0t2,300,false
,KG9Pba3wEih0TBi9XNHT4pI25V42,-O4AuNoq6t8ZB3Y97B8z,-O4E_Dfaz8ma9_RHg-K_,c7srj80ovoVtqSOwZBm1ppBO68a2,200,false
,KG9Pba3wEih0TBi9XNHT4pI25V42,-NyPQFt54nlNBW3puYIA,-NyPURUWwgu2qwP-H-fL,dMSR2XUgFfNZLwj5aKR6DzaBLFz2,350,false
,KG9Pba3wEih0TBi9XNHT4pI25V42,-NyPQFt54nlNBW3puYIA,-NyPV7vWjYaxVX_1Gzfo,dMSR2XUgFfNZLwj5aKR6DzaBLFz2,350,false
,KG9Pba3wEih0TBi9XNHT4pI25V42,-O08Scdjlm_JdR5aBA18,-O08TRGdveTR1ACscEE-,rTZ82KNjL9MvtTXMxwbB9zvwdwd2,300,false
,KG9Pba3wEih0TBi9XNHT4pI25V42,-Nl7ldAXg-HYEu5UMywi,-Nl7nGED9NfHgbo65J6t,hlWcsckMbWQhXWRSGiNFaFE8OH82,300,false
,KG9Pba3wEih0TBi9XNHT4pI25V42,-NZZuJzST4E62TJ_gPvq,-N_rrSXRo2PyFR5D6qjQ,vsHBhj5EtrSUxX9WWQtcZIrIZeh2,300,false
,KG9Pba3wEih0TBi9XNHT4pI25V42,-Nt0dCRS9khradpJF5zd,-Nt0dk7NbHkuHI8_DjTA,bRH0etINPlbacZGWuH83kwDwIB02,300,false
,KG9Pba3wEih0TBi9XNHT4pI25V42,-NZZuJzST4E62TJ_gPvq,-N_rruIq0BgOu7VCPENp,vsHBhj5EtrSUxX9WWQtcZIrIZeh2,300,false
,KG9Pba3wEih0TBi9XNHT4pI25V42,-NmC18VrA8CeragiVGu8,-NmC27wH2iBooJJtQVsG,zbgJ4NWgIcc63Sza93Bz9RjGSlA3,300,false
,KG9Pba3wEih0TBi9XNHT4pI25V42,-NmC18VrA8CeragiVGu8,-NmC3zHKWpUgOPi-vIMv,zbgJ4NWgIcc63Sza93Bz9RjGSlA3,300,false
,KG9Pba3wEih0TBi9XNHT4pI25V42,-NzhxakpJN9VUjNaxkDc,-O3gb-6Y39mzH6rLXIV0,n0YaJgkRpkNxVz54bg50sWb1vmJ2,300,false
,KG9Pba3wEih0TBi9XNHT4pI25V42,-O08vVh_sepkZWWYtBMO,-O08wG3qCuMaBM2jUzna,ZhLIwvJN0xaJSaGQvvvo8hlmUVi2,300,false
,KG9Pba3wEih0TBi9XNHT4pI25V42,-Nc6Oh9qfA9ThSW4lbxv,-Nc6SB-qZZbutYeS2rPK,5vjF6PkzV1QJTgqEJorjt4G9hAl2,200,false
,KG9Pba3wEih0TBi9XNHT4pI25V42,-Nzhrmf0iuIlOwL7OxlM,-Nzht5CMNinGqP-HpxQX,JjgK259ffIYREcCanlAIYEvUhNr1,300,false
,KG9Pba3wEih0TBi9XNHT4pI25V42,-O08vVh_sepkZWWYtBMO,-O08wzXd6faohj_jfp2v,WC4bBBtqXQdEWTivonY452sCdvv1,300,false
,KG9Pba3wEih0TBi9XNHT4pI25V42,-O08vVh_sepkZWWYtBMO,-O08xSuDFCHuFY5S4x7d,E5mC3lC4JiY67WLItRmlqFcZK7L2,300,false
,KG9Pba3wEih0TBi9XNHT4pI25V42,-O4A69NIczhDVSOvO-bK,-O4A6vAjWhTh4c66lozl,W4zM5c0XmNfv11Z7mXQIjkP1QE82,300,false
,KG9Pba3wEih0TBi9XNHT4pI25V42,-O7mAuYTaeRX9n5j3Nuy,-O7mCxZoracdLc3kQdG3,GP5WzDwvMIWkMcB1FhNOUnc2G462,200,false
,KG9Pba3wEih0TBi9XNHT4pI25V42,-O4A69NIczhDVSOvO-bK,-O4A9Zu1SvZjXrQoQyrl,W4zM5c0XmNfv11Z7mXQIjkP1QE82,200,false
,KG9Pba3wEih0TBi9XNHT4pI25V42,-NzhxakpJN9VUjNaxkDc,-O3gbqoWJRkhFhgcVdGi,POZcmVr3h9QgFhxaYYZ2k119ReP2,200,false
,KG9Pba3wEih0TBi9XNHT4pI25V42,-NikJ-sBrcRBMSF0jgFo,-NikLFJvnMyG7jfT-dK8,4qpjHqWGxBVRircldaLbMbykVHs2,300,false
,KG9Pba3wEih0TBi9XNHT4pI25V42,-NcXs2ErKckrr89Qsdf_,-NcXu2OMUrzqZKduQwRD,Em5ikAsNyIWtFq0uXd2kkiKGj9o2,300,false
,KG9Pba3wEih0TBi9XNHT4pI25V42,-NcXs2ErKckrr89Qsdf_,-NcXu_7aEPbNNzccZoQf,Em5ikAsNyIWtFq0uXd2kkiKGj9o2,300,false
,KG9Pba3wEih0TBi9XNHT4pI25V42,-NyPQFt54nlNBW3puYIA,-Nz7c1mrSxF3AM0MkKgH,5Cs2g0Sbaqbzc3QouNrhNMAyuZw2,200,false
,KG9Pba3wEih0TBi9XNHT4pI25V42,-Nz8gz69kcJhEvw7yuiK,-Nz8rmI_FZ1gY_-RtCgA,qfu7IPPcCyXFoV1Gn1sToYfq5F63,260,false
,KG9Pba3wEih0TBi9XNHT4pI25V42,-NrG3htiQeFdwRH5uWDN,-NrG5lwA4LweBQPkhqGB,SMoD0NQvhZa7ibx83e1JPkNpILy1,350,false
,KG9Pba3wEih0TBi9XNHT4pI25V42,-Nz8gz69kcJhEvw7yuiK,-Nz8sbgEhTGqoDwMyKrG,qfu7IPPcCyXFoV1Gn1sToYfq5F63,260,false
,KG9Pba3wEih0TBi9XNHT4pI25V42,-Nz8gz69kcJhEvw7yuiK,-Nz8syGdcIwPn3fkc82I,qfu7IPPcCyXFoV1Gn1sToYfq5F63,260,false
,KG9Pba3wEih0TBi9XNHT4pI25V42,-Nl7ldAXg-HYEu5UMywi,-Nl7p0MqMy8IsomQju4P,BpY1nLZk80MFK3GTBwNkorSjtaX2,300,false
,KG9Pba3wEih0TBi9XNHT4pI25V42,-O3lSfIeS08GM2ivPHvw,-O3lV8PaQWdxrd4tDNdB,zUbjejEygcOo1OhxGJ6EjSv3lnJ2,200,false
,KG9Pba3wEih0TBi9XNHT4pI25V42,-NrG3htiQeFdwRH5uWDN,-NrG6DDd-74GAp1oKsuu,Qkg0A8sNoGPGzfeGqoXz8uTAhWj2,350,false
,KG9Pba3wEih0TBi9XNHT4pI25V42,-Ny0cIPTcro557kRNPEh,-NyPTvUvGo2nhGT92rMO,rq3gk7I83HdMrYfXzGsONfqa2LF3,350,false
,KG9Pba3wEih0TBi9XNHT4pI25V42,-O3lSfIeS08GM2ivPHvw,-O3lUkHiQX_jTelG-byR,zUbjejEygcOo1OhxGJ6EjSv3lnJ2,200,false
,KG9Pba3wEih0TBi9XNHT4pI25V42,-NyPQFt54nlNBW3puYIA,-NyPUlupQ6jBxywhUH63,5Cs2g0Sbaqbzc3QouNrhNMAyuZw2,350,false
,KG9Pba3wEih0TBi9XNHT4pI25V42,-O2iCO-kMj1e3jLBhk3I,-O2iQT9IVA_zi2aTrcgv,oXqZ0ZlQsLcTSPY8UOyukVWaYuG3,200,false
,KG9Pba3wEih0TBi9XNHT4pI25V42,-NyPT5X9y1d-Hfu3x4Kk,-NyPWC_RvPFq8GLBm-5W,unx7JeTSE9cEGdBknsaCP6fOn722,350,false
,KG9Pba3wEih0TBi9XNHT4pI25V42,-NzhxakpJN9VUjNaxkDc,-Nzi0Aj0W95lOxfxo1Ie,OruIPd84XwNQfqrUtPpK3iWj0Qv2,200,false
,KG9Pba3wEih0TBi9XNHT4pI25V42,-NzhxakpJN9VUjNaxkDc,-Nzi-RrZQA3MDrNj4_aB,OruIPd84XwNQfqrUtPpK3iWj0Qv2,200,false
,KG9Pba3wEih0TBi9XNHT4pI25V42,-O08vVh_sepkZWWYtBMO,-O08z7-lRDWJ_U1pxQmd,WC4bBBtqXQdEWTivonY452sCdvv1,200,false
,KG9Pba3wEih0TBi9XNHT4pI25V42,-NoVk5Kd7SDp2FKbe2Jr,-NoVmLgFP3ev5v11tfAY,5thBaBZMEmdtt6Ny7mY60v3redb2,300,false
,KG9Pba3wEih0TBi9XNHT4pI25V42,-NoVk5Kd7SDp2FKbe2Jr,-NoVmeZVmmgYNxANZALf,5thBaBZMEmdtt6Ny7mY60v3redb2,300,false
,KG9Pba3wEih0TBi9XNHT4pI25V42,-NyPT5X9y1d-Hfu3x4Kk,-NyPVtvtbnR17UIyzC3r,4ojJdvzdDDcrDPDHXYNeS5eQT3u1,350,false
,KG9Pba3wEih0TBi9XNHT4pI25V42,-NcXs2ErKckrr89Qsdf_,-NcXtZe9WkI7UNKrLLhZ,SsEifsV6FMhkdBensjY0kjBMn0n1,300,false
,KG9Pba3wEih0TBi9XNHT4pI25V42,-O4A69NIczhDVSOvO-bK,-O4A7eTwQIItyzde7fnW,W4zM5c0XmNfv11Z7mXQIjkP1QE82,300,false
,KG9Pba3wEih0TBi9XNHT4pI25V42,-O08Scdjlm_JdR5aBA18,-O08VSmx--lFsgHdaDAi,rTZ82KNjL9MvtTXMxwbB9zvwdwd2,300,false
,KG9Pba3wEih0TBi9XNHT4pI25V42,-NyZD8bzYBvRicskkW1I,-NyZDYOxjq2OMCHPQHm8,LiFOrD73diQxqWFALmlbObJVzaD2,350,false
,KG9Pba3wEih0TBi9XNHT4pI25V42,-O7mAuYTaeRX9n5j3Nuy,-O7mCbz8FUXkz_fhCbWV,GP5WzDwvMIWkMcB1FhNOUnc2G462,280,false
,KG9Pba3wEih0TBi9XNHT4pI25V42,-NrG3htiQeFdwRH5uWDN,-NrG7hiiHcPoz2vy0EwF,SMoD0NQvhZa7ibx83e1JPkNpILy1,200,false
,KG9Pba3wEih0TBi9XNHT4pI25V42,-MvW5gwdK1MOWBE3u7g6,-MvW5gwdK1MOWBE3u7g8,tUxEFWqtS0Rhbk1GjhAMSkPyG363,300,false
,KG9Pba3wEih0TBi9XNHT4pI25V42,-Ny0cIPTcro557kRNPEh,-Nz7bEth_Zn7YTFueRHu,rq3gk7I83HdMrYfXzGsONfqa2LF3,200,false
,KG9Pba3wEih0TBi9XNHT4pI25V42,-MvW5gwdK1MOWBE3u7g6,-MvW5gwdK1MOWBE3u7g9,tUxEFWqtS0Rhbk1GjhAMSkPyG363,300,false
,KG9Pba3wEih0TBi9XNHT4pI25V42,-Nt0dCRS9khradpJF5zd,-Nt0f94vJLCgbmyZBskU,bRH0etINPlbacZGWuH83kwDwIB02,200,false
,KG9Pba3wEih0TBi9XNHT4pI25V42,-NrG3htiQeFdwRH5uWDN,-NrG6gnqT9gYK-sLjvsk,4M37b5aP5EdSiFAq2KVcdOGfB7K2,350,false
,KG9Pba3wEih0TBi9XNHT4pI25V42,-NyPQFt54nlNBW3puYIA,-Nz7cLqwnDL_8r61vhry,dMSR2XUgFfNZLwj5aKR6DzaBLFz2,200,false
,KG9Pba3wEih0TBi9XNHT4pI25V42,-O08vVh_sepkZWWYtBMO,-O08xSuDFCHuFY5S4x7d,IEbBiqW2siMGRMgDMr3HvHjX7XE3,300,false
,KG9Pba3wEih0TBi9XNHT4pI25V42,-O2iRso2iyzmadqIfVbD,-O2iTSjZ967VPuSGP8ME,NBU75xuYgIXjIfk0kBeDQ92MEA03,160,false
,KG9Pba3wEih0TBi9XNHT4pI25V42,-O2iRso2iyzmadqIfVbD,-O2iSiCZ3n_IDeoNr9Sj,xmN53fQh12WEoazkzB9HISJzbsg2,300,false
,KG9Pba3wEih0TBi9XNHT4pI25V42,-NcXs2ErKckrr89Qsdf_,-NcXszPYLYFyRWlyT2jh,Em5ikAsNyIWtFq0uXd2kkiKGj9o2,300,false
,KG9Pba3wEih0TBi9XNHT4pI25V42,-O2OF229tBkgX-nhToQ8,-O2OI4Gk2d7_r8lOojX1,gangA16HKJMqzW6Bc1FRcXnnC1B3,200,false
,KG9Pba3wEih0TBi9XNHT4pI25V42,-O-1Cyu-zBSt-dIFoblE,-O-1G956IpbNok5TxV4J,1gGzMXxa8mRjJmRNlZSekOpiBRJ3,180,false
,KG9Pba3wEih0TBi9XNHT4pI25V42,-Nzhrmf0iuIlOwL7OxlM,-NzhtT8zbN9PIqu0RgQ0,JjgK259ffIYREcCanlAIYEvUhNr1,300,false
,KG9Pba3wEih0TBi9XNHT4pI25V42,-O08vVh_sepkZWWYtBMO,-O08vsqJMhBWrNKTuKiS,yP3b3sEjj6Vv6NzNERpIFXJBMKq1,300,false
,KG9Pba3wEih0TBi9XNHT4pI25V42,-NyPQFt54nlNBW3puYIA,-NyPV7vWjYaxVX_1Gzfo,5Cs2g0Sbaqbzc3QouNrhNMAyuZw2,350,false
,KG9Pba3wEih0TBi9XNHT4pI25V42,-O08Scdjlm_JdR5aBA18,-O08TtG2VAtQLTTWo-SH,rTZ82KNjL9MvtTXMxwbB9zvwdwd2,300,false
,KG9Pba3wEih0TBi9XNHT4pI25V42,-Nc6Oh9qfA9ThSW4lbxv,-Nc6QJoVKBMMQDLBFT37,JxBaQbVufiYaS3rIpst69xygdhS2,300,false
,KG9Pba3wEih0TBi9XNHT4pI25V42,-O3lSfIeS08GM2ivPHvw,-O3lU73vihDJ-tkjb1W7,zUbjejEygcOo1OhxGJ6EjSv3lnJ2,350,false
,KG9Pba3wEih0TBi9XNHT4pI25V42,-O2OF229tBkgX-nhToQ8,-O2OGThYnuW1vpBn6HC0,x8E5ExysM1ewGdFHHHOWZdTpmIM2,300,false
,KG9Pba3wEih0TBi9XNHT4pI25V42,-Nz8gz69kcJhEvw7yuiK,-Nz8rmI_FZ1gY_-RtCgA,qfu7IPPcCyXFoV1Gn1sToYfq5F63,260,false
,KG9Pba3wEih0TBi9XNHT4pI25V42,-Nz8gz69kcJhEvw7yuiK,-Nz8tJF34Bks4HiPLqb3,qfu7IPPcCyXFoV1Gn1sToYfq5F63,40,false
,KG9Pba3wEih0TBi9XNHT4pI25V42,-Nz8gz69kcJhEvw7yuiK,-Nz8tbsNgSMTHHogrwO3,qfu7IPPcCyXFoV1Gn1sToYfq5F63,40,false
,KG9Pba3wEih0TBi9XNHT4pI25V42,-NrG3htiQeFdwRH5uWDN,-NrG5HJYwfH4liroGXii,Qkg0A8sNoGPGzfeGqoXz8uTAhWj2,350,false
,KG9Pba3wEih0TBi9XNHT4pI25V42,-Nz8gz69kcJhEvw7yuiK,-Nz8tzF8mnIGB4W3X0tp,qfu7IPPcCyXFoV1Gn1sToYfq5F63,40,false
,KG9Pba3wEih0TBi9XNHT4pI25V42,-NrG3htiQeFdwRH5uWDN,-NrG5lwA4LweBQPkhqGB,Qkg0A8sNoGPGzfeGqoXz8uTAhWj2,350,false
,KG9Pba3wEih0TBi9XNHT4pI25V42,-NZZuJzST4E62TJ_gPvq,-NsHnClg2eh_08S_7DmI,xLshmSmxtESro2mnjjb30qbT51D3,300,false
,KG9Pba3wEih0TBi9XNHT4pI25V42,-O2iCO-kMj1e3jLBhk3I,-O2iNmXJPTawig22QnDh,n5Ncx71bFmdb8KG8fNABhyiJrjF2,200,false
,KG9Pba3wEih0TBi9XNHT4pI25V42,-Nl7ldAXg-HYEu5UMywi,-Nl7qo73b_M6fJHtWMeB,BpY1nLZk80MFK3GTBwNkorSjtaX2,200,false
,KG9Pba3wEih0TBi9XNHT4pI25V42,-NzhxakpJN9VUjNaxkDc,-NzhyWA4d2EoN1Y6-s-G,zsODKrbu8vQATtLuKzS1VpEcWdv1,300,false
,KG9Pba3wEih0TBi9XNHT4pI25V42,-O2iRso2iyzmadqIfVbD,-O2iT4IXCgbFFbsoUOyi,r81eaF32dKNviefmtozL4sD6eEk1,300,false
,KG9Pba3wEih0TBi9XNHT4pI25V42,-NrG3htiQeFdwRH5uWDN,-NrG8p8JAWM6a_keuTXq,Qkg0A8sNoGPGzfeGqoXz8uTAhWj2,200,false
,KG9Pba3wEih0TBi9XNHT4pI25V42,-NyPT5X9y1d-Hfu3x4Kk,-Nz7drF8d4_W3PsoXA87,unx7JeTSE9cEGdBknsaCP6fOn722,200,false
,KG9Pba3wEih0TBi9XNHT4pI25V42,-NZZuJzST4E62TJ_gPvq,-N_rsaAGDmIPKyJ2IPXr,vsHBhj5EtrSUxX9WWQtcZIrIZeh2,200,false
,KG9Pba3wEih0TBi9XNHT4pI25V42,-O08Scdjlm_JdR5aBA18,-O08X4OjSysslQtCnSef,rTZ82KNjL9MvtTXMxwbB9zvwdwd2,200,false
,KG9Pba3wEih0TBi9XNHT4pI25V42,-NmC18VrA8CeragiVGu8,-NmC4TFQCahBPwfbBz5Z,zbgJ4NWgIcc63Sza93Bz9RjGSlA3,200,false
,KG9Pba3wEih0TBi9XNHT4pI25V42,-O08vVh_sepkZWWYtBMO,-O08yCp4I32zV8Lv4yeV,ZhLIwvJN0xaJSaGQvvvo8hlmUVi2,200,false
,KG9Pba3wEih0TBi9XNHT4pI25V42,-MvW5gwdK1MOWBE3u7g6,-MvW5gweqPowDXKXA3c1,tN753KCLnVZLZrja5cvdnopT1s23,200,false
,KG9Pba3wEih0TBi9XNHT4pI25V42,-O2iCO-kMj1e3jLBhk3I,-O2iMdXQsSAmK0lohefp,oXqZ0ZlQsLcTSPY8UOyukVWaYuG3,300,false
,KG9Pba3wEih0TBi9XNHT4pI25V42,-O08vVh_sepkZWWYtBMO,-O08wG3qCuMaBM2jUzna,kADb9rIm1TOrljrtB80gxvYT7BA2,300,false
,KG9Pba3wEih0TBi9XNHT4pI25V42,-O4A69NIczhDVSOvO-bK,-O4A85C6M_apBWLikX84,W4zM5c0XmNfv11Z7mXQIjkP1QE82,200,false
,KG9Pba3wEih0TBi9XNHT4pI25V42,-NyZD8bzYBvRicskkW1I,-NyZELio1r7yPkhnCuRT,LiFOrD73diQxqWFALmlbObJVzaD2,200,false
,KG9Pba3wEih0TBi9XNHT4pI25V42,-NmC18VrA8CeragiVGu8,-NmC5J_583iJk4ArlvBh,7vD2TnkND0SKzkvRE5Q3g1dQfid2,200,false
,KG9Pba3wEih0TBi9XNHT4pI25V42,-Nt0dCRS9khradpJF5zd,-Nt0eVtg7KrpUToZc6p7,RztflTWwE6ZyCwK4cr0OYszuIv53,300,false
,KG9Pba3wEih0TBi9XNHT4pI25V42,-NyPT5X9y1d-Hfu3x4Kk,-NyPVWdQ2KUiPkIKO_Am,unx7JeTSE9cEGdBknsaCP6fOn722,350,false
,KG9Pba3wEih0TBi9XNHT4pI25V42,-O4A69NIczhDVSOvO-bK,-O4A8U3FC8qU3Y1efNl9,W4zM5c0XmNfv11Z7mXQIjkP1QE82,200,false
,KG9Pba3wEih0TBi9XNHT4pI25V42,-NzhxakpJN9VUjNaxkDc,-Nzhy-U3IfUfhWdH4Rkg,yrkJoIfYniVPyVIz7it4OmO00fo1,300,false
,KG9Pba3wEih0TBi9XNHT4pI25V42,-NyPT5X9y1d-Hfu3x4Kk,-Nz7dXBVkcVnkE1bXDaR,4ojJdvzdDDcrDPDHXYNeS5eQT3u1,200,false
,KG9Pba3wEih0TBi9XNHT4pI25V42,-O08Scdjlm_JdR5aBA18,-O08TRGdveTR1ACscEE-,aX6nnTsKnZf1XiHjolkf0YlQgwR2,300,false
,KG9Pba3wEih0TBi9XNHT4pI25V42,-NyPT5X9y1d-Hfu3x4Kk,-NyPVtvtbnR17UIyzC3r,unx7JeTSE9cEGdBknsaCP6fOn722,350,false
,KG9Pba3wEih0TBi9XNHT4pI25V42,-NzhxakpJN9VUjNaxkDc,-O3gb-6Y39mzH6rLXIV0,yrkJoIfYniVPyVIz7it4OmO00fo1,300,false
,KG9Pba3wEih0TBi9XNHT4pI25V42,-Nc6Oh9qfA9ThSW4lbxv,-Nc6PtOC7oH1DR4AjtEl,FzzQm4lCDEfpBqkrAbCOSM41r4S2,300,false
,KG9Pba3wEih0TBi9XNHT4pI25V42,-NzhxakpJN9VUjNaxkDc,-NzhysuNuXLLjQPuspd-,n0YaJgkRpkNxVz54bg50sWb1vmJ2,300,false
,KG9Pba3wEih0TBi9XNHT4pI25V42,-O7mAuYTaeRX9n5j3Nuy,-O7mCxZoracdLc3kQdG3,GP5WzDwvMIWkMcB1FhNOUnc2G462,200,false
,KG9Pba3wEih0TBi9XNHT4pI25V42,-NyPT5X9y1d-Hfu3x4Kk,-NyPWC_RvPFq8GLBm-5W,unx7JeTSE9cEGdBknsaCP6fOn722,350,false
,KG9Pba3wEih0TBi9XNHT4pI25V42,-NcXs2ErKckrr89Qsdf_,-NcXtZe9WkI7UNKrLLhZ,SsEifsV6FMhkdBensjY0kjBMn0n1,300,false
,KG9Pba3wEih0TBi9XNHT4pI25V42,-NyPQFt54nlNBW3puYIA,-Nz7cLqwnDL_8r61vhry,dMSR2XUgFfNZLwj5aKR6DzaBLFz2,200,false
,KG9Pba3wEih0TBi9XNHT4pI25V42,-NyPQFt54nlNBW3puYIA,-NyPUlupQ6jBxywhUH63,fv3FLaidz2XvqWyAdhNo0A57isD2,350,false
,KG9Pba3wEih0TBi9XNHT4pI25V42,-NzhxakpJN9VUjNaxkDc,-NzhzyFXDKVfO12DZ_wF,yrkJoIfYniVPyVIz7it4OmO00fo1,200,false
,KG9Pba3wEih0TBi9XNHT4pI25V42,-NmC7GdJysF695FFzZap,-NmC8seXEhZzMfrk_a5t,TQoKihixNcYK22ht2n8bvhRejkg1,300,false
,KG9Pba3wEih0TBi9XNHT4pI25V42,-NzhxakpJN9VUjNaxkDc,-NzhzJUAI8an8rhRhrHl,yrkJoIfYniVPyVIz7it4OmO00fo1,300,false
,KG9Pba3wEih0TBi9XNHT4pI25V42,-OFbG05KZY963l9O7GtV,-OFbJq0o6JHDAaq8n5Zu,MdwWNmzs8lNvUGDQkb6FRfBhNBU2,350,false
,KG9Pba3wEih0TBi9XNHT4pI25V42,-O2iRso2iyzmadqIfVbD,-O2iUS2MXzci6rSo-gDh,gtu2u0ZYBTh4cnxUzAaM9ZU1WMZ2,160,false
,KG9Pba3wEih0TBi9XNHT4pI25V42,-Nz8gz69kcJhEvw7yuiK,-Nz8sbgEhTGqoDwMyKrG,qfu7IPPcCyXFoV1Gn1sToYfq5F63,260,false
,KG9Pba3wEih0TBi9XNHT4pI25V42,-Nzhrmf0iuIlOwL7OxlM,-Nzht5CMNinGqP-HpxQX,JjgK259ffIYREcCanlAIYEvUhNr1,300,false
,KG9Pba3wEih0TBi9XNHT4pI25V42,-O3lSfIeS08GM2ivPHvw,-O3lUkHiQX_jTelG-byR,zUbjejEygcOo1OhxGJ6EjSv3lnJ2,200,false
,KG9Pba3wEih0TBi9XNHT4pI25V42,-NcXs2ErKckrr89Qsdf_,-NcXv2pWm1f1Q9A7lWWS,Em5ikAsNyIWtFq0uXd2kkiKGj9o2,200,false
,KG9Pba3wEih0TBi9XNHT4pI25V42,-Nt0dCRS9khradpJF5zd,-Nt0dk7NbHkuHI8_DjTA,fNXebCZB5iff78REWK5RNDYsMAj2,300,false
,KG9Pba3wEih0TBi9XNHT4pI25V42,-NcXs2ErKckrr89Qsdf_,-NdKFdCqVGnzDSWs0dLW,Em5ikAsNyIWtFq0uXd2kkiKGj9o2,200,false
,KG9Pba3wEih0TBi9XNHT4pI25V42,-Nz8gz69kcJhEvw7yuiK,-Nz8tJF34Bks4HiPLqb3,qfu7IPPcCyXFoV1Gn1sToYfq5F63,40,false
,KG9Pba3wEih0TBi9XNHT4pI25V42,-O4A69NIczhDVSOvO-bK,-O4A9Zu1SvZjXrQoQyrl,W4zM5c0XmNfv11Z7mXQIjkP1QE82,200,false
,KG9Pba3wEih0TBi9XNHT4pI25V42,-Nz8gz69kcJhEvw7yuiK,-Nz8tbsNgSMTHHogrwO3,qfu7IPPcCyXFoV1Gn1sToYfq5F63,40,false
,KG9Pba3wEih0TBi9XNHT4pI25V42,-Nz8gz69kcJhEvw7yuiK,-Nz8tzF8mnIGB4W3X0tp,qfu7IPPcCyXFoV1Gn1sToYfq5F63,40,false
,KG9Pba3wEih0TBi9XNHT4pI25V42,-Nt0dCRS9khradpJF5zd,-Nt0f94vJLCgbmyZBskU,FDdGg7jW1nemt0MPYIgebCNfOog1,200,false
,KG9Pba3wEih0TBi9XNHT4pI25V42,-NzhxakpJN9VUjNaxkDc,-O3gbqoWJRkhFhgcVdGi,POZcmVr3h9QgFhxaYYZ2k119ReP2,200,false
,KG9Pba3wEih0TBi9XNHT4pI25V42,-O85f_8vXT7G7-THmWlc,-O85giMK_SLtmAlEpEj0,kiQ2mvx9W2bVpmh7GbrayL9CeRx2,300,false
,KG9Pba3wEih0TBi9XNHT4pI25V42,-NcXs2ErKckrr89Qsdf_,-NcXu2OMUrzqZKduQwRD,Em5ikAsNyIWtFq0uXd2kkiKGj9o2,300,false
,KG9Pba3wEih0TBi9XNHT4pI25V42,-O08Scdjlm_JdR5aBA18,-O08V9lYBzmXGZyY06NI,rTZ82KNjL9MvtTXMxwbB9zvwdwd2,300,false
,KG9Pba3wEih0TBi9XNHT4pI25V42,-O4A69NIczhDVSOvO-bK,-O4A6vAjWhTh4c66lozl,W4zM5c0XmNfv11Z7mXQIjkP1QE82,300,false
,KG9Pba3wEih0TBi9XNHT4pI25V42,-NyPQFt54nlNBW3puYIA,-NyPV7vWjYaxVX_1Gzfo,5Cs2g0Sbaqbzc3QouNrhNMAyuZw2,350,false
,KG9Pba3wEih0TBi9XNHT4pI25V42,-O4A69NIczhDVSOvO-bK,-O4A7JRtUlLTg8YqAY37,W4zM5c0XmNfv11Z7mXQIjkP1QE82,300,false
,KG9Pba3wEih0TBi9XNHT4pI25V42,-O4A69NIczhDVSOvO-bK,-O4A7eTwQIItyzde7fnW,W4zM5c0XmNfv11Z7mXQIjkP1QE82,300,false
,KG9Pba3wEih0TBi9XNHT4pI25V42,-Nt0dCRS9khradpJF5zd,-Nt0e8w14Zy1GHbUCF5T,bnlvsLCFhkcqmMAzyP6Oi5JsqB72,300,false
,KG9Pba3wEih0TBi9XNHT4pI25V42,-O2iRso2iyzmadqIfVbD,-O2iSJxW236KMyApWe0f,r81eaF32dKNviefmtozL4sD6eEk1,300,false
,KG9Pba3wEih0TBi9XNHT4pI25V42,-Nzi60zH5ycXLCx0UeSc,-Nzi8TU0ud-USRS0szII,xkc8i0htqch65fNzpR8ZcmPFUGv2,300,false
,KG9Pba3wEih0TBi9XNHT4pI25V42,-NrG3htiQeFdwRH5uWDN,-NrG7hiiHcPoz2vy0EwF,Qkg0A8sNoGPGzfeGqoXz8uTAhWj2,200,false
,KG9Pba3wEih0TBi9XNHT4pI25V42,-NrG3htiQeFdwRH5uWDN,-NrG8DuY47gGAxT5u_Bh,Qkg0A8sNoGPGzfeGqoXz8uTAhWj2,200,false
,KG9Pba3wEih0TBi9XNHT4pI25V42,-NyPQFt54nlNBW3puYIA,-Nz7c1mrSxF3AM0MkKgH,fv3FLaidz2XvqWyAdhNo0A57isD2,200,false
,KG9Pba3wEih0TBi9XNHT4pI25V42,-N_rA4HA5hBTTHe_RVRK,-N_rS8ZhDu5VOuFPVl4D,P4w1QPhqQAbYmrKJ7nSGQdBCSUm1,300,false
,KG9Pba3wEih0TBi9XNHT4pI25V42,-N_rA4HA5hBTTHe_RVRK,-N_rCAhIBVn-7NAIov63,6V2m2ALNLCe5VosKJMJfrzd49Ts1,300,false
,KG9Pba3wEih0TBi9XNHT4pI25V42,-Nz8gz69kcJhEvw7yuiK,-Nz8tzF8mnIGB4W3X0tp,qfu7IPPcCyXFoV1Gn1sToYfq5F63,40,false
,KG9Pba3wEih0TBi9XNHT4pI25V42,-O2iCO-kMj1e3jLBhk3I,-O2iL265NrWC4taVxZJK,oXqZ0ZlQsLcTSPY8UOyukVWaYuG3,300,false
,KG9Pba3wEih0TBi9XNHT4pI25V42,-N_rA4HA5hBTTHe_RVRK,-N_rDAV9dkG0PMBxLE69,6V2m2ALNLCe5VosKJMJfrzd49Ts1,300,false
,KG9Pba3wEih0TBi9XNHT4pI25V42,-O5s3Rd4oAvokOAYSy_4,-O5s5A6AG8VhjGy-P_fb,QpNynavALeRphpqE2Ce8iK4aCbv2,300,false
,KG9Pba3wEih0TBi9XNHT4pI25V42,-O2OF229tBkgX-nhToQ8,-O2OHjqDU5YM-vl-AQut,x8E5ExysM1ewGdFHHHOWZdTpmIM2,200,false
,KG9Pba3wEih0TBi9XNHT4pI25V42,-Nzhrmf0iuIlOwL7OxlM,-Nzhv7zrmE-xgGC1EoFc,JjgK259ffIYREcCanlAIYEvUhNr1,200,false
,KG9Pba3wEih0TBi9XNHT4pI25V42,-NyPT5X9y1d-Hfu3x4Kk,-NyPVtvtbnR17UIyzC3r,unx7JeTSE9cEGdBknsaCP6fOn722,350,false
,KG9Pba3wEih0TBi9XNHT4pI25V42,-NyPT5X9y1d-Hfu3x4Kk,-Nz7dXBVkcVnkE1bXDaR,unx7JeTSE9cEGdBknsaCP6fOn722,200,false
,KG9Pba3wEih0TBi9XNHT4pI25V42,-NyPT5X9y1d-Hfu3x4Kk,-Nz7drF8d4_W3PsoXA87,unx7JeTSE9cEGdBknsaCP6fOn722,200,false
,KG9Pba3wEih0TBi9XNHT4pI25V42,-Nzhrmf0iuIlOwL7OxlM,-NzhtT8zbN9PIqu0RgQ0,JjgK259ffIYREcCanlAIYEvUhNr1,300,false
,KG9Pba3wEih0TBi9XNHT4pI25V42,-Nz8gz69kcJhEvw7yuiK,-Nz8tbsNgSMTHHogrwO3,qfu7IPPcCyXFoV1Gn1sToYfq5F63,40,false
,KG9Pba3wEih0TBi9XNHT4pI25V42,-NzhxakpJN9VUjNaxkDc,-NzhzJUAI8an8rhRhrHl,zsODKrbu8vQATtLuKzS1VpEcWdv1,300,false
,KG9Pba3wEih0TBi9XNHT4pI25V42,-NzhxakpJN9VUjNaxkDc,-Nzi-rqb2MuRgDzK4q-Z,zsODKrbu8vQATtLuKzS1VpEcWdv1,200,false
,KG9Pba3wEih0TBi9XNHT4pI25V42,-Nzhrmf0iuIlOwL7OxlM,-NzhshtG_h2SG96Qhobf,JjgK259ffIYREcCanlAIYEvUhNr1,300,false
,KG9Pba3wEih0TBi9XNHT4pI25V42,-O08vVh_sepkZWWYtBMO,-O08yfZdlcZXR0v-MhGe,yP3b3sEjj6Vv6NzNERpIFXJBMKq1,200,false
,KG9Pba3wEih0TBi9XNHT4pI25V42,-Nzhrmf0iuIlOwL7OxlM,-NzhwG4iOys6PHC31sma,JjgK259ffIYREcCanlAIYEvUhNr1,200,false
,KG9Pba3wEih0TBi9XNHT4pI25V42,-O2iRso2iyzmadqIfVbD,-O2iT4IXCgbFFbsoUOyi,r81eaF32dKNviefmtozL4sD6eEk1,300,false
,KG9Pba3wEih0TBi9XNHT4pI25V42,-Nc6Oh9qfA9ThSW4lbxv,-Nc6SB-qZZbutYeS2rPK,FzzQm4lCDEfpBqkrAbCOSM41r4S2,200,false
,KG9Pba3wEih0TBi9XNHT4pI25V42,-Nt0dCRS9khradpJF5zd,-Nt0f94vJLCgbmyZBskU,FDdGg7jW1nemt0MPYIgebCNfOog1,200,false
,KG9Pba3wEih0TBi9XNHT4pI25V42,-O3lSfIeS08GM2ivPHvw,-O3lUkHiQX_jTelG-byR,zUbjejEygcOo1OhxGJ6EjSv3lnJ2,200,false
,KG9Pba3wEih0TBi9XNHT4pI25V42,-OFbG05KZY963l9O7GtV,-OFbKt-ApYrwwFtMzSmL,MdwWNmzs8lNvUGDQkb6FRfBhNBU2,200,false
,KG9Pba3wEih0TBi9XNHT4pI25V42,-Nzhrmf0iuIlOwL7OxlM,-NzhvUB-VJFOqmgk1mm9,JjgK259ffIYREcCanlAIYEvUhNr1,200,false
,KG9Pba3wEih0TBi9XNHT4pI25V42,-Nz8TUgyp8W61kxo694b,-Nz8bngvOXQWuCw_YItd,aQcRYwfKLhOfs8lNigdM8tyCbUp2,350,false
,KG9Pba3wEih0TBi9XNHT4pI25V42,-Nz8TUgyp8W61kxo694b,-Nz8cI8DRjzOud1NKXDp,aQcRYwfKLhOfs8lNigdM8tyCbUp2,350,false
,KG9Pba3wEih0TBi9XNHT4pI25V42,-O08vVh_sepkZWWYtBMO,-O08wzXd6faohj_jfp2v,xcbwemMbEwfFBsEYFlS4YqV7Vwm2,300,false
,KG9Pba3wEih0TBi9XNHT4pI25V42,-Nz8gz69kcJhEvw7yuiK,-Nz8tbsNgSMTHHogrwO3,qfu7IPPcCyXFoV1Gn1sToYfq5F63,40,false
,KG9Pba3wEih0TBi9XNHT4pI25V42,-NikJ-sBrcRBMSF0jgFo,-NikKlkgG8STENhi1-RG,4qpjHqWGxBVRircldaLbMbykVHs2,300,false
,KG9Pba3wEih0TBi9XNHT4pI25V42,-Nzhrmf0iuIlOwL7OxlM,-NzhtvWUSkU3Hchvt1Fp,JjgK259ffIYREcCanlAIYEvUhNr1,300,false
,KG9Pba3wEih0TBi9XNHT4pI25V42,-NzhxakpJN9VUjNaxkDc,-O3gbqoWJRkhFhgcVdGi,zsODKrbu8vQATtLuKzS1VpEcWdv1,200,false
,KG9Pba3wEih0TBi9XNHT4pI25V42,-O4A69NIczhDVSOvO-bK,-O4A6vAjWhTh4c66lozl,W4zM5c0XmNfv11Z7mXQIjkP1QE82,300,false
,KG9Pba3wEih0TBi9XNHT4pI25V42,-O4A69NIczhDVSOvO-bK,-O4A8U3FC8qU3Y1efNl9,W4zM5c0XmNfv11Z7mXQIjkP1QE82,200,false
,KG9Pba3wEih0TBi9XNHT4pI25V42,-NyPT5X9y1d-Hfu3x4Kk,-Nz7dXBVkcVnkE1bXDaR,unx7JeTSE9cEGdBknsaCP6fOn722,200,false
,KG9Pba3wEih0TBi9XNHT4pI25V42,-NzhxakpJN9VUjNaxkDc,-Nzi0Aj0W95lOxfxo1Ie,n0YaJgkRpkNxVz54bg50sWb1vmJ2,200,false
,KG9Pba3wEih0TBi9XNHT4pI25V42,-O4A69NIczhDVSOvO-bK,-O4A85C6M_apBWLikX84,W4zM5c0XmNfv11Z7mXQIjkP1QE82,200,false
,KG9Pba3wEih0TBi9XNHT4pI25V42,-O4A69NIczhDVSOvO-bK,-O4A9Zu1SvZjXrQoQyrl,W4zM5c0XmNfv11Z7mXQIjkP1QE82,200,false
,KG9Pba3wEih0TBi9XNHT4pI25V42,-O4A69NIczhDVSOvO-bK,-O4A7eTwQIItyzde7fnW,W4zM5c0XmNfv11Z7mXQIjkP1QE82,300,false
,KG9Pba3wEih0TBi9XNHT4pI25V42,-NcXs2ErKckrr89Qsdf_,-NcXszPYLYFyRWlyT2jh,Em5ikAsNyIWtFq0uXd2kkiKGj9o2,300,false
,KG9Pba3wEih0TBi9XNHT4pI25V42,-NcXs2ErKckrr89Qsdf_,-NcXu2OMUrzqZKduQwRD,Em5ikAsNyIWtFq0uXd2kkiKGj9o2,300,false
,KG9Pba3wEih0TBi9XNHT4pI25V42,-Nz8TUgyp8W61kxo694b,-Nz8eVRz8XOiKZ-QWs1e,aQcRYwfKLhOfs8lNigdM8tyCbUp2,200,false
,KG9Pba3wEih0TBi9XNHT4pI25V42,-Nz8TUgyp8W61kxo694b,-Nz8f8_jIjV8UNIsblAn,aQcRYwfKLhOfs8lNigdM8tyCbUp2,200,false
,KG9Pba3wEih0TBi9XNHT4pI25V42,-Nzhrmf0iuIlOwL7OxlM,-Nzhv7zrmE-xgGC1EoFc,JjgK259ffIYREcCanlAIYEvUhNr1,200,false
,KG9Pba3wEih0TBi9XNHT4pI25V42,-O2iRso2iyzmadqIfVbD,-O2iT4IXCgbFFbsoUOyi,23cNqSXidlX16uyOonEWuH6TLxg2,300,false
,KG9Pba3wEih0TBi9XNHT4pI25V42,-Nt0dCRS9khradpJF5zd,-Nt0e8w14Zy1GHbUCF5T,uNm7l4KJ1eSPI4lQvTT3KW9su7g2,300,false
,KG9Pba3wEih0TBi9XNHT4pI25V42,-Nt0dCRS9khradpJF5zd,-Nt0eVtg7KrpUToZc6p7,YsiJq3L8UyNF18rKCEdFqZLijty2,300,false
,KG9Pba3wEih0TBi9XNHT4pI25V42,-NcXs2ErKckrr89Qsdf_,-NcXvxcxv5ZAirWzAGcp,SsEifsV6FMhkdBensjY0kjBMn0n1,200,false
,KG9Pba3wEih0TBi9XNHT4pI25V42,-O2iRso2iyzmadqIfVbD,-O2iSiCZ3n_IDeoNr9Sj,r81eaF32dKNviefmtozL4sD6eEk1,300,false
,KG9Pba3wEih0TBi9XNHT4pI25V42,-NoVk5Kd7SDp2FKbe2Jr,-NoVl05cwblKySdgw3ES,5thBaBZMEmdtt6Ny7mY60v3redb2,300,false
,KG9Pba3wEih0TBi9XNHT4pI25V42,-NyVaxBHWh_fOMAilGLc,-NyZBjZLvY3AO5AteGiE,IMUphzIjrXbFJrCDY0fZ9DyRMMA3,350,false
,KG9Pba3wEih0TBi9XNHT4pI25V42,-NyVaxBHWh_fOMAilGLc,-NyZC8-DHEABcexQ52Ih,IMUphzIjrXbFJrCDY0fZ9DyRMMA3,350,false
,KG9Pba3wEih0TBi9XNHT4pI25V42,-O2iCO-kMj1e3jLBhk3I,-O2iLafmghSVp3Dx_p0V,oXqZ0ZlQsLcTSPY8UOyukVWaYuG3,300,false
,KG9Pba3wEih0TBi9XNHT4pI25V42,-NyZD8bzYBvRicskkW1I,-NyZDYOxjq2OMCHPQHm8,LiFOrD73diQxqWFALmlbObJVzaD2,350,false
,KG9Pba3wEih0TBi9XNHT4pI25V42,-O4A69NIczhDVSOvO-bK,-O4A8U3FC8qU3Y1efNl9,W4zM5c0XmNfv11Z7mXQIjkP1QE82,200,false
,KG9Pba3wEih0TBi9XNHT4pI25V42,-Nc6Oh9qfA9ThSW4lbxv,-Nc6QJoVKBMMQDLBFT37,afTCpN5GD4RlQ5kDdtxMcBc3KRf2,300,false
,KG9Pba3wEih0TBi9XNHT4pI25V42,-O2iRso2iyzmadqIfVbD,-O2iSJxW236KMyApWe0f,r81eaF32dKNviefmtozL4sD6eEk1,300,false
,KG9Pba3wEih0TBi9XNHT4pI25V42,-O2iCO-kMj1e3jLBhk3I,-O2iP12-s0wTyHg-nNUr,oXqZ0ZlQsLcTSPY8UOyukVWaYuG3,200,false
,KG9Pba3wEih0TBi9XNHT4pI25V42,-O4A69NIczhDVSOvO-bK,-O4A9Zu1SvZjXrQoQyrl,W4zM5c0XmNfv11Z7mXQIjkP1QE82,200,false
,KG9Pba3wEih0TBi9XNHT4pI25V42,-NyZD8bzYBvRicskkW1I,-NyZELio1r7yPkhnCuRT,LiFOrD73diQxqWFALmlbObJVzaD2,200,false
,KG9Pba3wEih0TBi9XNHT4pI25V42,-Nt0dCRS9khradpJF5zd,-Nt0f94vJLCgbmyZBskU,uNm7l4KJ1eSPI4lQvTT3KW9su7g2,200,false
,KG9Pba3wEih0TBi9XNHT4pI25V42,-O2iRso2iyzmadqIfVbD,-O2iT4IXCgbFFbsoUOyi,r81eaF32dKNviefmtozL4sD6eEk1,300,false
,KG9Pba3wEih0TBi9XNHT4pI25V42,-NyVaxBHWh_fOMAilGLc,-NyZC_42Anw3-eR6f9fa,IMUphzIjrXbFJrCDY0fZ9DyRMMA3,200,false
,KG9Pba3wEih0TBi9XNHT4pI25V42,-NoVk5Kd7SDp2FKbe2Jr,-NoVnK4HclG1KSpRyrTk,5thBaBZMEmdtt6Ny7mY60v3redb2,200,false
,KG9Pba3wEih0TBi9XNHT4pI25V42,-NyZD8bzYBvRicskkW1I,-NyZELio1r7yPkhnCuRT,LiFOrD73diQxqWFALmlbObJVzaD2,200,false
,KG9Pba3wEih0TBi9XNHT4pI25V42,-O4A69NIczhDVSOvO-bK,-O4A8U3FC8qU3Y1efNl9,W4zM5c0XmNfv11Z7mXQIjkP1QE82,200,false
,KG9Pba3wEih0TBi9XNHT4pI25V42,-Nc6Oh9qfA9ThSW4lbxv,-Nc6SB-qZZbutYeS2rPK,afTCpN5GD4RlQ5kDdtxMcBc3KRf2,200,false
,KG9Pba3wEih0TBi9XNHT4pI25V42,-NyVaxBHWh_fOMAilGLc,-NyZC_42Anw3-eR6f9fa,IMUphzIjrXbFJrCDY0fZ9DyRMMA3,200,false
,KG9Pba3wEih0TBi9XNHT4pI25V42,-NrG3htiQeFdwRH5uWDN,-NrG5lwA4LweBQPkhqGB,UR033sLxhKUVmkO1twL2zPiBJHW2,350,false
,KG9Pba3wEih0TBi9XNHT4pI25V42,-NyPQFt54nlNBW3puYIA,-NyPUlupQ6jBxywhUH63,5Cs2g0Sbaqbzc3QouNrhNMAyuZw2,350,false
,KG9Pba3wEih0TBi9XNHT4pI25V42,-NrG3htiQeFdwRH5uWDN,-NrG8p8JAWM6a_keuTXq,UR033sLxhKUVmkO1twL2zPiBJHW2,200,false
,KG9Pba3wEih0TBi9XNHT4pI25V42,-NyPQFt54nlNBW3puYIA,-Nz7c1mrSxF3AM0MkKgH,5Cs2g0Sbaqbzc3QouNrhNMAyuZw2,200,false
,KG9Pba3wEih0TBi9XNHT4pI25V42,-NzhxakpJN9VUjNaxkDc,-NzhysuNuXLLjQPuspd-,yrkJoIfYniVPyVIz7it4OmO00fo1,300,false
,KG9Pba3wEih0TBi9XNHT4pI25V42,-NikJ-sBrcRBMSF0jgFo,-NikKDH65SXjmZM5nj7g,rLNzmL93ffUZPWyDKyYlDdSgftj1,300,false
,KG9Pba3wEih0TBi9XNHT4pI25V42,-O08vVh_sepkZWWYtBMO,-O08wzXd6faohj_jfp2v,eEpprmKZwDd3YkHl8uuIs3zAvAw1,300,false
,KG9Pba3wEih0TBi9XNHT4pI25V42,-NzhxakpJN9VUjNaxkDc,-Nzhy-U3IfUfhWdH4Rkg,620bfUxARUQVZ0ojmGsBpquUPfq1,300,false
,KG9Pba3wEih0TBi9XNHT4pI25V42,-O85f_8vXT7G7-THmWlc,-O85h154qc3W2TTPFwQ6,H8j04OhKlzMy2CRxGmlSDtncrkG2,300,false
,KG9Pba3wEih0TBi9XNHT4pI25V42,-NcXs2ErKckrr89Qsdf_,-NcXvxcxv5ZAirWzAGcp,SsEifsV6FMhkdBensjY0kjBMn0n1,200,false
,KG9Pba3wEih0TBi9XNHT4pI25V42,-O08vVh_sepkZWWYtBMO,-O08yfZdlcZXR0v-MhGe,kADb9rIm1TOrljrtB80gxvYT7BA2,200,false
,KG9Pba3wEih0TBi9XNHT4pI25V42,-O2iCO-kMj1e3jLBhk3I,-O2iDWVm9nO-tPeKLcN7,oXqZ0ZlQsLcTSPY8UOyukVWaYuG3,300,false
,KG9Pba3wEih0TBi9XNHT4pI25V42,-NoVk5Kd7SDp2FKbe2Jr,-NoVnK4HclG1KSpRyrTk,5thBaBZMEmdtt6Ny7mY60v3redb2,200,false
,KG9Pba3wEih0TBi9XNHT4pI25V42,-Nt0dCRS9khradpJF5zd,-Nt0eVtg7KrpUToZc6p7,goKqRrewlyQEJBKKC4s0Mk7KfD32,300,false
,KG9Pba3wEih0TBi9XNHT4pI25V42,-Nt0dCRS9khradpJF5zd,-Nt0e8w14Zy1GHbUCF5T,goKqRrewlyQEJBKKC4s0Mk7KfD32,300,false
,KG9Pba3wEih0TBi9XNHT4pI25V42,-O08vVh_sepkZWWYtBMO,-O08wG3qCuMaBM2jUzna,1zGRNGqqv4boROobjXzF8fL6WmM2,300,false
,KG9Pba3wEih0TBi9XNHT4pI25V42,-Nc6UA9Hl08A7BFSuNAc,-Nc6Ue9E8YtzB0vHdq7r,ooDIirxpahYEc1o4uV94SdH8KJv1,300,false
,KG9Pba3wEih0TBi9XNHT4pI25V42,-NikJ-sBrcRBMSF0jgFo,-NikMSDkW9Q7OwEx9i50,rLNzmL93ffUZPWyDKyYlDdSgftj1,200,false
,KG9Pba3wEih0TBi9XNHT4pI25V42,-N_rA4HA5hBTTHe_RVRK,-N_rEGL1tgsluDWD6ex-,1Itg7qDetCUf5z7D8fopaapUZXh1,300,false
,KG9Pba3wEih0TBi9XNHT4pI25V42,-Nzi60zH5ycXLCx0UeSc,-Nzi7o-Lf_jPEMf3Qg5K,AVp53dfgqlYPtSgr1LQ00Mk0ET63,300,false
,KG9Pba3wEih0TBi9XNHT4pI25V42,-Nzi60zH5ycXLCx0UeSc,-Nzi88nW1AZ1lhfpa2Fr,AVp53dfgqlYPtSgr1LQ00Mk0ET63,300,false
,KG9Pba3wEih0TBi9XNHT4pI25V42,-Nz8TUgyp8W61kxo694b,-Nz8bngvOXQWuCw_YItd,LmxPwOIS46V0sL3QLoqbYf4DHBT2,350,false
,KG9Pba3wEih0TBi9XNHT4pI25V42,-Nz8TUgyp8W61kxo694b,-Nz8cI8DRjzOud1NKXDp,LmxPwOIS46V0sL3QLoqbYf4DHBT2,350,false
,KG9Pba3wEih0TBi9XNHT4pI25V42,-NzhxakpJN9VUjNaxkDc,-NzhysuNuXLLjQPuspd-,yrkJoIfYniVPyVIz7it4OmO00fo1,300,false
,KG9Pba3wEih0TBi9XNHT4pI25V42,-Nzhrmf0iuIlOwL7OxlM,-Nzht5CMNinGqP-HpxQX,JjgK259ffIYREcCanlAIYEvUhNr1,300,false
,KG9Pba3wEih0TBi9XNHT4pI25V42,-Nz8TUgyp8W61kxo694b,-Nz8dGH2Lx9TWPKsCp3L,LmxPwOIS46V0sL3QLoqbYf4DHBT2,350,false
,KG9Pba3wEih0TBi9XNHT4pI25V42,-Nz8TUgyp8W61kxo694b,-Nz8cfhT4Qs6i-8a4-EE,LmxPwOIS46V0sL3QLoqbYf4DHBT2,350,false
,KG9Pba3wEih0TBi9XNHT4pI25V42,-Nt0dCRS9khradpJF5zd,-Nt0f94vJLCgbmyZBskU,goKqRrewlyQEJBKKC4s0Mk7KfD32,200,false
,KG9Pba3wEih0TBi9XNHT4pI25V42,-NoVk5Kd7SDp2FKbe2Jr,-NoVl05cwblKySdgw3ES,5thBaBZMEmdtt6Ny7mY60v3redb2,300,false
,KG9Pba3wEih0TBi9XNHT4pI25V42,-NoVk5Kd7SDp2FKbe2Jr,-NoVlNhdzUovGOIM7iut,5thBaBZMEmdtt6Ny7mY60v3redb2,300,false
,KG9Pba3wEih0TBi9XNHT4pI25V42,-Nc6UA9Hl08A7BFSuNAc,-Nc6VTOrX-7LXkDnK1PC,nOYXOIr6QPaamwFVFH4qWy6hVSx2,300,false
,KG9Pba3wEih0TBi9XNHT4pI25V42,-Nc6UA9Hl08A7BFSuNAc,-Nc6V0X6OIQrhj8c84Mw,nOYXOIr6QPaamwFVFH4qWy6hVSx2,300,false
,KG9Pba3wEih0TBi9XNHT4pI25V42,-NzhxakpJN9VUjNaxkDc,-NzhzJUAI8an8rhRhrHl,yrkJoIfYniVPyVIz7it4OmO00fo1,300,false
,KG9Pba3wEih0TBi9XNHT4pI25V42,-O2iCO-kMj1e3jLBhk3I,-O2iP12-s0wTyHg-nNUr,oXqZ0ZlQsLcTSPY8UOyukVWaYuG3,200,false
,KG9Pba3wEih0TBi9XNHT4pI25V42,-O2iCO-kMj1e3jLBhk3I,-O2iNmXJPTawig22QnDh,oXqZ0ZlQsLcTSPY8UOyukVWaYuG3,200,false
,KG9Pba3wEih0TBi9XNHT4pI25V42,-Nzhrmf0iuIlOwL7OxlM,-NzhtT8zbN9PIqu0RgQ0,JjgK259ffIYREcCanlAIYEvUhNr1,300,false
,KG9Pba3wEih0TBi9XNHT4pI25V42,-Nzhrmf0iuIlOwL7OxlM,-NzhshtG_h2SG96Qhobf,JjgK259ffIYREcCanlAIYEvUhNr1,300,false
,KG9Pba3wEih0TBi9XNHT4pI25V42,-NmC18VrA8CeragiVGu8,-NmC3zHKWpUgOPi-vIMv,buRER1kN2kcHovbgNNGBVaCQ5qv1,300,false
,KG9Pba3wEih0TBi9XNHT4pI25V42,-NzhxakpJN9VUjNaxkDc,-Nzi-RrZQA3MDrNj4_aB,yrkJoIfYniVPyVIz7it4OmO00fo1,200,false
,KG9Pba3wEih0TBi9XNHT4pI25V42,-NmC18VrA8CeragiVGu8,-NmC2faARSqpAG6okYEj,buRER1kN2kcHovbgNNGBVaCQ5qv1,300,false
,KG9Pba3wEih0TBi9XNHT4pI25V42,-NmC18VrA8CeragiVGu8,-NmC27wH2iBooJJtQVsG,buRER1kN2kcHovbgNNGBVaCQ5qv1,300,false
,KG9Pba3wEih0TBi9XNHT4pI25V42,-Nz8TUgyp8W61kxo694b,-Nz8dnIMrrPRovQJ2Gm8,LmxPwOIS46V0sL3QLoqbYf4DHBT2,200,false
,KG9Pba3wEih0TBi9XNHT4pI25V42,-Nz8TUgyp8W61kxo694b,-Nz8eVRz8XOiKZ-QWs1e,LmxPwOIS46V0sL3QLoqbYf4DHBT2,200,false
,KG9Pba3wEih0TBi9XNHT4pI25V42,-O08Scdjlm_JdR5aBA18,-O08UN7JJcEyY_Wy3PcR,gD9Mcd2h93SS2LMicVz28t2DKCc2,300,false
,KG9Pba3wEih0TBi9XNHT4pI25V42,-O2iCO-kMj1e3jLBhk3I,-O2iDWVm9nO-tPeKLcN7,oXqZ0ZlQsLcTSPY8UOyukVWaYuG3,300,false
,KG9Pba3wEih0TBi9XNHT4pI25V42,-Nt0dCRS9khradpJF5zd,-Nt0e8w14Zy1GHbUCF5T,CYOrZB3j1CUoQCRmQl0iguke2rJ2,300,false
,KG9Pba3wEih0TBi9XNHT4pI25V42,-Nt0dCRS9khradpJF5zd,-Nt0eVtg7KrpUToZc6p7,CYOrZB3j1CUoQCRmQl0iguke2rJ2,300,false
,KG9Pba3wEih0TBi9XNHT4pI25V42,-NzhxakpJN9VUjNaxkDc,-Nzi0Aj0W95lOxfxo1Ie,620bfUxARUQVZ0ojmGsBpquUPfq1,200,false
,KG9Pba3wEih0TBi9XNHT4pI25V42,-NyPT5X9y1d-Hfu3x4Kk,-NyPWC_RvPFq8GLBm-5W,unx7JeTSE9cEGdBknsaCP6fOn722,350,false
,KG9Pba3wEih0TBi9XNHT4pI25V42,-NyPT5X9y1d-Hfu3x4Kk,-NyPVWdQ2KUiPkIKO_Am,unx7JeTSE9cEGdBknsaCP6fOn722,350,false
,KG9Pba3wEih0TBi9XNHT4pI25V42,-NyPT5X9y1d-Hfu3x4Kk,-NyPVtvtbnR17UIyzC3r,unx7JeTSE9cEGdBknsaCP6fOn722,350,false
,KG9Pba3wEih0TBi9XNHT4pI25V42,-Nl7ldAXg-HYEu5UMywi,-Nl7p0MqMy8IsomQju4P,oN4fTQF7tKQxTd2ikpBKxfcp7822,300,false
,KG9Pba3wEih0TBi9XNHT4pI25V42,-Nzi60zH5ycXLCx0UeSc,-Nzi7o-Lf_jPEMf3Qg5K,AVp53dfgqlYPtSgr1LQ00Mk0ET63,300,false
,KG9Pba3wEih0TBi9XNHT4pI25V42,-O7mAuYTaeRX9n5j3Nuy,-O7mCbz8FUXkz_fhCbWV,GP5WzDwvMIWkMcB1FhNOUnc2G462,280,false
,KG9Pba3wEih0TBi9XNHT4pI25V42,-O7mAuYTaeRX9n5j3Nuy,-O7mCHN-I06WYMsxafGK,GP5WzDwvMIWkMcB1FhNOUnc2G462,280,false
,KG9Pba3wEih0TBi9XNHT4pI25V42,-N_rA4HA5hBTTHe_RVRK,-N_rS8ZhDu5VOuFPVl4D,E5mj0egfUROYn9wxNQzvruNjn6H3,300,false
,KG9Pba3wEih0TBi9XNHT4pI25V42,-Nl7ldAXg-HYEu5UMywi,-Nl7nGED9NfHgbo65J6t,oN4fTQF7tKQxTd2ikpBKxfcp7822,300,false
,KG9Pba3wEih0TBi9XNHT4pI25V42,-O08Scdjlm_JdR5aBA18,-O08VSmx--lFsgHdaDAi,rTZ82KNjL9MvtTXMxwbB9zvwdwd2,300,false
,KG9Pba3wEih0TBi9XNHT4pI25V42,-MvW5gwdK1MOWBE3u7g6,-MvW5gwdK1MOWBE3u7g9,ZeooLGIKBZNo1eWWTRVucxdOdPQ2,300,false
,KG9Pba3wEih0TBi9XNHT4pI25V42,-O08Scdjlm_JdR5aBA18,-O08TtG2VAtQLTTWo-SH,rTZ82KNjL9MvtTXMxwbB9zvwdwd2,300,false
,KG9Pba3wEih0TBi9XNHT4pI25V42,-MvW5gwdK1MOWBE3u7g6,-MvW5gwdK1MOWBE3u7g8,ZeooLGIKBZNo1eWWTRVucxdOdPQ2,300,false
,KG9Pba3wEih0TBi9XNHT4pI25V42,-Nzi60zH5ycXLCx0UeSc,-O32q1PPs4Pw3VLQvqWU,AVp53dfgqlYPtSgr1LQ00Mk0ET63,200,false
,KG9Pba3wEih0TBi9XNHT4pI25V42,-NoVk5Kd7SDp2FKbe2Jr,-NoVmLgFP3ev5v11tfAY,5thBaBZMEmdtt6Ny7mY60v3redb2,300,false
,KG9Pba3wEih0TBi9XNHT4pI25V42,-O08Scdjlm_JdR5aBA18,-O08TRGdveTR1ACscEE-,rTZ82KNjL9MvtTXMxwbB9zvwdwd2,300,false
,KG9Pba3wEih0TBi9XNHT4pI25V42,-O08Scdjlm_JdR5aBA18,-O08V9lYBzmXGZyY06NI,rTZ82KNjL9MvtTXMxwbB9zvwdwd2,300,false
,KG9Pba3wEih0TBi9XNHT4pI25V42,-Nt0dCRS9khradpJF5zd,-Nt0f94vJLCgbmyZBskU,CYOrZB3j1CUoQCRmQl0iguke2rJ2,200,false
,KG9Pba3wEih0TBi9XNHT4pI25V42,-O08vVh_sepkZWWYtBMO,-O08vsqJMhBWrNKTuKiS,Um7ukvX6WgX7IhV9IISWypHOqww1,300,false
,KG9Pba3wEih0TBi9XNHT4pI25V42,-NzhxakpJN9VUjNaxkDc,-Nzhy-U3IfUfhWdH4Rkg,yrkJoIfYniVPyVIz7it4OmO00fo1,300,false
,KG9Pba3wEih0TBi9XNHT4pI25V42,-Nzhrmf0iuIlOwL7OxlM,-NzhtvWUSkU3Hchvt1Fp,JjgK259ffIYREcCanlAIYEvUhNr1,300,false
,KG9Pba3wEih0TBi9XNHT4pI25V42,-O4A69NIczhDVSOvO-bK,-O4A7JRtUlLTg8YqAY37,W4zM5c0XmNfv11Z7mXQIjkP1QE82,300,false
,KG9Pba3wEih0TBi9XNHT4pI25V42,-O4A69NIczhDVSOvO-bK,-O4A7eTwQIItyzde7fnW,W4zM5c0XmNfv11Z7mXQIjkP1QE82,300,false
,KG9Pba3wEih0TBi9XNHT4pI25V42,-O4A69NIczhDVSOvO-bK,-O4A6vAjWhTh4c66lozl,W4zM5c0XmNfv11Z7mXQIjkP1QE82,300,false
,KG9Pba3wEih0TBi9XNHT4pI25V42,-Nc6UA9Hl08A7BFSuNAc,-Nc6XZAzfijtx9xTlfuD,nOYXOIr6QPaamwFVFH4qWy6hVSx2,200,false
,KG9Pba3wEih0TBi9XNHT4pI25V42,-NoVk5Kd7SDp2FKbe2Jr,-NoVnhugSUIhQyXwHgsf,5thBaBZMEmdtt6Ny7mY60v3redb2,200,false
,KG9Pba3wEih0TBi9XNHT4pI25V42,-NoVk5Kd7SDp2FKbe2Jr,-NoVo-uZ0FiuNvI5BazA,5thBaBZMEmdtt6Ny7mY60v3redb2,200,false
,KG9Pba3wEih0TBi9XNHT4pI25V42,-O2iRso2iyzmadqIfVbD,-O2iTSjZ967VPuSGP8ME,r81eaF32dKNviefmtozL4sD6eEk1,160,false
,KG9Pba3wEih0TBi9XNHT4pI25V42,-Nc6UA9Hl08A7BFSuNAc,-Nc6Wd3VTLEeMHlv4qLp,nOYXOIr6QPaamwFVFH4qWy6hVSx2,200,false
,KG9Pba3wEih0TBi9XNHT4pI25V42,-NoVk5Kd7SDp2FKbe2Jr,-NoVmeZVmmgYNxANZALf,5thBaBZMEmdtt6Ny7mY60v3redb2,300,false
,KG9Pba3wEih0TBi9XNHT4pI25V42,-NoVk5Kd7SDp2FKbe2Jr,-NoVl05cwblKySdgw3ES,5thBaBZMEmdtt6Ny7mY60v3redb2,300,false
,KG9Pba3wEih0TBi9XNHT4pI25V42,-Nz8TUgyp8W61kxo694b,-Nz8bngvOXQWuCw_YItd,sLVnOlTIEmQFwZkSnDjjhktmn5E2,0,false
,KG9Pba3wEih0TBi9XNHT4pI25V42,-Nz8gz69kcJhEvw7yuiK,-Nz8syGdcIwPn3fkc82I,qfu7IPPcCyXFoV1Gn1sToYfq5F63,260,false
,KG9Pba3wEih0TBi9XNHT4pI25V42,-NmC18VrA8CeragiVGu8,-NmC2faARSqpAG6okYEj,KQnsl0QxvGbTx1TXIQtGMKFlpBP2,300,false
,KG9Pba3wEih0TBi9XNHT4pI25V42,-Nzhrmf0iuIlOwL7OxlM,-NzhvUB-VJFOqmgk1mm9,JjgK259ffIYREcCanlAIYEvUhNr1,200,false
,KG9Pba3wEih0TBi9XNHT4pI25V42,-MvW5gwdK1MOWBE3u7g6,-MvW5gwdK1MOWBE3u7g9,JMB9iQ2uhhhpOqgszM45ARCg8Mo2,300,false
,KG9Pba3wEih0TBi9XNHT4pI25V42,-N8wrJ7SvHAC_pStTMIM,-N8wtlIzDIeb_bCLJrYv,3mbeRC9droMnuoIneXIXQdyV7vh1,300,false
,KG9Pba3wEih0TBi9XNHT4pI25V42,-MvW5gwdK1MOWBE3u7g6,-MvW5gwdK1MOWBE3u7g7,JMB9iQ2uhhhpOqgszM45ARCg8Mo2,300,false
,KG9Pba3wEih0TBi9XNHT4pI25V42,-Nzhrmf0iuIlOwL7OxlM,-NzhshtG_h2SG96Qhobf,JjgK259ffIYREcCanlAIYEvUhNr1,300,false
,KG9Pba3wEih0TBi9XNHT4pI25V42,-MvW5gwdK1MOWBE3u7g6,-MvW5gwdK1MOWBE3u7g8,JMB9iQ2uhhhpOqgszM45ARCg8Mo2,300,false
,KG9Pba3wEih0TBi9XNHT4pI25V42,-NmC18VrA8CeragiVGu8,-NmC4TFQCahBPwfbBz5Z,buRER1kN2kcHovbgNNGBVaCQ5qv1,200,false
,KG9Pba3wEih0TBi9XNHT4pI25V42,-NmC18VrA8CeragiVGu8,-NmC5J_583iJk4ArlvBh,buRER1kN2kcHovbgNNGBVaCQ5qv1,200,false
,KG9Pba3wEih0TBi9XNHT4pI25V42,-NikJ-sBrcRBMSF0jgFo,-NikKDH65SXjmZM5nj7g,4qpjHqWGxBVRircldaLbMbykVHs2,300,false
,KG9Pba3wEih0TBi9XNHT4pI25V42,-NmC18VrA8CeragiVGu8,-NmC6Txocmq8GZ4cO7H6,buRER1kN2kcHovbgNNGBVaCQ5qv1,200,false
,KG9Pba3wEih0TBi9XNHT4pI25V42,-NmC18VrA8CeragiVGu8,-NmC3zHKWpUgOPi-vIMv,buRER1kN2kcHovbgNNGBVaCQ5qv1,300,false
,KG9Pba3wEih0TBi9XNHT4pI25V42,-Nc6Oh9qfA9ThSW4lbxv,-Nc6QoTKmZndH7XV17Dj,SlhNRkc2t1UK4NCxgB7D0M9FYuw1,300,false
,KG9Pba3wEih0TBi9XNHT4pI25V42,-Nc6Oh9qfA9ThSW4lbxv,-Nc6REiQl4nV4AXPxknu,SlhNRkc2t1UK4NCxgB7D0M9FYuw1,300,false
,KG9Pba3wEih0TBi9XNHT4pI25V42,-NmC18VrA8CeragiVGu8,-NmC27wH2iBooJJtQVsG,buRER1kN2kcHovbgNNGBVaCQ5qv1,300,false
,KG9Pba3wEih0TBi9XNHT4pI25V42,-NyPQFt54nlNBW3puYIA,-NyPUlupQ6jBxywhUH63,5Cs2g0Sbaqbzc3QouNrhNMAyuZw2,350,false
,KG9Pba3wEih0TBi9XNHT4pI25V42,-NzhxakpJN9VUjNaxkDc,-NzhyWA4d2EoN1Y6-s-G,yrkJoIfYniVPyVIz7it4OmO00fo1,300,false
,KG9Pba3wEih0TBi9XNHT4pI25V42,-O3lSfIeS08GM2ivPHvw,-O3lU73vihDJ-tkjb1W7,zUbjejEygcOo1OhxGJ6EjSv3lnJ2,350,false
,KG9Pba3wEih0TBi9XNHT4pI25V42,-Nc6UA9Hl08A7BFSuNAc,-Nc6V0X6OIQrhj8c84Mw,vbbwMn5LPWZzIPeuqEF4oL4xFuE3,300,false
,KG9Pba3wEih0TBi9XNHT4pI25V42,-Nt0dCRS9khradpJF5zd,-Nt0e8w14Zy1GHbUCF5T,IzZti1dZivVK5Qbyxf6FRN64MfJ3,300,false
,KG9Pba3wEih0TBi9XNHT4pI25V42,-Nt0dCRS9khradpJF5zd,-Nt0eVtg7KrpUToZc6p7,IzZti1dZivVK5Qbyxf6FRN64MfJ3,300,false
,KG9Pba3wEih0TBi9XNHT4pI25V42,-O08Scdjlm_JdR5aBA18,-O08WetfDgMEbuIKjnxo,rTZ82KNjL9MvtTXMxwbB9zvwdwd2,200,false
,KG9Pba3wEih0TBi9XNHT4pI25V42,-O08Scdjlm_JdR5aBA18,-O08UN7JJcEyY_Wy3PcR,rTZ82KNjL9MvtTXMxwbB9zvwdwd2,300,false
,KG9Pba3wEih0TBi9XNHT4pI25V42,-O7mAuYTaeRX9n5j3Nuy,-O7mCbz8FUXkz_fhCbWV,GP5WzDwvMIWkMcB1FhNOUnc2G462,280,false
,KG9Pba3wEih0TBi9XNHT4pI25V42,-Nc6UA9Hl08A7BFSuNAc,-Nc6VTOrX-7LXkDnK1PC,awWrKAlk9PXdGkdhiSkXaLWbi2x2,300,false
,KG9Pba3wEih0TBi9XNHT4pI25V42,-N_rA4HA5hBTTHe_RVRK,-N_rI7ojBZ1mVQa0ySaf,E5mj0egfUROYn9wxNQzvruNjn6H3,200,false
,KG9Pba3wEih0TBi9XNHT4pI25V42,-O3lSfIeS08GM2ivPHvw,-O3lTdZLuXvPWQ5W3cyg,zUbjejEygcOo1OhxGJ6EjSv3lnJ2,350,false
,KG9Pba3wEih0TBi9XNHT4pI25V42,-O3lOj3T61E_5vERBmtE,-O3lRiqGBvKaPDAAJd5n,JlhVu3aP6rMQ7BSnai8t8h26tl02,200,false
,KG9Pba3wEih0TBi9XNHT4pI25V42,-Nl7ldAXg-HYEu5UMywi,-Nl7qo73b_M6fJHtWMeB,oN4fTQF7tKQxTd2ikpBKxfcp7822,200,false
,KG9Pba3wEih0TBi9XNHT4pI25V42,-Nl7ldAXg-HYEu5UMywi,-Nl7rw88iOihIHj-S3DA,oN4fTQF7tKQxTd2ikpBKxfcp7822,200,false
,KG9Pba3wEih0TBi9XNHT4pI25V42,-O4A69NIczhDVSOvO-bK,-O4A7JRtUlLTg8YqAY37,W4zM5c0XmNfv11Z7mXQIjkP1QE82,300,false
,KG9Pba3wEih0TBi9XNHT4pI25V42,-O08vVh_sepkZWWYtBMO,-O08we8MtTu5y6dHv9RH,CYpWDRnUquRtm81atKoUBuTJXAW2,300,false
,KG9Pba3wEih0TBi9XNHT4pI25V42,-Nl7ldAXg-HYEu5UMywi,-Nl7p0MqMy8IsomQju4P,O94rcEbcTCUI5FVAmPGd2AHHWLL2,300,false
,KG9Pba3wEih0TBi9XNHT4pI25V42,-O4A69NIczhDVSOvO-bK,-O4A7eTwQIItyzde7fnW,W4zM5c0XmNfv11Z7mXQIjkP1QE82,300,false
,KG9Pba3wEih0TBi9XNHT4pI25V42,-Nl7ldAXg-HYEu5UMywi,-Nl7nGED9NfHgbo65J6t,O94rcEbcTCUI5FVAmPGd2AHHWLL2,300,false
,KG9Pba3wEih0TBi9XNHT4pI25V42,-O3lSfIeS08GM2ivPHvw,-O3lUkHiQX_jTelG-byR,zUbjejEygcOo1OhxGJ6EjSv3lnJ2,200,false
,KG9Pba3wEih0TBi9XNHT4pI25V42,-NrG3htiQeFdwRH5uWDN,-NrG6gnqT9gYK-sLjvsk,Qkg0A8sNoGPGzfeGqoXz8uTAhWj2,350,false
,KG9Pba3wEih0TBi9XNHT4pI25V42,-O4A69NIczhDVSOvO-bK,-O4A6vAjWhTh4c66lozl,W4zM5c0XmNfv11Z7mXQIjkP1QE82,300,false
,KG9Pba3wEih0TBi9XNHT4pI25V42,-Nz8gz69kcJhEvw7yuiK,-Nz8tzF8mnIGB4W3X0tp,qfu7IPPcCyXFoV1Gn1sToYfq5F63,40,false
,KG9Pba3wEih0TBi9XNHT4pI25V42,-O85f_8vXT7G7-THmWlc,-O85giMK_SLtmAlEpEj0,y9qvolAXr7gMyva1KIcJBE755O22,300,false
,KG9Pba3wEih0TBi9XNHT4pI25V42,-Nz8gz69kcJhEvw7yuiK,-Nz8sbgEhTGqoDwMyKrG,qfu7IPPcCyXFoV1Gn1sToYfq5F63,260,false
,KG9Pba3wEih0TBi9XNHT4pI25V42,-NrG3htiQeFdwRH5uWDN,-NrG6DDd-74GAp1oKsuu,Qkg0A8sNoGPGzfeGqoXz8uTAhWj2,350,false
,KG9Pba3wEih0TBi9XNHT4pI25V42,-NrG3htiQeFdwRH5uWDN,-NrG5lwA4LweBQPkhqGB,Qkg0A8sNoGPGzfeGqoXz8uTAhWj2,350,false
,KG9Pba3wEih0TBi9XNHT4pI25V42,-O7mAuYTaeRX9n5j3Nuy,-O7mCbz8FUXkz_fhCbWV,GP5WzDwvMIWkMcB1FhNOUnc2G462,280,false
,KG9Pba3wEih0TBi9XNHT4pI25V42,-Nl7ldAXg-HYEu5UMywi,-Nl7qBavtazhQ8colX4P,IdtpilIV1ReygoXdEEC59xK1xQ13,300,false
,KG9Pba3wEih0TBi9XNHT4pI25V42,-NoVk5Kd7SDp2FKbe2Jr,-NoVmeZVmmgYNxANZALf,5thBaBZMEmdtt6Ny7mY60v3redb2,300,false
,KG9Pba3wEih0TBi9XNHT4pI25V42,-NmC18VrA8CeragiVGu8,-NmC2faARSqpAG6okYEj,buRER1kN2kcHovbgNNGBVaCQ5qv1,300,false
,KG9Pba3wEih0TBi9XNHT4pI25V42,-Nzhrmf0iuIlOwL7OxlM,-NzhshtG_h2SG96Qhobf,Lw1gUp2GHSd4hGlYmfUkSYLkM5o1,300,false
,KG9Pba3wEih0TBi9XNHT4pI25V42,-NmC7GdJysF695FFzZap,-NmC8seXEhZzMfrk_a5t,lzOBiwg6xYXQN4m1JLi0HhccRZl2,300,false
,KG9Pba3wEih0TBi9XNHT4pI25V42,-O7mAuYTaeRX9n5j3Nuy,-O7mDIl007mLEK73VuVW,GP5WzDwvMIWkMcB1FhNOUnc2G462,200,false
,KG9Pba3wEih0TBi9XNHT4pI25V42,-O7mAuYTaeRX9n5j3Nuy,-O7mCxZoracdLc3kQdG3,GP5WzDwvMIWkMcB1FhNOUnc2G462,200,false
,KG9Pba3wEih0TBi9XNHT4pI25V42,-NoVk5Kd7SDp2FKbe2Jr,-NoVlNhdzUovGOIM7iut,5thBaBZMEmdtt6Ny7mY60v3redb2,300,false
,KG9Pba3wEih0TBi9XNHT4pI25V42,-NyPQFt54nlNBW3puYIA,-NyPUlupQ6jBxywhUH63,5Cs2g0Sbaqbzc3QouNrhNMAyuZw2,350,false
,KG9Pba3wEih0TBi9XNHT4pI25V42,-MvW5gwdK1MOWBE3u7g6,-MvW5gwdK1MOWBE3u7gA,JMB9iQ2uhhhpOqgszM45ARCg8Mo2,200,false
,KG9Pba3wEih0TBi9XNHT4pI25V42,-O08Scdjlm_JdR5aBA18,-O08TRGdveTR1ACscEE-,rTZ82KNjL9MvtTXMxwbB9zvwdwd2,300,false
,KG9Pba3wEih0TBi9XNHT4pI25V42,-Nzhrmf0iuIlOwL7OxlM,-NzhwG4iOys6PHC31sma,Lw1gUp2GHSd4hGlYmfUkSYLkM5o1,200,false
,KG9Pba3wEih0TBi9XNHT4pI25V42,-O08Scdjlm_JdR5aBA18,-O08VSmx--lFsgHdaDAi,rTZ82KNjL9MvtTXMxwbB9zvwdwd2,300,false
,KG9Pba3wEih0TBi9XNHT4pI25V42,-Nzhrmf0iuIlOwL7OxlM,-Nzht5CMNinGqP-HpxQX,Lw1gUp2GHSd4hGlYmfUkSYLkM5o1,300,false
,KG9Pba3wEih0TBi9XNHT4pI25V42,-NzhxakpJN9VUjNaxkDc,-O3gb-6Y39mzH6rLXIV0,mmTwJ7MEr6YF86WoWphEyNdqg7y2,300,false
,KG9Pba3wEih0TBi9XNHT4pI25V42,-O2OF229tBkgX-nhToQ8,-O2OG6he4G6anOmfvIyZ,aIq50XJFWwPPZigawPsNHzP3xYm1,300,false
,KG9Pba3wEih0TBi9XNHT4pI25V42,-MvW5gwdK1MOWBE3u7g6,-MvW5gwdK1MOWBE3u7g9,XPhIUmnTUtUQud5G0xU6oeGtUKY2,300,false
,KG9Pba3wEih0TBi9XNHT4pI25V42,-MvW5gwdK1MOWBE3u7g6,-MvW5gwdK1MOWBE3u7g8,HEFpithj0SO5aI6KShbwTy47bLo1,300,false
,KG9Pba3wEih0TBi9XNHT4pI25V42,-O3lOj3T61E_5vERBmtE,-O3lP_RVoCHKUneAFPLU,JlhVu3aP6rMQ7BSnai8t8h26tl02,300,false
,KG9Pba3wEih0TBi9XNHT4pI25V42,-MvW5gwdK1MOWBE3u7g6,-MvW5gweqPowDXKXA3c1,JMB9iQ2uhhhpOqgszM45ARCg8Mo2,200,false
,KG9Pba3wEih0TBi9XNHT4pI25V42,-NoVk5Kd7SDp2FKbe2Jr,-NoVl05cwblKySdgw3ES,5thBaBZMEmdtt6Ny7mY60v3redb2,300,false
,KG9Pba3wEih0TBi9XNHT4pI25V42,-MvW5gwdK1MOWBE3u7g6,-MvW5gwdK1MOWBE3u7g7,HEFpithj0SO5aI6KShbwTy47bLo1,300,false
,KG9Pba3wEih0TBi9XNHT4pI25V42,-Nt0dCRS9khradpJF5zd,-Nt0eVtg7KrpUToZc6p7,vueKFO6ndyW11jhuUCEoqWlSRXG2,300,false
,KG9Pba3wEih0TBi9XNHT4pI25V42,-NyPQFt54nlNBW3puYIA,-NyPURUWwgu2qwP-H-fL,5Cs2g0Sbaqbzc3QouNrhNMAyuZw2,350,false
,KG9Pba3wEih0TBi9XNHT4pI25V42,-NzhxakpJN9VUjNaxkDc,-NzhyWA4d2EoN1Y6-s-G,AKkKHIIz5HXDpPOlSnMG1PoQXiV2,300,false
,KG9Pba3wEih0TBi9XNHT4pI25V42,-O08Scdjlm_JdR5aBA18,-O08TtG2VAtQLTTWo-SH,rTZ82KNjL9MvtTXMxwbB9zvwdwd2,300,false
,KG9Pba3wEih0TBi9XNHT4pI25V42,-Nzhrmf0iuIlOwL7OxlM,-NzhshtG_h2SG96Qhobf,Lw1gUp2GHSd4hGlYmfUkSYLkM5o1,300,false
,KG9Pba3wEih0TBi9XNHT4pI25V42,-Nzhrmf0iuIlOwL7OxlM,-NzhvUB-VJFOqmgk1mm9,Lw1gUp2GHSd4hGlYmfUkSYLkM5o1,200,false
,KG9Pba3wEih0TBi9XNHT4pI25V42,-Nzhrmf0iuIlOwL7OxlM,-Nzht5CMNinGqP-HpxQX,Lw1gUp2GHSd4hGlYmfUkSYLkM5o1,300,false
,KG9Pba3wEih0TBi9XNHT4pI25V42,-NoVk5Kd7SDp2FKbe2Jr,-NoVnK4HclG1KSpRyrTk,5thBaBZMEmdtt6Ny7mY60v3redb2,200,false
,KG9Pba3wEih0TBi9XNHT4pI25V42,-NrG3htiQeFdwRH5uWDN,-NrG7GTRtvB4HNgk14D_,0kWeEMhoiyfQdacOJAOWgYnJxN73,350,false
,KG9Pba3wEih0TBi9XNHT4pI25V42,-Nzhrmf0iuIlOwL7OxlM,-NzhtT8zbN9PIqu0RgQ0,Lw1gUp2GHSd4hGlYmfUkSYLkM5o1,300,false
,KG9Pba3wEih0TBi9XNHT4pI25V42,-Nzhrmf0iuIlOwL7OxlM,-NzhtvWUSkU3Hchvt1Fp,Lw1gUp2GHSd4hGlYmfUkSYLkM5o1,300,false
,KG9Pba3wEih0TBi9XNHT4pI25V42,-Nzhrmf0iuIlOwL7OxlM,-NzhtT8zbN9PIqu0RgQ0,Lw1gUp2GHSd4hGlYmfUkSYLkM5o1,300,false
,KG9Pba3wEih0TBi9XNHT4pI25V42,-NZZuJzST4E62TJ_gPvq,-N_rruIq0BgOu7VCPENp,hwYbyPiHbbR60ymc2uaXNxbhVTD2,300,false
,KG9Pba3wEih0TBi9XNHT4pI25V42,-O08Scdjlm_JdR5aBA18,-O08X4OjSysslQtCnSef,rTZ82KNjL9MvtTXMxwbB9zvwdwd2,200,false
,KG9Pba3wEih0TBi9XNHT4pI25V42,-NikJ-sBrcRBMSF0jgFo,-NikKlkgG8STENhi1-RG,4qpjHqWGxBVRircldaLbMbykVHs2,300,false
,KG9Pba3wEih0TBi9XNHT4pI25V42,-NikJ-sBrcRBMSF0jgFo,-NikKDH65SXjmZM5nj7g,4qpjHqWGxBVRircldaLbMbykVHs2,300,false
,KG9Pba3wEih0TBi9XNHT4pI25V42,-NoVk5Kd7SDp2FKbe2Jr,-NoVlNhdzUovGOIM7iut,5thBaBZMEmdtt6Ny7mY60v3redb2,300,false
,KG9Pba3wEih0TBi9XNHT4pI25V42,-Nl7ldAXg-HYEu5UMywi,-Nl7qo73b_M6fJHtWMeB,O94rcEbcTCUI5FVAmPGd2AHHWLL2,200,false
,KG9Pba3wEih0TBi9XNHT4pI25V42,-NrG3htiQeFdwRH5uWDN,-NrG5HJYwfH4liroGXii,Qkg0A8sNoGPGzfeGqoXz8uTAhWj2,350,false
,KG9Pba3wEih0TBi9XNHT4pI25V42,-Nc6Oh9qfA9ThSW4lbxv,-Nc6QJoVKBMMQDLBFT37,RFcnfALhKkOl3HagnrYoAKh4ATa2,300,false
,KG9Pba3wEih0TBi9XNHT4pI25V42,-NrG3htiQeFdwRH5uWDN,-NrG6gnqT9gYK-sLjvsk,Qkg0A8sNoGPGzfeGqoXz8uTAhWj2,350,false
,KG9Pba3wEih0TBi9XNHT4pI25V42,-Nt0dCRS9khradpJF5zd,-Nt0dk7NbHkuHI8_DjTA,GvVX5IcXZwdn4ck7nvxBsVLrB9y1,300,false
,KG9Pba3wEih0TBi9XNHT4pI25V42,-O08vVh_sepkZWWYtBMO,-O08wzXd6faohj_jfp2v,nkt0JFjiY0X7kJejyqOq7PZstHu2,300,false
,KG9Pba3wEih0TBi9XNHT4pI25V42,-NrG3htiQeFdwRH5uWDN,-NrG8p8JAWM6a_keuTXq,Qkg0A8sNoGPGzfeGqoXz8uTAhWj2,200,false
,KG9Pba3wEih0TBi9XNHT4pI25V42,-NrG3htiQeFdwRH5uWDN,-NrG8DuY47gGAxT5u_Bh,Qkg0A8sNoGPGzfeGqoXz8uTAhWj2,200,false
,KG9Pba3wEih0TBi9XNHT4pI25V42,-Nzhrmf0iuIlOwL7OxlM,-Nzht5CMNinGqP-HpxQX,Lw1gUp2GHSd4hGlYmfUkSYLkM5o1,300,false
,KG9Pba3wEih0TBi9XNHT4pI25V42,-O4A69NIczhDVSOvO-bK,-O4A8U3FC8qU3Y1efNl9,W4zM5c0XmNfv11Z7mXQIjkP1QE82,200,false
,KG9Pba3wEih0TBi9XNHT4pI25V42,-NoVk5Kd7SDp2FKbe2Jr,-NoVnhugSUIhQyXwHgsf,5thBaBZMEmdtt6Ny7mY60v3redb2,200,false
,KG9Pba3wEih0TBi9XNHT4pI25V42,-O4A69NIczhDVSOvO-bK,-O4A9Zu1SvZjXrQoQyrl,W4zM5c0XmNfv11Z7mXQIjkP1QE82,200,false
,KG9Pba3wEih0TBi9XNHT4pI25V42,-NyVaxBHWh_fOMAilGLc,-NyZC8-DHEABcexQ52Ih,IMUphzIjrXbFJrCDY0fZ9DyRMMA3,350,false
,KG9Pba3wEih0TBi9XNHT4pI25V42,-O08vVh_sepkZWWYtBMO,-O08zgddF2Y5hb31ggP0,CYpWDRnUquRtm81atKoUBuTJXAW2,200,false
,KG9Pba3wEih0TBi9XNHT4pI25V42,-O08Scdjlm_JdR5aBA18,-O08UN7JJcEyY_Wy3PcR,rTZ82KNjL9MvtTXMxwbB9zvwdwd2,300,false
,KG9Pba3wEih0TBi9XNHT4pI25V42,-O08Scdjlm_JdR5aBA18,-O08V9lYBzmXGZyY06NI,rTZ82KNjL9MvtTXMxwbB9zvwdwd2,300,false
,KG9Pba3wEih0TBi9XNHT4pI25V42,-Nc6UA9Hl08A7BFSuNAc,-Nc6VTOrX-7LXkDnK1PC,awWrKAlk9PXdGkdhiSkXaLWbi2x2,300,false
,KG9Pba3wEih0TBi9XNHT4pI25V42,-NyVaxBHWh_fOMAilGLc,-NyZBjZLvY3AO5AteGiE,IMUphzIjrXbFJrCDY0fZ9DyRMMA3,350,false
,KG9Pba3wEih0TBi9XNHT4pI25V42,-NmC18VrA8CeragiVGu8,-NmC27wH2iBooJJtQVsG,uM11uPldsrUpShqMxD5W4b4QF4n2,300,false
,KG9Pba3wEih0TBi9XNHT4pI25V42,-OEO3uN0yOJDl9KJg_L-,-OEO4pg2vgOp_5oQttSc,lzE8rR5G2QPhwIctNWVuGoFjJfF3,300,false
,KG9Pba3wEih0TBi9XNHT4pI25V42,-NmC18VrA8CeragiVGu8,-NmC3zHKWpUgOPi-vIMv,uM11uPldsrUpShqMxD5W4b4QF4n2,300,false
,KG9Pba3wEih0TBi9XNHT4pI25V42,-O85f_8vXT7G7-THmWlc,-O85hV3L99V3Phl3GM9W,y9qvolAXr7gMyva1KIcJBE755O22,200,false
,KG9Pba3wEih0TBi9XNHT4pI25V42,-O08vVh_sepkZWWYtBMO,-O08vsqJMhBWrNKTuKiS,IYDM6zjX8bRm9e1GtBHmhSjwJci1,300,false
,KG9Pba3wEih0TBi9XNHT4pI25V42,-O08vVh_sepkZWWYtBMO,-O08wG3qCuMaBM2jUzna,IYDM6zjX8bRm9e1GtBHmhSjwJci1,300,false
,KG9Pba3wEih0TBi9XNHT4pI25V42,-NikJ-sBrcRBMSF0jgFo,-NikLFJvnMyG7jfT-dK8,4qpjHqWGxBVRircldaLbMbykVHs2,300,false
,KG9Pba3wEih0TBi9XNHT4pI25V42,-O08vVh_sepkZWWYtBMO,-O08we8MtTu5y6dHv9RH,yc5zOvTCt5MvNLoeSOH2x87rxNa2,300,false
,KG9Pba3wEih0TBi9XNHT4pI25V42,-NyPQFt54nlNBW3puYIA,-Nz7cLqwnDL_8r61vhry,5Cs2g0Sbaqbzc3QouNrhNMAyuZw2,200,false
,KG9Pba3wEih0TBi9XNHT4pI25V42,-O4A69NIczhDVSOvO-bK,-O4A7JRtUlLTg8YqAY37,W4zM5c0XmNfv11Z7mXQIjkP1QE82,300,false
,KG9Pba3wEih0TBi9XNHT4pI25V42,-Nt0dCRS9khradpJF5zd,-Nt0f94vJLCgbmyZBskU,vueKFO6ndyW11jhuUCEoqWlSRXG2,200,false
,KG9Pba3wEih0TBi9XNHT4pI25V42,-O4A69NIczhDVSOvO-bK,-O4A7eTwQIItyzde7fnW,W4zM5c0XmNfv11Z7mXQIjkP1QE82,300,false
,KG9Pba3wEih0TBi9XNHT4pI25V42,-NyPQFt54nlNBW3puYIA,-NyPUlupQ6jBxywhUH63,5Cs2g0Sbaqbzc3QouNrhNMAyuZw2,350,false
,KG9Pba3wEih0TBi9XNHT4pI25V42,-O4A69NIczhDVSOvO-bK,-O4A6vAjWhTh4c66lozl,W4zM5c0XmNfv11Z7mXQIjkP1QE82,300,false
,KG9Pba3wEih0TBi9XNHT4pI25V42,-O2iCO-kMj1e3jLBhk3I,-O2iDWVm9nO-tPeKLcN7,UfhTbmRo8YTPnE5Da3ShB3Oylj02,300,false
,KG9Pba3wEih0TBi9XNHT4pI25V42,-N_rA4HA5hBTTHe_RVRK,-N_rEGL1tgsluDWD6ex-,ZXyHmycZEOhRkatYrMtWne9m4tv2,300,false
,KG9Pba3wEih0TBi9XNHT4pI25V42,-N_rA4HA5hBTTHe_RVRK,-N_rS8ZhDu5VOuFPVl4D,ZXyHmycZEOhRkatYrMtWne9m4tv2,300,false
,KG9Pba3wEih0TBi9XNHT4pI25V42,-O08vVh_sepkZWWYtBMO,-O08xSuDFCHuFY5S4x7d,Kr2jQrW2ZAUy8XajzeDmeqeGI322,300,false
,KG9Pba3wEih0TBi9XNHT4pI25V42,-NoVk5Kd7SDp2FKbe2Jr,-NoVmLgFP3ev5v11tfAY,5thBaBZMEmdtt6Ny7mY60v3redb2,300,false
,KG9Pba3wEih0TBi9XNHT4pI25V42,-Nzhrmf0iuIlOwL7OxlM,-Nzht5CMNinGqP-HpxQX,H2jyk9Kk4Egv3tZTeWh0blo3FT63,300,false
,KG9Pba3wEih0TBi9XNHT4pI25V42,-NyZD8bzYBvRicskkW1I,-NyZDwq6dGNBkNl8mQGy,LiFOrD73diQxqWFALmlbObJVzaD2,350,false
,KG9Pba3wEih0TBi9XNHT4pI25V42,-NrG3htiQeFdwRH5uWDN,-NrG7hiiHcPoz2vy0EwF,0kWeEMhoiyfQdacOJAOWgYnJxN73,200,false
,KG9Pba3wEih0TBi9XNHT4pI25V42,-O08Scdjlm_JdR5aBA18,-O08XTpLd6NlmtuTwnpD,rTZ82KNjL9MvtTXMxwbB9zvwdwd2,200,false
,KG9Pba3wEih0TBi9XNHT4pI25V42,-NoVk5Kd7SDp2FKbe2Jr,-NoVo-uZ0FiuNvI5BazA,5thBaBZMEmdtt6Ny7mY60v3redb2,200,false
,KG9Pba3wEih0TBi9XNHT4pI25V42,-O-1Cyu-zBSt-dIFoblE,-O-1FmAoeLjT-YSDRXuk,1gGzMXxa8mRjJmRNlZSekOpiBRJ3,330,false
,KG9Pba3wEih0TBi9XNHT4pI25V42,-NmC18VrA8CeragiVGu8,-NmC4TFQCahBPwfbBz5Z,buRER1kN2kcHovbgNNGBVaCQ5qv1,200,false
,KG9Pba3wEih0TBi9XNHT4pI25V42,-NmC18VrA8CeragiVGu8,-NmC5J_583iJk4ArlvBh,buRER1kN2kcHovbgNNGBVaCQ5qv1,200,false
,KG9Pba3wEih0TBi9XNHT4pI25V42,-NmC18VrA8CeragiVGu8,-NmC6Txocmq8GZ4cO7H6,buRER1kN2kcHovbgNNGBVaCQ5qv1,200,false
,KG9Pba3wEih0TBi9XNHT4pI25V42,-O2iRso2iyzmadqIfVbD,-O2iT4IXCgbFFbsoUOyi,rxTKf6mjmpaKWTPO53JtohfTtE32,300,false
,KG9Pba3wEih0TBi9XNHT4pI25V42,-O08Scdjlm_JdR5aBA18,-O08WDcPi1su6xlGGOtO,rTZ82KNjL9MvtTXMxwbB9zvwdwd2,200,false
,KG9Pba3wEih0TBi9XNHT4pI25V42,-NZZuJzST4E62TJ_gPvq,-N_rsaAGDmIPKyJ2IPXr,hwYbyPiHbbR60ymc2uaXNxbhVTD2,200,false
,KG9Pba3wEih0TBi9XNHT4pI25V42,-NoVk5Kd7SDp2FKbe2Jr,-NoVl05cwblKySdgw3ES,5thBaBZMEmdtt6Ny7mY60v3redb2,300,false
,KG9Pba3wEih0TBi9XNHT4pI25V42,-NyVaxBHWh_fOMAilGLc,-NyZC_42Anw3-eR6f9fa,IMUphzIjrXbFJrCDY0fZ9DyRMMA3,200,false
,KG9Pba3wEih0TBi9XNHT4pI25V42,-Nc6Oh9qfA9ThSW4lbxv,-Nc6Rn483ku8JuI8KTnm,SlhNRkc2t1UK4NCxgB7D0M9FYuw1,200,false
,KG9Pba3wEih0TBi9XNHT4pI25V42,-NZZuJzST4E62TJ_gPvq,-N_rruIq0BgOu7VCPENp,T9JqGDY5qCZRES9ZqTrcyPqEvFt2,300,false
,KG9Pba3wEih0TBi9XNHT4pI25V42,-NmC7GdJysF695FFzZap,-NmC8seXEhZzMfrk_a5t,lzOBiwg6xYXQN4m1JLi0HhccRZl2,300,false
,KG9Pba3wEih0TBi9XNHT4pI25V42,-NyPT5X9y1d-Hfu3x4Kk,-NyPVWdQ2KUiPkIKO_Am,unx7JeTSE9cEGdBknsaCP6fOn722,350,false
,KG9Pba3wEih0TBi9XNHT4pI25V42,-MvW5gwdK1MOWBE3u7g6,-MvW5gwdK1MOWBE3u7g8,EJYzHNZhlBh9dGKikIhvQDUYOnZ2,300,false
,KG9Pba3wEih0TBi9XNHT4pI25V42,-O7mAuYTaeRX9n5j3Nuy,-O7mDIl007mLEK73VuVW,GP5WzDwvMIWkMcB1FhNOUnc2G462,200,false
,KG9Pba3wEih0TBi9XNHT4pI25V42,-O-1Cyu-zBSt-dIFoblE,-O-1G956IpbNok5TxV4J,1gGzMXxa8mRjJmRNlZSekOpiBRJ3,180,false
,KG9Pba3wEih0TBi9XNHT4pI25V42,-O2OF229tBkgX-nhToQ8,-O2OHjqDU5YM-vl-AQut,0AVJzqhE1SdmALfANXQgoIAhRPi2,200,false
,KG9Pba3wEih0TBi9XNHT4pI25V42,-NzhxakpJN9VUjNaxkDc,-O3gb-6Y39mzH6rLXIV0,RGCKQW1IKAaCe6ObioUsOLUaoT83,300,false
,KG9Pba3wEih0TBi9XNHT4pI25V42,-NtRGnH3AbJJ9Y2PvrXH,-NtRHNLYn6asza81C5t3,i7OZAXq2ERagRVtlg58zkKCeWor1,500,false
,KG9Pba3wEih0TBi9XNHT4pI25V42,-NcXs2ErKckrr89Qsdf_,-NcXszPYLYFyRWlyT2jh,Em5ikAsNyIWtFq0uXd2kkiKGj9o2,300,false
,KG9Pba3wEih0TBi9XNHT4pI25V42,-NcXs2ErKckrr89Qsdf_,-NcXtZe9WkI7UNKrLLhZ,Em5ikAsNyIWtFq0uXd2kkiKGj9o2,300,false
,KG9Pba3wEih0TBi9XNHT4pI25V42,-NcXs2ErKckrr89Qsdf_,-NcXu2OMUrzqZKduQwRD,Em5ikAsNyIWtFq0uXd2kkiKGj9o2,300,false
,KG9Pba3wEih0TBi9XNHT4pI25V42,-Nz8gz69kcJhEvw7yuiK,-Nz8tbsNgSMTHHogrwO3,qfu7IPPcCyXFoV1Gn1sToYfq5F63,40,false
,KG9Pba3wEih0TBi9XNHT4pI25V42,-O08Scdjlm_JdR5aBA18,-O08VSmx--lFsgHdaDAi,rTZ82KNjL9MvtTXMxwbB9zvwdwd2,300,false
,KG9Pba3wEih0TBi9XNHT4pI25V42,-NrG3htiQeFdwRH5uWDN,-NrG9jnOfMjfAqS3CimW,Qkg0A8sNoGPGzfeGqoXz8uTAhWj2,200,false
,KG9Pba3wEih0TBi9XNHT4pI25V42,-Nzhrmf0iuIlOwL7OxlM,-NzhtT8zbN9PIqu0RgQ0,JjgK259ffIYREcCanlAIYEvUhNr1,300,false
,KG9Pba3wEih0TBi9XNHT4pI25V42,-O08Scdjlm_JdR5aBA18,-O08Vq6SVkj8UemuXMFg,rTZ82KNjL9MvtTXMxwbB9zvwdwd2,200,false
,KG9Pba3wEih0TBi9XNHT4pI25V42,-NcXs2ErKckrr89Qsdf_,-NcXu_7aEPbNNzccZoQf,Em5ikAsNyIWtFq0uXd2kkiKGj9o2,300,false
,KG9Pba3wEih0TBi9XNHT4pI25V42,-Nt0dCRS9khradpJF5zd,-Nt0f94vJLCgbmyZBskU,vueKFO6ndyW11jhuUCEoqWlSRXG2,200,false
,KG9Pba3wEih0TBi9XNHT4pI25V42,-MvW5gwdK1MOWBE3u7g6,-MvW5gwdK1MOWBE3u7g9,tN753KCLnVZLZrja5cvdnopT1s23,300,false
,KG9Pba3wEih0TBi9XNHT4pI25V42,-O2iCO-kMj1e3jLBhk3I,-O2iMdXQsSAmK0lohefp,oXqZ0ZlQsLcTSPY8UOyukVWaYuG3,300,false
,KG9Pba3wEih0TBi9XNHT4pI25V42,-MvW5gwdK1MOWBE3u7g6,-MvW5gwdK1MOWBE3u7g7,QxOvoyGV70OE9dAvjUkaxkircPz2,300,false
,KG9Pba3wEih0TBi9XNHT4pI25V42,-Nzhrmf0iuIlOwL7OxlM,-NzhshtG_h2SG96Qhobf,JjgK259ffIYREcCanlAIYEvUhNr1,300,false
,KG9Pba3wEih0TBi9XNHT4pI25V42,-Nzhrmf0iuIlOwL7OxlM,-NzhtvWUSkU3Hchvt1Fp,JjgK259ffIYREcCanlAIYEvUhNr1,300,false
,KG9Pba3wEih0TBi9XNHT4pI25V42,-Nt0dCRS9khradpJF5zd,-Nt0e8w14Zy1GHbUCF5T,vueKFO6ndyW11jhuUCEoqWlSRXG2,300,false
,KG9Pba3wEih0TBi9XNHT4pI25V42,-Nt0dCRS9khradpJF5zd,-Nt0eVtg7KrpUToZc6p7,vueKFO6ndyW11jhuUCEoqWlSRXG2,300,false
,KG9Pba3wEih0TBi9XNHT4pI25V42,-Nc6UA9Hl08A7BFSuNAc,-Nc6V0X6OIQrhj8c84Mw,mEqWwr40fnT9iL3f90Ezz2gSrUW2,300,false
,KG9Pba3wEih0TBi9XNHT4pI25V42,-O2iRso2iyzmadqIfVbD,-O2iSJxW236KMyApWe0f,koJjtaavqQVJQWwbdbOGECX2YIm1,300,false
,KG9Pba3wEih0TBi9XNHT4pI25V42,-O08vVh_sepkZWWYtBMO,-O08xp27Zwk-Wmm4rMD1,IYDM6zjX8bRm9e1GtBHmhSjwJci1,200,false
,KG9Pba3wEih0TBi9XNHT4pI25V42,-OEO3uN0yOJDl9KJg_L-,-OEO5El6_avpB5kj8qs8,lzE8rR5G2QPhwIctNWVuGoFjJfF3,160,false
,KG9Pba3wEih0TBi9XNHT4pI25V42,-O08vVh_sepkZWWYtBMO,-O08yCp4I32zV8Lv4yeV,IYDM6zjX8bRm9e1GtBHmhSjwJci1,200,false
,KG9Pba3wEih0TBi9XNHT4pI25V42,-O08vVh_sepkZWWYtBMO,-O08z7-lRDWJ_U1pxQmd,yc5zOvTCt5MvNLoeSOH2x87rxNa2,200,false
,KG9Pba3wEih0TBi9XNHT4pI25V42,-O4A69NIczhDVSOvO-bK,-O4A9Zu1SvZjXrQoQyrl,W4zM5c0XmNfv11Z7mXQIjkP1QE82,200,false
,KG9Pba3wEih0TBi9XNHT4pI25V42,-O2OF229tBkgX-nhToQ8,-O2OFlD0FivMgNFq6m0C,gangA16HKJMqzW6Bc1FRcXnnC1B3,300,false
,KG9Pba3wEih0TBi9XNHT4pI25V42,-O08vVh_sepkZWWYtBMO,-O08vsqJMhBWrNKTuKiS,4WScldqNmCboRfSs7ZgRDB4tWBV2,300,false
,KG9Pba3wEih0TBi9XNHT4pI25V42,-N_rA4HA5hBTTHe_RVRK,-N_rI7ojBZ1mVQa0ySaf,ZXyHmycZEOhRkatYrMtWne9m4tv2,200,false
,KG9Pba3wEih0TBi9XNHT4pI25V42,-N_rA4HA5hBTTHe_RVRK,-N_rIiG2lwzIljYr2Fdg,ZXyHmycZEOhRkatYrMtWne9m4tv2,200,false
,KG9Pba3wEih0TBi9XNHT4pI25V42,-O2OF229tBkgX-nhToQ8,-O2OG6he4G6anOmfvIyZ,7OliUNvMaFbKNo3UpnvGY4Favx92,300,false
,KG9Pba3wEih0TBi9XNHT4pI25V42,-NoVk5Kd7SDp2FKbe2Jr,-NoVmeZVmmgYNxANZALf,5thBaBZMEmdtt6Ny7mY60v3redb2,300,false
,KG9Pba3wEih0TBi9XNHT4pI25V42,-NoVk5Kd7SDp2FKbe2Jr,-NoVlNhdzUovGOIM7iut,5thBaBZMEmdtt6Ny7mY60v3redb2,300,false
,KG9Pba3wEih0TBi9XNHT4pI25V42,-O7mAuYTaeRX9n5j3Nuy,-O7mCbz8FUXkz_fhCbWV,GP5WzDwvMIWkMcB1FhNOUnc2G462,280,false
,KG9Pba3wEih0TBi9XNHT4pI25V42,-Nt0dCRS9khradpJF5zd,-Nt0dk7NbHkuHI8_DjTA,1qx07BvTLgTkjCBof60cz6wosAi1,300,false
,KG9Pba3wEih0TBi9XNHT4pI25V42,-O4A69NIczhDVSOvO-bK,-O4A8U3FC8qU3Y1efNl9,W4zM5c0XmNfv11Z7mXQIjkP1QE82,200,false
,KG9Pba3wEih0TBi9XNHT4pI25V42,-O2iCO-kMj1e3jLBhk3I,-O2iL265NrWC4taVxZJK,UfhTbmRo8YTPnE5Da3ShB3Oylj02,300,false
,KG9Pba3wEih0TBi9XNHT4pI25V42,-O2iCO-kMj1e3jLBhk3I,-O2iP12-s0wTyHg-nNUr,UfhTbmRo8YTPnE5Da3ShB3Oylj02,200,false
,KG9Pba3wEih0TBi9XNHT4pI25V42,-O4A69NIczhDVSOvO-bK,-O4A7JRtUlLTg8YqAY37,W4zM5c0XmNfv11Z7mXQIjkP1QE82,300,false
,KG9Pba3wEih0TBi9XNHT4pI25V42,-MvW5gwdK1MOWBE3u7g6,-MvW5gweqPowDXKXA3c1,QxOvoyGV70OE9dAvjUkaxkircPz2,200,false
,KG9Pba3wEih0TBi9XNHT4pI25V42,-MvW5gwdK1MOWBE3u7g6,-MvW5gwdK1MOWBE3u7g7,uZJ0hbBhDXTTNR2vEw0UppR45uo2,300,false
,KG9Pba3wEih0TBi9XNHT4pI25V42,-NzhxakpJN9VUjNaxkDc,-NzhyWA4d2EoN1Y6-s-G,c9c7rv3C5FaAjfGTREHBl7hEmP92,300,false
,KG9Pba3wEih0TBi9XNHT4pI25V42,-Nc6Oh9qfA9ThSW4lbxv,-Nc6QoTKmZndH7XV17Dj,1UrIwOV8XfVxTlzmuYkpRuGVQGr1,300,false
,KG9Pba3wEih0TBi9XNHT4pI25V42,-NzhxakpJN9VUjNaxkDc,-Nzhy-U3IfUfhWdH4Rkg,c9c7rv3C5FaAjfGTREHBl7hEmP92,300,false
,KG9Pba3wEih0TBi9XNHT4pI25V42,-NmC18VrA8CeragiVGu8,-NmC3zHKWpUgOPi-vIMv,u9nvZMgaknaTAsOYz6mFE7i3mJI3,300,false
,KG9Pba3wEih0TBi9XNHT4pI25V42,-O2iRso2iyzmadqIfVbD,-O2iTSjZ967VPuSGP8ME,rxTKf6mjmpaKWTPO53JtohfTtE32,160,false
,KG9Pba3wEih0TBi9XNHT4pI25V42,-O2iCO-kMj1e3jLBhk3I,-O2iLafmghSVp3Dx_p0V,oXqZ0ZlQsLcTSPY8UOyukVWaYuG3,300,false
,KG9Pba3wEih0TBi9XNHT4pI25V42,-O2iCO-kMj1e3jLBhk3I,-O2iM7WL6efm2x91FehE,oXqZ0ZlQsLcTSPY8UOyukVWaYuG3,300,false
,KG9Pba3wEih0TBi9XNHT4pI25V42,-MvW5gwdK1MOWBE3u7g6,-MvW5gwdK1MOWBE3u7g8,uZJ0hbBhDXTTNR2vEw0UppR45uo2,300,false
,KG9Pba3wEih0TBi9XNHT4pI25V42,-O3lSfIeS08GM2ivPHvw,-O3lU73vihDJ-tkjb1W7,zUbjejEygcOo1OhxGJ6EjSv3lnJ2,350,false
,KG9Pba3wEih0TBi9XNHT4pI25V42,-Nzi60zH5ycXLCx0UeSc,-Nzi7o-Lf_jPEMf3Qg5K,AVp53dfgqlYPtSgr1LQ00Mk0ET63,300,false
,KG9Pba3wEih0TBi9XNHT4pI25V42,-Nzi60zH5ycXLCx0UeSc,-Nzi88nW1AZ1lhfpa2Fr,AVp53dfgqlYPtSgr1LQ00Mk0ET63,300,false
,KG9Pba3wEih0TBi9XNHT4pI25V42,-O2iRso2iyzmadqIfVbD,-O2iUS2MXzci6rSo-gDh,W90I43QYCufbQIKslkbZdze89mo1,160,false
,KG9Pba3wEih0TBi9XNHT4pI25V42,-O2iRso2iyzmadqIfVbD,-O2iT4IXCgbFFbsoUOyi,W90I43QYCufbQIKslkbZdze89mo1,300,false
,KG9Pba3wEih0TBi9XNHT4pI25V42,-Nzi60zH5ycXLCx0UeSc,-Nzi8TU0ud-USRS0szII,AVp53dfgqlYPtSgr1LQ00Mk0ET63,300,false
,KG9Pba3wEih0TBi9XNHT4pI25V42,-O08vVh_sepkZWWYtBMO,-O08wG3qCuMaBM2jUzna,xr6T4F1MsRSXFPYhBVmiQ5xJhQ92,300,false
,KG9Pba3wEih0TBi9XNHT4pI25V42,-NmC18VrA8CeragiVGu8,-NmC27wH2iBooJJtQVsG,uM11uPldsrUpShqMxD5W4b4QF4n2,300,false
,KG9Pba3wEih0TBi9XNHT4pI25V42,-NZZuJzST4E62TJ_gPvq,-N_rt7ahXgFboCA3MJck,T9JqGDY5qCZRES9ZqTrcyPqEvFt2,200,false
,KG9Pba3wEih0TBi9XNHT4pI25V42,-O7mAuYTaeRX9n5j3Nuy,-O7mCHN-I06WYMsxafGK,GP5WzDwvMIWkMcB1FhNOUnc2G462,280,false
,KG9Pba3wEih0TBi9XNHT4pI25V42,-O2iRso2iyzmadqIfVbD,-O2iSiCZ3n_IDeoNr9Sj,j3TWMahOu7Sb1XeUjwnUGga6lIE3,300,false
,KG9Pba3wEih0TBi9XNHT4pI25V42,-O3lSfIeS08GM2ivPHvw,-O3lTHRbe8YhqeVxbo4P,zUbjejEygcOo1OhxGJ6EjSv3lnJ2,350,false
,KG9Pba3wEih0TBi9XNHT4pI25V42,-O3lSfIeS08GM2ivPHvw,-O3lTdZLuXvPWQ5W3cyg,zUbjejEygcOo1OhxGJ6EjSv3lnJ2,350,false
,KG9Pba3wEih0TBi9XNHT4pI25V42,-O7mAuYTaeRX9n5j3Nuy,-O7mCxZoracdLc3kQdG3,GP5WzDwvMIWkMcB1FhNOUnc2G462,200,false
,KG9Pba3wEih0TBi9XNHT4pI25V42,-Nz8gz69kcJhEvw7yuiK,-Nz8tzF8mnIGB4W3X0tp,qfu7IPPcCyXFoV1Gn1sToYfq5F63,40,false
,KG9Pba3wEih0TBi9XNHT4pI25V42,-O2-oGHz11fN1Dyp-42c,-O2-qGzEBYM71AuaYCCz,eNqLkGHPGAOM9smRBuwgPzVGIxT2,280,false
,KG9Pba3wEih0TBi9XNHT4pI25V42,-Nz8TUgyp8W61kxo694b,-Nz8cI8DRjzOud1NKXDp,ZHM5CmcdnWVRTrFt4ONtmK5AHV73,350,false
,KG9Pba3wEih0TBi9XNHT4pI25V42,-O2-oGHz11fN1Dyp-42c,-O2-pmynfFSPbXckcgD4,eNqLkGHPGAOM9smRBuwgPzVGIxT2,280,false
,KG9Pba3wEih0TBi9XNHT4pI25V42,-Nz8gz69kcJhEvw7yuiK,-Nz8syGdcIwPn3fkc82I,qfu7IPPcCyXFoV1Gn1sToYfq5F63,260,false
,KG9Pba3wEih0TBi9XNHT4pI25V42,-Nzi60zH5ycXLCx0UeSc,-Nzi8rPTTrUnNE570wXg,AVp53dfgqlYPtSgr1LQ00Mk0ET63,300,false
,KG9Pba3wEih0TBi9XNHT4pI25V42,-Nc6Oh9qfA9ThSW4lbxv,-Nc6SB-qZZbutYeS2rPK,1UrIwOV8XfVxTlzmuYkpRuGVQGr1,200,false
,KG9Pba3wEih0TBi9XNHT4pI25V42,-O5s3Rd4oAvokOAYSy_4,-O5s4nhsunLWLU2x5iy6,QpNynavALeRphpqE2Ce8iK4aCbv2,300,false
,KG9Pba3wEih0TBi9XNHT4pI25V42,-NcXs2ErKckrr89Qsdf_,-NcXtZe9WkI7UNKrLLhZ,Em5ikAsNyIWtFq0uXd2kkiKGj9o2,300,false
,KG9Pba3wEih0TBi9XNHT4pI25V42,-Nt0dCRS9khradpJF5zd,-Nt0f94vJLCgbmyZBskU,vueKFO6ndyW11jhuUCEoqWlSRXG2,200,false
,KG9Pba3wEih0TBi9XNHT4pI25V42,-N_rA4HA5hBTTHe_RVRK,-N_rEGL1tgsluDWD6ex-,kNniRvoRi4U5qbigxUaAXgd6aaL2,300,false
,KG9Pba3wEih0TBi9XNHT4pI25V42,-NcXs2ErKckrr89Qsdf_,-NcXv2pWm1f1Q9A7lWWS,Em5ikAsNyIWtFq0uXd2kkiKGj9o2,200,false
,KG9Pba3wEih0TBi9XNHT4pI25V42,-NyPQFt54nlNBW3puYIA,-NyPUlupQ6jBxywhUH63,5Cs2g0Sbaqbzc3QouNrhNMAyuZw2,350,false
,KG9Pba3wEih0TBi9XNHT4pI25V42,-O4A69NIczhDVSOvO-bK,-O4A7eTwQIItyzde7fnW,W4zM5c0XmNfv11Z7mXQIjkP1QE82,300,false
,KG9Pba3wEih0TBi9XNHT4pI25V42,-NcXs2ErKckrr89Qsdf_,-NdKFdCqVGnzDSWs0dLW,Em5ikAsNyIWtFq0uXd2kkiKGj9o2,200,false
,KG9Pba3wEih0TBi9XNHT4pI25V42,-NikJ-sBrcRBMSF0jgFo,-NikKlkgG8STENhi1-RG,4qpjHqWGxBVRircldaLbMbykVHs2,300,false
,KG9Pba3wEih0TBi9XNHT4pI25V42,-Nz8gz69kcJhEvw7yuiK,-Nz8sbgEhTGqoDwMyKrG,qfu7IPPcCyXFoV1Gn1sToYfq5F63,260,false
,KG9Pba3wEih0TBi9XNHT4pI25V42,-NyPT5X9y1d-Hfu3x4Kk,-NyPVWdQ2KUiPkIKO_Am,unx7JeTSE9cEGdBknsaCP6fOn722,350,false
,KG9Pba3wEih0TBi9XNHT4pI25V42,-NyPT5X9y1d-Hfu3x4Kk,-NyPVtvtbnR17UIyzC3r,unx7JeTSE9cEGdBknsaCP6fOn722,350,false
,KG9Pba3wEih0TBi9XNHT4pI25V42,-MvW5gwdK1MOWBE3u7g6,-MvW5gwdK1MOWBE3u7gA,tN753KCLnVZLZrja5cvdnopT1s23,200,false
,KG9Pba3wEih0TBi9XNHT4pI25V42,-Nz8gz69kcJhEvw7yuiK,-Nz8rmI_FZ1gY_-RtCgA,nrSER1r9wuQFLEMYKmsjMiXMi8Q2,260,false
,KG9Pba3wEih0TBi9XNHT4pI25V42,-NmC7GdJysF695FFzZap,-NmC8seXEhZzMfrk_a5t,UxWEKrM4LygMfc5jHsRyYtFcoIt1,300,false
,KG9Pba3wEih0TBi9XNHT4pI25V42,-NcXs2ErKckrr89Qsdf_,-NcXszPYLYFyRWlyT2jh,Em5ikAsNyIWtFq0uXd2kkiKGj9o2,300,false
,KG9Pba3wEih0TBi9XNHT4pI25V42,-NzhxakpJN9VUjNaxkDc,-NzhysuNuXLLjQPuspd-,a6cqxkdjfZgWIHmeg9CSO49bxTH3,300,false
,KG9Pba3wEih0TBi9XNHT4pI25V42,-MvW5gwdK1MOWBE3u7g6,-MvW5gwdK1MOWBE3u7g9,VgiLJFDDEYQQRVDI4CT86fKP1JA3,300,false
,KG9Pba3wEih0TBi9XNHT4pI25V42,-NrG3htiQeFdwRH5uWDN,-NrG5lwA4LweBQPkhqGB,Qkg0A8sNoGPGzfeGqoXz8uTAhWj2,350,false
,KG9Pba3wEih0TBi9XNHT4pI25V42,-Nz8TUgyp8W61kxo694b,-Nz8dnIMrrPRovQJ2Gm8,ZHM5CmcdnWVRTrFt4ONtmK5AHV73,200,false
,KG9Pba3wEih0TBi9XNHT4pI25V42,-O3lSfIeS08GM2ivPHvw,-O3lUkHiQX_jTelG-byR,zUbjejEygcOo1OhxGJ6EjSv3lnJ2,200,false
,KG9Pba3wEih0TBi9XNHT4pI25V42,-O3lSfIeS08GM2ivPHvw,-O3lV8PaQWdxrd4tDNdB,zUbjejEygcOo1OhxGJ6EjSv3lnJ2,200,false
,KG9Pba3wEih0TBi9XNHT4pI25V42,-Nzhrmf0iuIlOwL7OxlM,-NzhvUB-VJFOqmgk1mm9,JjgK259ffIYREcCanlAIYEvUhNr1,200,false
,KG9Pba3wEih0TBi9XNHT4pI25V42,-O3lSfIeS08GM2ivPHvw,-O3lTdZLuXvPWQ5W3cyg,zUbjejEygcOo1OhxGJ6EjSv3lnJ2,350,false
,KG9Pba3wEih0TBi9XNHT4pI25V42,-O08Scdjlm_JdR5aBA18,-O08TRGdveTR1ACscEE-,APSXbFxB7BdSRzni1jPFVtDQQWm2,300,false
,KG9Pba3wEih0TBi9XNHT4pI25V42,-O08Scdjlm_JdR5aBA18,-O08TtG2VAtQLTTWo-SH,APSXbFxB7BdSRzni1jPFVtDQQWm2,300,false
,KG9Pba3wEih0TBi9XNHT4pI25V42,-NoVk5Kd7SDp2FKbe2Jr,-NoVl05cwblKySdgw3ES,5thBaBZMEmdtt6Ny7mY60v3redb2,300,false
,KG9Pba3wEih0TBi9XNHT4pI25V42,-NcXs2ErKckrr89Qsdf_,-NcXu_7aEPbNNzccZoQf,Em5ikAsNyIWtFq0uXd2kkiKGj9o2,300,false
,KG9Pba3wEih0TBi9XNHT4pI25V42,-Nz8gz69kcJhEvw7yuiK,-Nz8syGdcIwPn3fkc82I,qfu7IPPcCyXFoV1Gn1sToYfq5F63,260,false
,KG9Pba3wEih0TBi9XNHT4pI25V42,-NoVk5Kd7SDp2FKbe2Jr,-NoVmLgFP3ev5v11tfAY,5thBaBZMEmdtt6Ny7mY60v3redb2,300,false
,KG9Pba3wEih0TBi9XNHT4pI25V42,-Nc6Oh9qfA9ThSW4lbxv,-Nc6PtOC7oH1DR4AjtEl,hKxJJEzRKYaNr2dmKDtqcFzOKjw2,300,false
,KG9Pba3wEih0TBi9XNHT4pI25V42,-O7mAuYTaeRX9n5j3Nuy,-O7mCbz8FUXkz_fhCbWV,GP5WzDwvMIWkMcB1FhNOUnc2G462,280,false
,KG9Pba3wEih0TBi9XNHT4pI25V42,-Nz8TUgyp8W61kxo694b,-Nz8dGH2Lx9TWPKsCp3L,LmxPwOIS46V0sL3QLoqbYf4DHBT2,350,false
,KG9Pba3wEih0TBi9XNHT4pI25V42,-NmC7GdJysF695FFzZap,-NmC9SsZuM5Hg--_gz4R,UxWEKrM4LygMfc5jHsRyYtFcoIt1,200,false
,KG9Pba3wEih0TBi9XNHT4pI25V42,-Nc6UA9Hl08A7BFSuNAc,-Nc6XZAzfijtx9xTlfuD,mEqWwr40fnT9iL3f90Ezz2gSrUW2,200,false
,KG9Pba3wEih0TBi9XNHT4pI25V42,-O2-oGHz11fN1Dyp-42c,-O2-qgSkWBhy7RJrbAzk,2ET2gRCrc4SQzQUFJ7t8UyqpCum1,160,false
,KG9Pba3wEih0TBi9XNHT4pI25V42,-NzhxakpJN9VUjNaxkDc,-O3gb-6Y39mzH6rLXIV0,QnGJRpgCduWTyviyb2mNV5xd8D83,300,false
,KG9Pba3wEih0TBi9XNHT4pI25V42,-NoVk5Kd7SDp2FKbe2Jr,-NoVnK4HclG1KSpRyrTk,5thBaBZMEmdtt6Ny7mY60v3redb2,200,false
,KG9Pba3wEih0TBi9XNHT4pI25V42,-O08Scdjlm_JdR5aBA18,-O08V9lYBzmXGZyY06NI,rTZ82KNjL9MvtTXMxwbB9zvwdwd2,300,false
,KG9Pba3wEih0TBi9XNHT4pI25V42,-NzhxakpJN9VUjNaxkDc,-NzhzJUAI8an8rhRhrHl,QnGJRpgCduWTyviyb2mNV5xd8D83,300,false
,KG9Pba3wEih0TBi9XNHT4pI25V42,-O08vVh_sepkZWWYtBMO,-O08zgddF2Y5hb31ggP0,4WScldqNmCboRfSs7ZgRDB4tWBV2,200,false
,KG9Pba3wEih0TBi9XNHT4pI25V42,-NrG3htiQeFdwRH5uWDN,-NrG5HJYwfH4liroGXii,Qkg0A8sNoGPGzfeGqoXz8uTAhWj2,350,false
,KG9Pba3wEih0TBi9XNHT4pI25V42,-O2iRso2iyzmadqIfVbD,-O2iTpSXiRJciOBtrbQr,koJjtaavqQVJQWwbdbOGECX2YIm1,160,false
,KG9Pba3wEih0TBi9XNHT4pI25V42,-NtRGnH3AbJJ9Y2PvrXH,-NtRHNLYn6asza81C5t3,i7OZAXq2ERagRVtlg58zkKCeWor1,500,false
,KG9Pba3wEih0TBi9XNHT4pI25V42,-O2iRso2iyzmadqIfVbD,-O2iSJxW236KMyApWe0f,koJjtaavqQVJQWwbdbOGECX2YIm1,300,false
,KG9Pba3wEih0TBi9XNHT4pI25V42,-O08vVh_sepkZWWYtBMO,-O08vsqJMhBWrNKTuKiS,GJkd1QRLzPa7iy2uP5nLTbgorXC2,300,false
,KG9Pba3wEih0TBi9XNHT4pI25V42,-Nz8TUgyp8W61kxo694b,-Nz8eVRz8XOiKZ-QWs1e,LmxPwOIS46V0sL3QLoqbYf4DHBT2,200,false
,KG9Pba3wEih0TBi9XNHT4pI25V42,-O2OF229tBkgX-nhToQ8,-O2OI4Gk2d7_r8lOojX1,gangA16HKJMqzW6Bc1FRcXnnC1B3,200,false
,KG9Pba3wEih0TBi9XNHT4pI25V42,-NyPT5X9y1d-Hfu3x4Kk,-NyPWC_RvPFq8GLBm-5W,unx7JeTSE9cEGdBknsaCP6fOn722,350,false
,KG9Pba3wEih0TBi9XNHT4pI25V42,-O4A69NIczhDVSOvO-bK,-O4A6vAjWhTh4c66lozl,W4zM5c0XmNfv11Z7mXQIjkP1QE82,300,false
,KG9Pba3wEih0TBi9XNHT4pI25V42,-O4AuNoq6t8ZB3Y97B8z,-O4EYI6OgFQiJkY2ZhYq,c7srj80ovoVtqSOwZBm1ppBO68a2,300,false
,KG9Pba3wEih0TBi9XNHT4pI25V42,-Nzhrmf0iuIlOwL7OxlM,-NzhwG4iOys6PHC31sma,JjgK259ffIYREcCanlAIYEvUhNr1,200,false
,KG9Pba3wEih0TBi9XNHT4pI25V42,-O2iCO-kMj1e3jLBhk3I,-O2iMdXQsSAmK0lohefp,oXqZ0ZlQsLcTSPY8UOyukVWaYuG3,300,false
,KG9Pba3wEih0TBi9XNHT4pI25V42,-NmC18VrA8CeragiVGu8,-NmC2faARSqpAG6okYEj,JBcTY5ZDwEcS4eTkVxdzBamTViy2,300,false
,KG9Pba3wEih0TBi9XNHT4pI25V42,-O7mAuYTaeRX9n5j3Nuy,-O7mCHN-I06WYMsxafGK,GP5WzDwvMIWkMcB1FhNOUnc2G462,280,false
,KG9Pba3wEih0TBi9XNHT4pI25V42,-NrG3htiQeFdwRH5uWDN,-NrG8p8JAWM6a_keuTXq,Qkg0A8sNoGPGzfeGqoXz8uTAhWj2,200,false
,KG9Pba3wEih0TBi9XNHT4pI25V42,-Nz8gz69kcJhEvw7yuiK,-Nz8tJF34Bks4HiPLqb3,nrSER1r9wuQFLEMYKmsjMiXMi8Q2,40,false
,KG9Pba3wEih0TBi9XNHT4pI25V42,-Nz8gz69kcJhEvw7yuiK,-Nz8tbsNgSMTHHogrwO3,nrSER1r9wuQFLEMYKmsjMiXMi8Q2,40,false
,KG9Pba3wEih0TBi9XNHT4pI25V42,-Nz8gz69kcJhEvw7yuiK,-Nz8rmI_FZ1gY_-RtCgA,qfu7IPPcCyXFoV1Gn1sToYfq5F63,260,false
,KG9Pba3wEih0TBi9XNHT4pI25V42,-Nz8gz69kcJhEvw7yuiK,-Nz8sbgEhTGqoDwMyKrG,qfu7IPPcCyXFoV1Gn1sToYfq5F63,260,false
,KG9Pba3wEih0TBi9XNHT4pI25V42,-O4A69NIczhDVSOvO-bK,-O4A7JRtUlLTg8YqAY37,W4zM5c0XmNfv11Z7mXQIjkP1QE82,300,false
,KG9Pba3wEih0TBi9XNHT4pI25V42,-N_rA4HA5hBTTHe_RVRK,-N_rS8ZhDu5VOuFPVl4D,XDJxDi7q6qNJinnU379rWAnsSfH2,300,false
,KG9Pba3wEih0TBi9XNHT4pI25V42,-NZZuJzST4E62TJ_gPvq,-N_rruIq0BgOu7VCPENp,EdCNBCnC8ten4GrDn4ZeYOA1JTZ2,300,false
,KG9Pba3wEih0TBi9XNHT4pI25V42,-O08vVh_sepkZWWYtBMO,-O08z7-lRDWJ_U1pxQmd,Kr2jQrW2ZAUy8XajzeDmeqeGI322,200,false
,KG9Pba3wEih0TBi9XNHT4pI25V42,-O-1Cyu-zBSt-dIFoblE,-O-1FT1G9MctcDJXgW4v,1gGzMXxa8mRjJmRNlZSekOpiBRJ3,330,false
,KG9Pba3wEih0TBi9XNHT4pI25V42,-NmC18VrA8CeragiVGu8,-NmC4TFQCahBPwfbBz5Z,uM11uPldsrUpShqMxD5W4b4QF4n2,200,false
,KG9Pba3wEih0TBi9XNHT4pI25V42,-NmC18VrA8CeragiVGu8,-NmC27wH2iBooJJtQVsG,CJY5TZz3zNQdgHoZfJCOyOQs4QU2,300,false
,KG9Pba3wEih0TBi9XNHT4pI25V42,-O7mAuYTaeRX9n5j3Nuy,-O7mCxZoracdLc3kQdG3,GP5WzDwvMIWkMcB1FhNOUnc2G462,200,false
,KG9Pba3wEih0TBi9XNHT4pI25V42,-O2iCO-kMj1e3jLBhk3I,-O2iDWVm9nO-tPeKLcN7,XKhTuOMkFLV6Qex9ExdImlv0r002,300,false
,KG9Pba3wEih0TBi9XNHT4pI25V42,-Nz8gz69kcJhEvw7yuiK,-Nz8tzF8mnIGB4W3X0tp,qfu7IPPcCyXFoV1Gn1sToYfq5F63,40,false
,KG9Pba3wEih0TBi9XNHT4pI25V42,-O2iCO-kMj1e3jLBhk3I,-O2iN9OiR5xZHtqs2g5P,XKhTuOMkFLV6Qex9ExdImlv0r002,300,false
,KG9Pba3wEih0TBi9XNHT4pI25V42,-Nz8gz69kcJhEvw7yuiK,-Nz8syGdcIwPn3fkc82I,qfu7IPPcCyXFoV1Gn1sToYfq5F63,260,false
,KG9Pba3wEih0TBi9XNHT4pI25V42,-O4A69NIczhDVSOvO-bK,-O4A8U3FC8qU3Y1efNl9,W4zM5c0XmNfv11Z7mXQIjkP1QE82,200,false
,KG9Pba3wEih0TBi9XNHT4pI25V42,-O2iRso2iyzmadqIfVbD,-O2iTSjZ967VPuSGP8ME,j3TWMahOu7Sb1XeUjwnUGga6lIE3,160,false
,KG9Pba3wEih0TBi9XNHT4pI25V42,-Nzi60zH5ycXLCx0UeSc,-O32r2YMM4bva9lA83_-,AVp53dfgqlYPtSgr1LQ00Mk0ET63,200,false
,KG9Pba3wEih0TBi9XNHT4pI25V42,-O5s3Rd4oAvokOAYSy_4,-O5s5bgEy8Y2nxuGvO3_,QpNynavALeRphpqE2Ce8iK4aCbv2,200,false
,KG9Pba3wEih0TBi9XNHT4pI25V42,-MvW5gwdK1MOWBE3u7g6,-MvW5gwdK1MOWBE3u7g9,VUFVUg90I5fLNtH3dW4538pJFbO2,300,false
,KG9Pba3wEih0TBi9XNHT4pI25V42,-NzhxakpJN9VUjNaxkDc,-Nzhy-U3IfUfhWdH4Rkg,jpU2TNXOKJhx9x9K90X5iNqNpZy1,300,false
,KG9Pba3wEih0TBi9XNHT4pI25V42,-O08Scdjlm_JdR5aBA18,-O08VSmx--lFsgHdaDAi,rTZ82KNjL9MvtTXMxwbB9zvwdwd2,300,false
,KG9Pba3wEih0TBi9XNHT4pI25V42,-Nzi60zH5ycXLCx0UeSc,-Nzi8rPTTrUnNE570wXg,AVp53dfgqlYPtSgr1LQ00Mk0ET63,300,false
,KG9Pba3wEih0TBi9XNHT4pI25V42,-NyPT5X9y1d-Hfu3x4Kk,-Nz7dXBVkcVnkE1bXDaR,unx7JeTSE9cEGdBknsaCP6fOn722,200,false
,KG9Pba3wEih0TBi9XNHT4pI25V42,-MvW5gwdK1MOWBE3u7g6,-MvW5gwdK1MOWBE3u7g8,VjxSmXbYHKPVvYlH2K6rDB2KdMZ2,300,false
,KG9Pba3wEih0TBi9XNHT4pI25V42,-O2OF229tBkgX-nhToQ8,-O2OFlD0FivMgNFq6m0C,0AVJzqhE1SdmALfANXQgoIAhRPi2,300,false
,KG9Pba3wEih0TBi9XNHT4pI25V42,-NyVaxBHWh_fOMAilGLc,-NyZBjZLvY3AO5AteGiE,ssvjwCn21tM0rXeYH0rmzP5aEuT2,350,false
,KG9Pba3wEih0TBi9XNHT4pI25V42,-O2iRso2iyzmadqIfVbD,-O2iSiCZ3n_IDeoNr9Sj,gtu2u0ZYBTh4cnxUzAaM9ZU1WMZ2,300,false
,KG9Pba3wEih0TBi9XNHT4pI25V42,-MvW5gwdK1MOWBE3u7g6,-MvW5gwdK1MOWBE3u7g7,8hwUPXQ4iZNN704kx2Wfg60url53,300,false
,KG9Pba3wEih0TBi9XNHT4pI25V42,-Nt0dCRS9khradpJF5zd,-Nt0dk7NbHkuHI8_DjTA,0G4t1KVEDobNMJQQVldLFa78pcC2,300,false
,KG9Pba3wEih0TBi9XNHT4pI25V42,-Nt0dCRS9khradpJF5zd,-Nt0eVtg7KrpUToZc6p7,0G4t1KVEDobNMJQQVldLFa78pcC2,300,false
,KG9Pba3wEih0TBi9XNHT4pI25V42,-O4A69NIczhDVSOvO-bK,-O4A6vAjWhTh4c66lozl,W4zM5c0XmNfv11Z7mXQIjkP1QE82,300,false
,KG9Pba3wEih0TBi9XNHT4pI25V42,-O7mAuYTaeRX9n5j3Nuy,-O7mDIl007mLEK73VuVW,GP5WzDwvMIWkMcB1FhNOUnc2G462,200,false
,KG9Pba3wEih0TBi9XNHT4pI25V42,-O2iCO-kMj1e3jLBhk3I,-O2iLafmghSVp3Dx_p0V,oXqZ0ZlQsLcTSPY8UOyukVWaYuG3,300,false
,KG9Pba3wEih0TBi9XNHT4pI25V42,-O08Scdjlm_JdR5aBA18,-O08WDcPi1su6xlGGOtO,APSXbFxB7BdSRzni1jPFVtDQQWm2,200,false
,KG9Pba3wEih0TBi9XNHT4pI25V42,-Nzi60zH5ycXLCx0UeSc,-Nzi9DSppQNxrsMwEaqp,AVp53dfgqlYPtSgr1LQ00Mk0ET63,200,false
,KG9Pba3wEih0TBi9XNHT4pI25V42,-Nzi60zH5ycXLCx0UeSc,-O32q1PPs4Pw3VLQvqWU,AVp53dfgqlYPtSgr1LQ00Mk0ET63,200,false
,KG9Pba3wEih0TBi9XNHT4pI25V42,-Nzi60zH5ycXLCx0UeSc,-O32q_Rbs-gVU6xPXJpM,AVp53dfgqlYPtSgr1LQ00Mk0ET63,200,false
,KG9Pba3wEih0TBi9XNHT4pI25V42,-Nzhrmf0iuIlOwL7OxlM,-NzhtvWUSkU3Hchvt1Fp,0jp7vk9NGbQe8loOixjf77dG3cz1,300,false
,KG9Pba3wEih0TBi9XNHT4pI25V42,-NyPT5X9y1d-Hfu3x4Kk,-Nz7drF8d4_W3PsoXA87,unx7JeTSE9cEGdBknsaCP6fOn722,200,false
,KG9Pba3wEih0TBi9XNHT4pI25V42,-O3lSfIeS08GM2ivPHvw,-O3lUkHiQX_jTelG-byR,zUbjejEygcOo1OhxGJ6EjSv3lnJ2,200,false
,KG9Pba3wEih0TBi9XNHT4pI25V42,-O3lSfIeS08GM2ivPHvw,-O3lTdZLuXvPWQ5W3cyg,zUbjejEygcOo1OhxGJ6EjSv3lnJ2,350,false
,KG9Pba3wEih0TBi9XNHT4pI25V42,-NoVk5Kd7SDp2FKbe2Jr,-NoVo-uZ0FiuNvI5BazA,5thBaBZMEmdtt6Ny7mY60v3redb2,200,false
,KG9Pba3wEih0TBi9XNHT4pI25V42,-O3lOj3T61E_5vERBmtE,-O3lP_RVoCHKUneAFPLU,JGilDL3ZZrNHM59788WEjoUhnct2,300,false
,KG9Pba3wEih0TBi9XNHT4pI25V42,-NcXs2ErKckrr89Qsdf_,-NdKFdCqVGnzDSWs0dLW,Em5ikAsNyIWtFq0uXd2kkiKGj9o2,200,false
,KG9Pba3wEih0TBi9XNHT4pI25V42,-NcXs2ErKckrr89Qsdf_,-NcXu_7aEPbNNzccZoQf,Em5ikAsNyIWtFq0uXd2kkiKGj9o2,300,false
,KG9Pba3wEih0TBi9XNHT4pI25V42,-NzhxakpJN9VUjNaxkDc,-Nzi0Aj0W95lOxfxo1Ie,a6cqxkdjfZgWIHmeg9CSO49bxTH3,200,false
,KG9Pba3wEih0TBi9XNHT4pI25V42,-Nz8gz69kcJhEvw7yuiK,-Nz8tzF8mnIGB4W3X0tp,qfu7IPPcCyXFoV1Gn1sToYfq5F63,40,false
,KG9Pba3wEih0TBi9XNHT4pI25V42,-O3lSfIeS08GM2ivPHvw,-O3lV8PaQWdxrd4tDNdB,zUbjejEygcOo1OhxGJ6EjSv3lnJ2,200,false
,KG9Pba3wEih0TBi9XNHT4pI25V42,-O2OF229tBkgX-nhToQ8,-O2OHjqDU5YM-vl-AQut,0AVJzqhE1SdmALfANXQgoIAhRPi2,200,false
,KG9Pba3wEih0TBi9XNHT4pI25V42,-NrG3htiQeFdwRH5uWDN,-NrG5HJYwfH4liroGXii,Qkg0A8sNoGPGzfeGqoXz8uTAhWj2,350,false
,KG9Pba3wEih0TBi9XNHT4pI25V42,-Nzi60zH5ycXLCx0UeSc,-Nzi7o-Lf_jPEMf3Qg5K,AVp53dfgqlYPtSgr1LQ00Mk0ET63,300,false
,KG9Pba3wEih0TBi9XNHT4pI25V42,-NmC7GdJysF695FFzZap,-NmC8seXEhZzMfrk_a5t,lzOBiwg6xYXQN4m1JLi0HhccRZl2,300,false
,KG9Pba3wEih0TBi9XNHT4pI25V42,-O2iCO-kMj1e3jLBhk3I,-O2iP12-s0wTyHg-nNUr,oXqZ0ZlQsLcTSPY8UOyukVWaYuG3,200,false
,KG9Pba3wEih0TBi9XNHT4pI25V42,-Nz8TUgyp8W61kxo694b,-Nz8dGH2Lx9TWPKsCp3L,VzzNmJat25fj9t1aHXfmyYBVRN02,350,false
,KG9Pba3wEih0TBi9XNHT4pI25V42,-Nz8gz69kcJhEvw7yuiK,-Nz8syGdcIwPn3fkc82I,qfu7IPPcCyXFoV1Gn1sToYfq5F63,260,false
,KG9Pba3wEih0TBi9XNHT4pI25V42,-Nz8gz69kcJhEvw7yuiK,-Nz8rmI_FZ1gY_-RtCgA,qfu7IPPcCyXFoV1Gn1sToYfq5F63,260,false
,KG9Pba3wEih0TBi9XNHT4pI25V42,-NzhxakpJN9VUjNaxkDc,-O3gbqoWJRkhFhgcVdGi,QnGJRpgCduWTyviyb2mNV5xd8D83,200,false
,KG9Pba3wEih0TBi9XNHT4pI25V42,-O85f_8vXT7G7-THmWlc,-O85giMK_SLtmAlEpEj0,y9qvolAXr7gMyva1KIcJBE755O22,300,false
,KG9Pba3wEih0TBi9XNHT4pI25V42,-O85f_8vXT7G7-THmWlc,-O85h154qc3W2TTPFwQ6,y9qvolAXr7gMyva1KIcJBE755O22,300,false
,KG9Pba3wEih0TBi9XNHT4pI25V42,-Nz8gz69kcJhEvw7yuiK,-Nz8sbgEhTGqoDwMyKrG,qfu7IPPcCyXFoV1Gn1sToYfq5F63,260,false
,KG9Pba3wEih0TBi9XNHT4pI25V42,-NyPQFt54nlNBW3puYIA,-NyPUlupQ6jBxywhUH63,0P5wRwvSSQcKfV97zCXJ7L20Qkk1,350,false
,KG9Pba3wEih0TBi9XNHT4pI25V42,-Nzhrmf0iuIlOwL7OxlM,-Nzht5CMNinGqP-HpxQX,JjgK259ffIYREcCanlAIYEvUhNr1,300,false
,KG9Pba3wEih0TBi9XNHT4pI25V42,-Nz8gz69kcJhEvw7yuiK,-Nz8tJF34Bks4HiPLqb3,qfu7IPPcCyXFoV1Gn1sToYfq5F63,40,false
,KG9Pba3wEih0TBi9XNHT4pI25V42,-O3lSfIeS08GM2ivPHvw,-O3lU73vihDJ-tkjb1W7,zUbjejEygcOo1OhxGJ6EjSv3lnJ2,350,false
,KG9Pba3wEih0TBi9XNHT4pI25V42,-O08Scdjlm_JdR5aBA18,-O08TtG2VAtQLTTWo-SH,rTZ82KNjL9MvtTXMxwbB9zvwdwd2,300,false
,KG9Pba3wEih0TBi9XNHT4pI25V42,-O2iRso2iyzmadqIfVbD,-O2iTpSXiRJciOBtrbQr,koJjtaavqQVJQWwbdbOGECX2YIm1,160,false
,KG9Pba3wEih0TBi9XNHT4pI25V42,-O3lOj3T61E_5vERBmtE,-O3lRiqGBvKaPDAAJd5n,JGilDL3ZZrNHM59788WEjoUhnct2,200,false
,KG9Pba3wEih0TBi9XNHT4pI25V42,-NcXs2ErKckrr89Qsdf_,-NcXvxcxv5ZAirWzAGcp,Em5ikAsNyIWtFq0uXd2kkiKGj9o2,200,false
,KG9Pba3wEih0TBi9XNHT4pI25V42,-NyVaxBHWh_fOMAilGLc,-NyZC_42Anw3-eR6f9fa,ssvjwCn21tM0rXeYH0rmzP5aEuT2,200,false
,KG9Pba3wEih0TBi9XNHT4pI25V42,-O2iCO-kMj1e3jLBhk3I,-O2iQT9IVA_zi2aTrcgv,oXqZ0ZlQsLcTSPY8UOyukVWaYuG3,200,false
,KG9Pba3wEih0TBi9XNHT4pI25V42,-NikJ-sBrcRBMSF0jgFo,-NikKDH65SXjmZM5nj7g,JQ3FVTnxCPV2cil7pNqMiUE4qem2,300,false
,KG9Pba3wEih0TBi9XNHT4pI25V42,-O-1Cyu-zBSt-dIFoblE,-O-1G956IpbNok5TxV4J,1gGzMXxa8mRjJmRNlZSekOpiBRJ3,180,false
,KG9Pba3wEih0TBi9XNHT4pI25V42,-O2iRso2iyzmadqIfVbD,-O2iUS2MXzci6rSo-gDh,gtu2u0ZYBTh4cnxUzAaM9ZU1WMZ2,160,false
,KG9Pba3wEih0TBi9XNHT4pI25V42,-NrG3htiQeFdwRH5uWDN,-NrG5HJYwfH4liroGXii,Qkg0A8sNoGPGzfeGqoXz8uTAhWj2,350,false
,KG9Pba3wEih0TBi9XNHT4pI25V42,-NyPT5X9y1d-Hfu3x4Kk,-NyPVWdQ2KUiPkIKO_Am,68HihGrIZHRx5ZqypP8S88vnULA2,350,false
,KG9Pba3wEih0TBi9XNHT4pI25V42,-NrG3htiQeFdwRH5uWDN,-NrG5lwA4LweBQPkhqGB,Qkg0A8sNoGPGzfeGqoXz8uTAhWj2,350,false
,KG9Pba3wEih0TBi9XNHT4pI25V42,-NyPT5X9y1d-Hfu3x4Kk,-NyPVtvtbnR17UIyzC3r,unx7JeTSE9cEGdBknsaCP6fOn722,350,false
,KG9Pba3wEih0TBi9XNHT4pI25V42,-Nc6Oh9qfA9ThSW4lbxv,-Nc6Rn483ku8JuI8KTnm,hKxJJEzRKYaNr2dmKDtqcFzOKjw2,200,false
,KG9Pba3wEih0TBi9XNHT4pI25V42,-O2iCO-kMj1e3jLBhk3I,-O2iLafmghSVp3Dx_p0V,oXqZ0ZlQsLcTSPY8UOyukVWaYuG3,300,false
,KG9Pba3wEih0TBi9XNHT4pI25V42,-NyPT5X9y1d-Hfu3x4Kk,-NyPWC_RvPFq8GLBm-5W,unx7JeTSE9cEGdBknsaCP6fOn722,350,false
,KG9Pba3wEih0TBi9XNHT4pI25V42,-O08Scdjlm_JdR5aBA18,-O08UN7JJcEyY_Wy3PcR,rTZ82KNjL9MvtTXMxwbB9zvwdwd2,300,false
,KG9Pba3wEih0TBi9XNHT4pI25V42,-O4A69NIczhDVSOvO-bK,-O4A7JRtUlLTg8YqAY37,W4zM5c0XmNfv11Z7mXQIjkP1QE82,300,false
,KG9Pba3wEih0TBi9XNHT4pI25V42,-Nt0dCRS9khradpJF5zd,-Nt0e8w14Zy1GHbUCF5T,SKTk4ilMkDfDDdHWbBPas1po9O03,300,false
,KG9Pba3wEih0TBi9XNHT4pI25V42,-NcXs2ErKckrr89Qsdf_,-NcXu2OMUrzqZKduQwRD,Em5ikAsNyIWtFq0uXd2kkiKGj9o2,300,false
,KG9Pba3wEih0TBi9XNHT4pI25V42,-Nz8gz69kcJhEvw7yuiK,-Nz8tbsNgSMTHHogrwO3,qfu7IPPcCyXFoV1Gn1sToYfq5F63,40,false
,KG9Pba3wEih0TBi9XNHT4pI25V42,-O4A69NIczhDVSOvO-bK,-O4A8U3FC8qU3Y1efNl9,W4zM5c0XmNfv11Z7mXQIjkP1QE82,200,false
,KG9Pba3wEih0TBi9XNHT4pI25V42,-MvW5gwdK1MOWBE3u7g6,-MvW5gweqPowDXKXA3c1,VjxSmXbYHKPVvYlH2K6rDB2KdMZ2,200,false
,KG9Pba3wEih0TBi9XNHT4pI25V42,-O2OF229tBkgX-nhToQ8,-O2OFlD0FivMgNFq6m0C,xLuEjIqoZSYVy3qYPT3q60Ocxmi2,300,false
,KG9Pba3wEih0TBi9XNHT4pI25V42,-Nt0dCRS9khradpJF5zd,-Nt0dk7NbHkuHI8_DjTA,SKTk4ilMkDfDDdHWbBPas1po9O03,300,false
,KG9Pba3wEih0TBi9XNHT4pI25V42,-MvW5gwdK1MOWBE3u7g6,-MvW5gwdK1MOWBE3u7gA,VUFVUg90I5fLNtH3dW4538pJFbO2,200,false
,KG9Pba3wEih0TBi9XNHT4pI25V42,-O4A69NIczhDVSOvO-bK,-O4A6vAjWhTh4c66lozl,W4zM5c0XmNfv11Z7mXQIjkP1QE82,300,false
,KG9Pba3wEih0TBi9XNHT4pI25V42,-O08Scdjlm_JdR5aBA18,-O08XTpLd6NlmtuTwnpD,rTZ82KNjL9MvtTXMxwbB9zvwdwd2,200,false
,KG9Pba3wEih0TBi9XNHT4pI25V42,-NcXs2ErKckrr89Qsdf_,-NdKFdCqVGnzDSWs0dLW,Em5ikAsNyIWtFq0uXd2kkiKGj9o2,200,false
,KG9Pba3wEih0TBi9XNHT4pI25V42,-NcXs2ErKckrr89Qsdf_,-NcXszPYLYFyRWlyT2jh,TnpUUEWi0gdH1WkirzHX5RMcsHA2,300,false
,KG9Pba3wEih0TBi9XNHT4pI25V42,-Nz8gz69kcJhEvw7yuiK,-Nz8syGdcIwPn3fkc82I,qfu7IPPcCyXFoV1Gn1sToYfq5F63,260,false
,KG9Pba3wEih0TBi9XNHT4pI25V42,-Nzhrmf0iuIlOwL7OxlM,-NzhshtG_h2SG96Qhobf,JjgK259ffIYREcCanlAIYEvUhNr1,300,false
,KG9Pba3wEih0TBi9XNHT4pI25V42,-O2iRso2iyzmadqIfVbD,-O2iSJxW236KMyApWe0f,kkjdPjgkxzLiV6BWdv3WSJd2A4g2,300,false
,KG9Pba3wEih0TBi9XNHT4pI25V42,-O4A69NIczhDVSOvO-bK,-O4A7eTwQIItyzde7fnW,W4zM5c0XmNfv11Z7mXQIjkP1QE82,300,false
,KG9Pba3wEih0TBi9XNHT4pI25V42,-O2iRso2iyzmadqIfVbD,-O2iT4IXCgbFFbsoUOyi,kkjdPjgkxzLiV6BWdv3WSJd2A4g2,300,false
,KG9Pba3wEih0TBi9XNHT4pI25V42,-O3lSfIeS08GM2ivPHvw,-O3lU73vihDJ-tkjb1W7,tEzd9HSYUdSgxqtfKqEiN7oQxUk2,350,false
,KG9Pba3wEih0TBi9XNHT4pI25V42,-NyPT5X9y1d-Hfu3x4Kk,-Nz7dXBVkcVnkE1bXDaR,unx7JeTSE9cEGdBknsaCP6fOn722,200,false
,KG9Pba3wEih0TBi9XNHT4pI25V42,-NyPT5X9y1d-Hfu3x4Kk,-Nz7drF8d4_W3PsoXA87,unx7JeTSE9cEGdBknsaCP6fOn722,200,false
,KG9Pba3wEih0TBi9XNHT4pI25V42,-Nz8gz69kcJhEvw7yuiK,-Nz8tJF34Bks4HiPLqb3,qfu7IPPcCyXFoV1Gn1sToYfq5F63,40,false
,KG9Pba3wEih0TBi9XNHT4pI25V42,-NyVaxBHWh_fOMAilGLc,-NyZC_42Anw3-eR6f9fa,ssvjwCn21tM0rXeYH0rmzP5aEuT2,200,false
,KG9Pba3wEih0TBi9XNHT4pI25V42,-Nl7ldAXg-HYEu5UMywi,-Nl7p0MqMy8IsomQju4P,Y05wsEuzYlVBQFzKj0oGGzqkFvC2,300,false
,KG9Pba3wEih0TBi9XNHT4pI25V42,-NrG3htiQeFdwRH5uWDN,-NrG8p8JAWM6a_keuTXq,Qkg0A8sNoGPGzfeGqoXz8uTAhWj2,200,false
,KG9Pba3wEih0TBi9XNHT4pI25V42,-NrG3htiQeFdwRH5uWDN,-NrG9jnOfMjfAqS3CimW,Qkg0A8sNoGPGzfeGqoXz8uTAhWj2,200,false
,KG9Pba3wEih0TBi9XNHT4pI25V42,-Nt0dCRS9khradpJF5zd,-Nt0eVtg7KrpUToZc6p7,yt94zGLzTRUGTLvkiWjcduR4gYK2,300,false
,KG9Pba3wEih0TBi9XNHT4pI25V42,-Nl7ldAXg-HYEu5UMywi,-Nl7nGED9NfHgbo65J6t,Y05wsEuzYlVBQFzKj0oGGzqkFvC2,300,false
,KG9Pba3wEih0TBi9XNHT4pI25V42,-Nz8gz69kcJhEvw7yuiK,-Nz8tzF8mnIGB4W3X0tp,qfu7IPPcCyXFoV1Gn1sToYfq5F63,40,false
,KG9Pba3wEih0TBi9XNHT4pI25V42,-Nz8gz69kcJhEvw7yuiK,-Nz8sbgEhTGqoDwMyKrG,qfu7IPPcCyXFoV1Gn1sToYfq5F63,260,false
,KG9Pba3wEih0TBi9XNHT4pI25V42,-Nz8TUgyp8W61kxo694b,-Nz8cI8DRjzOud1NKXDp,ZWQGL0j3AmRYVncI01rVW1Kv6783,350,false
,KG9Pba3wEih0TBi9XNHT4pI25V42,-Nz8TUgyp8W61kxo694b,-Nz8bngvOXQWuCw_YItd,HTVJ5hcdsZejX2xR69g3OOiKoP93,350,false
,KG9Pba3wEih0TBi9XNHT4pI25V42,-NyPQFt54nlNBW3puYIA,-Nz7cLqwnDL_8r61vhry,0P5wRwvSSQcKfV97zCXJ7L20Qkk1,200,false
,KG9Pba3wEih0TBi9XNHT4pI25V42,-NmC18VrA8CeragiVGu8,-NmC4TFQCahBPwfbBz5Z,JBcTY5ZDwEcS4eTkVxdzBamTViy2,200,false
,KG9Pba3wEih0TBi9XNHT4pI25V42,-NmC18VrA8CeragiVGu8,-NmC5J_583iJk4ArlvBh,JBcTY5ZDwEcS4eTkVxdzBamTViy2,200,false
,KG9Pba3wEih0TBi9XNHT4pI25V42,-Nt0dCRS9khradpJF5zd,-Nt0f94vJLCgbmyZBskU,SKTk4ilMkDfDDdHWbBPas1po9O03,200,false
,KG9Pba3wEih0TBi9XNHT4pI25V42,-O2iRso2iyzmadqIfVbD,-O2iSiCZ3n_IDeoNr9Sj,r81eaF32dKNviefmtozL4sD6eEk1,300,false
,KG9Pba3wEih0TBi9XNHT4pI25V42,-NrG3htiQeFdwRH5uWDN,-NrG5lwA4LweBQPkhqGB,pM1Vig0SijSk4Ek1BBHicBpOHEK2,350,false
,KG9Pba3wEih0TBi9XNHT4pI25V42,-O4A69NIczhDVSOvO-bK,-O4A8U3FC8qU3Y1efNl9,W4zM5c0XmNfv11Z7mXQIjkP1QE82,200,false
,KG9Pba3wEih0TBi9XNHT4pI25V42,-O2iRso2iyzmadqIfVbD,-O2iTpSXiRJciOBtrbQr,koJjtaavqQVJQWwbdbOGECX2YIm1,160,false
,KG9Pba3wEih0TBi9XNHT4pI25V42,-NyPQFt54nlNBW3puYIA,-NyPURUWwgu2qwP-H-fL,5Cs2g0Sbaqbzc3QouNrhNMAyuZw2,350,false
,KG9Pba3wEih0TBi9XNHT4pI25V42,-NyPQFt54nlNBW3puYIA,-NyPUlupQ6jBxywhUH63,5Cs2g0Sbaqbzc3QouNrhNMAyuZw2,350,false
,KG9Pba3wEih0TBi9XNHT4pI25V42,-Nc6Oh9qfA9ThSW4lbxv,-Nc6QJoVKBMMQDLBFT37,9HVbTejEFZR3nMOCgNjg84KxX6m1,300,false
,KG9Pba3wEih0TBi9XNHT4pI25V42,-Nc6Oh9qfA9ThSW4lbxv,-Nc6QoTKmZndH7XV17Dj,9HVbTejEFZR3nMOCgNjg84KxX6m1,300,false
,KG9Pba3wEih0TBi9XNHT4pI25V42,-NcXs2ErKckrr89Qsdf_,-NcXu2OMUrzqZKduQwRD,SoFC5947gub359zwzi7TtM4ca5w2,300,false
,KG9Pba3wEih0TBi9XNHT4pI25V42,-Nl7ldAXg-HYEu5UMywi,-Nl7qo73b_M6fJHtWMeB,Y05wsEuzYlVBQFzKj0oGGzqkFvC2,200,false
,KG9Pba3wEih0TBi9XNHT4pI25V42,-O4A69NIczhDVSOvO-bK,-O4A6vAjWhTh4c66lozl,W4zM5c0XmNfv11Z7mXQIjkP1QE82,300,false
,KG9Pba3wEih0TBi9XNHT4pI25V42,-Nl7ldAXg-HYEu5UMywi,-Nl7rw88iOihIHj-S3DA,Y05wsEuzYlVBQFzKj0oGGzqkFvC2,200,false
,KG9Pba3wEih0TBi9XNHT4pI25V42,-Nzhrmf0iuIlOwL7OxlM,-Nzhv7zrmE-xgGC1EoFc,JjgK259ffIYREcCanlAIYEvUhNr1,200,false
,KG9Pba3wEih0TBi9XNHT4pI25V42,-NrG3htiQeFdwRH5uWDN,-NrG7hiiHcPoz2vy0EwF,pM1Vig0SijSk4Ek1BBHicBpOHEK2,200,false
,KG9Pba3wEih0TBi9XNHT4pI25V42,-Nz8gz69kcJhEvw7yuiK,-Nz8tzF8mnIGB4W3X0tp,qfu7IPPcCyXFoV1Gn1sToYfq5F63,40,false
,KG9Pba3wEih0TBi9XNHT4pI25V42,-NrG3htiQeFdwRH5uWDN,-NrG7GTRtvB4HNgk14D_,Qkg0A8sNoGPGzfeGqoXz8uTAhWj2,350,false
,KG9Pba3wEih0TBi9XNHT4pI25V42,-O4A69NIczhDVSOvO-bK,-O4A9Zu1SvZjXrQoQyrl,W4zM5c0XmNfv11Z7mXQIjkP1QE82,200,false
,KG9Pba3wEih0TBi9XNHT4pI25V42,-NyPQFt54nlNBW3puYIA,-Nz7cLqwnDL_8r61vhry,5Cs2g0Sbaqbzc3QouNrhNMAyuZw2,200,false
,KG9Pba3wEih0TBi9XNHT4pI25V42,-NrG3htiQeFdwRH5uWDN,-NrG5lwA4LweBQPkhqGB,Qkg0A8sNoGPGzfeGqoXz8uTAhWj2,350,false
,KG9Pba3wEih0TBi9XNHT4pI25V42,-NyPQFt54nlNBW3puYIA,-NyPURUWwgu2qwP-H-fL,5Cs2g0Sbaqbzc3QouNrhNMAyuZw2,350,false
,KG9Pba3wEih0TBi9XNHT4pI25V42,-NrG3htiQeFdwRH5uWDN,-NrG6DDd-74GAp1oKsuu,Qkg0A8sNoGPGzfeGqoXz8uTAhWj2,350,false
,KG9Pba3wEih0TBi9XNHT4pI25V42,-NmC18VrA8CeragiVGu8,-NmC27wH2iBooJJtQVsG,lSzW46N6KWRH2SQZyTRZJAGx0Cj1,300,false
,KG9Pba3wEih0TBi9XNHT4pI25V42,-NmC18VrA8CeragiVGu8,-NmC2faARSqpAG6okYEj,lSzW46N6KWRH2SQZyTRZJAGx0Cj1,300,false
,KG9Pba3wEih0TBi9XNHT4pI25V42,-NrG3htiQeFdwRH5uWDN,-NrG5HJYwfH4liroGXii,Qkg0A8sNoGPGzfeGqoXz8uTAhWj2,350,false
,KG9Pba3wEih0TBi9XNHT4pI25V42,-O2iCO-kMj1e3jLBhk3I,-O2iL265NrWC4taVxZJK,oXqZ0ZlQsLcTSPY8UOyukVWaYuG3,300,false
,KG9Pba3wEih0TBi9XNHT4pI25V42,-NrG3htiQeFdwRH5uWDN,-NrG6gnqT9gYK-sLjvsk,Qkg0A8sNoGPGzfeGqoXz8uTAhWj2,350,false
,KG9Pba3wEih0TBi9XNHT4pI25V42,-NyPQFt54nlNBW3puYIA,-Nz7c1mrSxF3AM0MkKgH,5Cs2g0Sbaqbzc3QouNrhNMAyuZw2,200,false
,KG9Pba3wEih0TBi9XNHT4pI25V42,-O08Scdjlm_JdR5aBA18,-O08WDcPi1su6xlGGOtO,rTZ82KNjL9MvtTXMxwbB9zvwdwd2,200,false
,KG9Pba3wEih0TBi9XNHT4pI25V42,-NrG3htiQeFdwRH5uWDN,-NrG8p8JAWM6a_keuTXq,Qkg0A8sNoGPGzfeGqoXz8uTAhWj2,200,false
,KG9Pba3wEih0TBi9XNHT4pI25V42,-O4A69NIczhDVSOvO-bK,-O4A9Zu1SvZjXrQoQyrl,W4zM5c0XmNfv11Z7mXQIjkP1QE82,200,false
,KG9Pba3wEih0TBi9XNHT4pI25V42,-O2iRso2iyzmadqIfVbD,-O2iTSjZ967VPuSGP8ME,r81eaF32dKNviefmtozL4sD6eEk1,160,false
,KG9Pba3wEih0TBi9XNHT4pI25V42,-O3lSfIeS08GM2ivPHvw,-O3lV8PaQWdxrd4tDNdB,zUbjejEygcOo1OhxGJ6EjSv3lnJ2,200,false
,KG9Pba3wEih0TBi9XNHT4pI25V42,-NyPQFt54nlNBW3puYIA,-Nz7c1mrSxF3AM0MkKgH,5Cs2g0Sbaqbzc3QouNrhNMAyuZw2,200,false
,KG9Pba3wEih0TBi9XNHT4pI25V42,-NrG3htiQeFdwRH5uWDN,-NrG9jnOfMjfAqS3CimW,Qkg0A8sNoGPGzfeGqoXz8uTAhWj2,200,false
,KG9Pba3wEih0TBi9XNHT4pI25V42,-NrG3htiQeFdwRH5uWDN,-NrG8DuY47gGAxT5u_Bh,Qkg0A8sNoGPGzfeGqoXz8uTAhWj2,200,false
,KG9Pba3wEih0TBi9XNHT4pI25V42,-O4A69NIczhDVSOvO-bK,-O4A8U3FC8qU3Y1efNl9,W4zM5c0XmNfv11Z7mXQIjkP1QE82,200,false
,KG9Pba3wEih0TBi9XNHT4pI25V42,-NmC18VrA8CeragiVGu8,-NmC5J_583iJk4ArlvBh,lSzW46N6KWRH2SQZyTRZJAGx0Cj1,200,false
,KG9Pba3wEih0TBi9XNHT4pI25V42,-NmC18VrA8CeragiVGu8,-NmC27wH2iBooJJtQVsG,lSzW46N6KWRH2SQZyTRZJAGx0Cj1,300,false
,KG9Pba3wEih0TBi9XNHT4pI25V42,-NmC18VrA8CeragiVGu8,-NmC2faARSqpAG6okYEj,lSzW46N6KWRH2SQZyTRZJAGx0Cj1,300,false
,KG9Pba3wEih0TBi9XNHT4pI25V42,-O7mAuYTaeRX9n5j3Nuy,-O7mCHN-I06WYMsxafGK,GP5WzDwvMIWkMcB1FhNOUnc2G462,280,false
,KG9Pba3wEih0TBi9XNHT4pI25V42,-O7mAuYTaeRX9n5j3Nuy,-O7mCbz8FUXkz_fhCbWV,GP5WzDwvMIWkMcB1FhNOUnc2G462,280,false
,KG9Pba3wEih0TBi9XNHT4pI25V42,-Nzhrmf0iuIlOwL7OxlM,-NzhshtG_h2SG96Qhobf,JjgK259ffIYREcCanlAIYEvUhNr1,300,false
,KG9Pba3wEih0TBi9XNHT4pI25V42,-Nzhrmf0iuIlOwL7OxlM,-Nzht5CMNinGqP-HpxQX,JjgK259ffIYREcCanlAIYEvUhNr1,300,false
,KG9Pba3wEih0TBi9XNHT4pI25V42,-Nzhrmf0iuIlOwL7OxlM,-NzhtT8zbN9PIqu0RgQ0,JjgK259ffIYREcCanlAIYEvUhNr1,300,false
,KG9Pba3wEih0TBi9XNHT4pI25V42,-N8wrJ7SvHAC_pStTMIM,-N8wtlIzDIeb_bCLJrYv,3lM1ylCDoQPvjWaVjEnzkW2V9Zt1,300,false
,KG9Pba3wEih0TBi9XNHT4pI25V42,-N8wrJ7SvHAC_pStTMIM,-N8wsmL2_lyB6oYgJTuO,3lM1ylCDoQPvjWaVjEnzkW2V9Zt1,300,false
,KG9Pba3wEih0TBi9XNHT4pI25V42,-O7mAuYTaeRX9n5j3Nuy,-O7mCxZoracdLc3kQdG3,GP5WzDwvMIWkMcB1FhNOUnc2G462,200,false
,KG9Pba3wEih0TBi9XNHT4pI25V42,-O7mAuYTaeRX9n5j3Nuy,-O7mDIl007mLEK73VuVW,GP5WzDwvMIWkMcB1FhNOUnc2G462,200,false
,KG9Pba3wEih0TBi9XNHT4pI25V42,-O2iRso2iyzmadqIfVbD,-O2iT4IXCgbFFbsoUOyi,r81eaF32dKNviefmtozL4sD6eEk1,300,false
,KG9Pba3wEih0TBi9XNHT4pI25V42,-NcXs2ErKckrr89Qsdf_,-NcXu_7aEPbNNzccZoQf,Em5ikAsNyIWtFq0uXd2kkiKGj9o2,300,false
,KG9Pba3wEih0TBi9XNHT4pI25V42,-NzhxakpJN9VUjNaxkDc,-O3gb-6Y39mzH6rLXIV0,uZlTnVtxvsejGQ4O3b1usVAHFGN2,300,false
,KG9Pba3wEih0TBi9XNHT4pI25V42,-O3lSfIeS08GM2ivPHvw,-O3lTdZLuXvPWQ5W3cyg,zUbjejEygcOo1OhxGJ6EjSv3lnJ2,350,false
,KG9Pba3wEih0TBi9XNHT4pI25V42,-NoVk5Kd7SDp2FKbe2Jr,-NoVmLgFP3ev5v11tfAY,5thBaBZMEmdtt6Ny7mY60v3redb2,300,false
,KG9Pba3wEih0TBi9XNHT4pI25V42,-Nz8TUgyp8W61kxo694b,-Nz8cI8DRjzOud1NKXDp,ZwFjrPkPnFQoSt6uVozBmz50MUQ2,350,false
,KG9Pba3wEih0TBi9XNHT4pI25V42,-O3lOj3T61E_5vERBmtE,-O3lP_RVoCHKUneAFPLU,JlhVu3aP6rMQ7BSnai8t8h26tl02,300,false
,KG9Pba3wEih0TBi9XNHT4pI25V42,-O3lOj3T61E_5vERBmtE,-O3lRCxnD8DGzMFzPDjw,JlhVu3aP6rMQ7BSnai8t8h26tl02,300,false
,KG9Pba3wEih0TBi9XNHT4pI25V42,-O2iCO-kMj1e3jLBhk3I,-O2iOJOegpQYTQLR1sXw,XKhTuOMkFLV6Qex9ExdImlv0r002,200,false
,KG9Pba3wEih0TBi9XNHT4pI25V42,-O3lSfIeS08GM2ivPHvw,-O3lTHRbe8YhqeVxbo4P,zUbjejEygcOo1OhxGJ6EjSv3lnJ2,350,false
,KG9Pba3wEih0TBi9XNHT4pI25V42,-O2iCO-kMj1e3jLBhk3I,-O2iRFgigzRkqV9VHDqr,XKhTuOMkFLV6Qex9ExdImlv0r002,200,false
,KG9Pba3wEih0TBi9XNHT4pI25V42,-NcXs2ErKckrr89Qsdf_,-NcXu2OMUrzqZKduQwRD,Em5ikAsNyIWtFq0uXd2kkiKGj9o2,300,false
,KG9Pba3wEih0TBi9XNHT4pI25V42,-Nt0dCRS9khradpJF5zd,-Nt0eVtg7KrpUToZc6p7,LjsKlNuViOQaYLfKf84kFyfLK2Z2,300,false
,KG9Pba3wEih0TBi9XNHT4pI25V42,-NikJ-sBrcRBMSF0jgFo,-NikLFJvnMyG7jfT-dK8,4qpjHqWGxBVRircldaLbMbykVHs2,300,false
,KG9Pba3wEih0TBi9XNHT4pI25V42,-Nt0dCRS9khradpJF5zd,-Nt0e8w14Zy1GHbUCF5T,XARiPZ8l0lc9ClwPsFnvVnpt51T2,300,false
,KG9Pba3wEih0TBi9XNHT4pI25V42,-O7mAuYTaeRX9n5j3Nuy,-O7mCHN-I06WYMsxafGK,GP5WzDwvMIWkMcB1FhNOUnc2G462,280,false
,KG9Pba3wEih0TBi9XNHT4pI25V42,-NmC18VrA8CeragiVGu8,-NmC27wH2iBooJJtQVsG,OiFXANOD1bQ1FSjDYslX798PEF53,300,false
,KG9Pba3wEih0TBi9XNHT4pI25V42,-NmC18VrA8CeragiVGu8,-NmC3zHKWpUgOPi-vIMv,OiFXANOD1bQ1FSjDYslX798PEF53,300,false
,KG9Pba3wEih0TBi9XNHT4pI25V42,-NrG3htiQeFdwRH5uWDN,-NrG7GTRtvB4HNgk14D_,Qkg0A8sNoGPGzfeGqoXz8uTAhWj2,350,false
,KG9Pba3wEih0TBi9XNHT4pI25V42,-Nzhrmf0iuIlOwL7OxlM,-NzhtvWUSkU3Hchvt1Fp,JjgK259ffIYREcCanlAIYEvUhNr1,300,false
,KG9Pba3wEih0TBi9XNHT4pI25V42,-NrG3htiQeFdwRH5uWDN,-NrG6DDd-74GAp1oKsuu,Qkg0A8sNoGPGzfeGqoXz8uTAhWj2,350,false
,KG9Pba3wEih0TBi9XNHT4pI25V42,-NrG3htiQeFdwRH5uWDN,-NrG5lwA4LweBQPkhqGB,Qkg0A8sNoGPGzfeGqoXz8uTAhWj2,350,false
,KG9Pba3wEih0TBi9XNHT4pI25V42,-O85f_8vXT7G7-THmWlc,-O85giMK_SLtmAlEpEj0,y9qvolAXr7gMyva1KIcJBE755O22,300,false
,KG9Pba3wEih0TBi9XNHT4pI25V42,-NrG3htiQeFdwRH5uWDN,-NrG5HJYwfH4liroGXii,Qkg0A8sNoGPGzfeGqoXz8uTAhWj2,350,false
,KG9Pba3wEih0TBi9XNHT4pI25V42,-NmC18VrA8CeragiVGu8,-NmC2faARSqpAG6okYEj,LQKgfPypY1OIsNLYc9tejlXYH2p1,300,false
,KG9Pba3wEih0TBi9XNHT4pI25V42,-NmC18VrA8CeragiVGu8,-NmC3IN8-skUxO0_9c18,LQKgfPypY1OIsNLYc9tejlXYH2p1,300,false
,KG9Pba3wEih0TBi9XNHT4pI25V42,-O85f_8vXT7G7-THmWlc,-O85giMK_SLtmAlEpEj0,y9qvolAXr7gMyva1KIcJBE755O22,300,false
,KG9Pba3wEih0TBi9XNHT4pI25V42,-O2iRso2iyzmadqIfVbD,-O2iTSjZ967VPuSGP8ME,r81eaF32dKNviefmtozL4sD6eEk1,160,false
,KG9Pba3wEih0TBi9XNHT4pI25V42,-NikJ-sBrcRBMSF0jgFo,-NikKDH65SXjmZM5nj7g,4qpjHqWGxBVRircldaLbMbykVHs2,300,false
,KG9Pba3wEih0TBi9XNHT4pI25V42,-NikJ-sBrcRBMSF0jgFo,-NikKlkgG8STENhi1-RG,4qpjHqWGxBVRircldaLbMbykVHs2,300,false
,KG9Pba3wEih0TBi9XNHT4pI25V42,-O-1Cyu-zBSt-dIFoblE,-O-1FT1G9MctcDJXgW4v,1gGzMXxa8mRjJmRNlZSekOpiBRJ3,330,false
,KG9Pba3wEih0TBi9XNHT4pI25V42,-O3lSfIeS08GM2ivPHvw,-O3lUkHiQX_jTelG-byR,zUbjejEygcOo1OhxGJ6EjSv3lnJ2,200,false
,KG9Pba3wEih0TBi9XNHT4pI25V42,-NmC18VrA8CeragiVGu8,-NmC6Txocmq8GZ4cO7H6,OiFXANOD1bQ1FSjDYslX798PEF53,200,false
,KG9Pba3wEih0TBi9XNHT4pI25V42,-NmC18VrA8CeragiVGu8,-NmC3zHKWpUgOPi-vIMv,d9vYQYJC9uXLYMdkOkpKFICer3J2,300,false
,KG9Pba3wEih0TBi9XNHT4pI25V42,-O3lSfIeS08GM2ivPHvw,-O3lV8PaQWdxrd4tDNdB,zUbjejEygcOo1OhxGJ6EjSv3lnJ2,200,false
,KG9Pba3wEih0TBi9XNHT4pI25V42,-O08Scdjlm_JdR5aBA18,-O08TtG2VAtQLTTWo-SH,rTZ82KNjL9MvtTXMxwbB9zvwdwd2,300,false
,KG9Pba3wEih0TBi9XNHT4pI25V42,-NmC18VrA8CeragiVGu8,-NmC3IN8-skUxO0_9c18,d9vYQYJC9uXLYMdkOkpKFICer3J2,300,false
,KG9Pba3wEih0TBi9XNHT4pI25V42,-O08Scdjlm_JdR5aBA18,-O08V9lYBzmXGZyY06NI,rTZ82KNjL9MvtTXMxwbB9zvwdwd2,300,false
,KG9Pba3wEih0TBi9XNHT4pI25V42,-NrG3htiQeFdwRH5uWDN,-NrG6DDd-74GAp1oKsuu,Qkg0A8sNoGPGzfeGqoXz8uTAhWj2,350,false
,KG9Pba3wEih0TBi9XNHT4pI25V42,-NrG3htiQeFdwRH5uWDN,-NrG7hiiHcPoz2vy0EwF,Qkg0A8sNoGPGzfeGqoXz8uTAhWj2,200,false
,KG9Pba3wEih0TBi9XNHT4pI25V42,-NoVk5Kd7SDp2FKbe2Jr,-NoVmeZVmmgYNxANZALf,5thBaBZMEmdtt6Ny7mY60v3redb2,300,false
,KG9Pba3wEih0TBi9XNHT4pI25V42,-NzhxakpJN9VUjNaxkDc,-O3gbqoWJRkhFhgcVdGi,uZlTnVtxvsejGQ4O3b1usVAHFGN2,200,false
,KG9Pba3wEih0TBi9XNHT4pI25V42,-O08Scdjlm_JdR5aBA18,-O08UN7JJcEyY_Wy3PcR,civtSkENcvg1KnsN9JKtE0JPTsV2,300,false
,KG9Pba3wEih0TBi9XNHT4pI25V42,-NyPQFt54nlNBW3puYIA,-NyPUlupQ6jBxywhUH63,5Cs2g0Sbaqbzc3QouNrhNMAyuZw2,350,false
,KG9Pba3wEih0TBi9XNHT4pI25V42,-NyPQFt54nlNBW3puYIA,-NyPV7vWjYaxVX_1Gzfo,5Cs2g0Sbaqbzc3QouNrhNMAyuZw2,350,false
,KG9Pba3wEih0TBi9XNHT4pI25V42,-NmC18VrA8CeragiVGu8,-NmC6Txocmq8GZ4cO7H6,OiFXANOD1bQ1FSjDYslX798PEF53,200,false
,KG9Pba3wEih0TBi9XNHT4pI25V42,-Nzhrmf0iuIlOwL7OxlM,-NzhshtG_h2SG96Qhobf,JjgK259ffIYREcCanlAIYEvUhNr1,300,false
,KG9Pba3wEih0TBi9XNHT4pI25V42,-Ny0cIPTcro557kRNPEh,-NyPTvUvGo2nhGT92rMO,ecPETjLkj8TPRy2PppjGXNv9OuJ3,350,false
,KG9Pba3wEih0TBi9XNHT4pI25V42,-Nl7ldAXg-HYEu5UMywi,-Nl7nGED9NfHgbo65J6t,Ri6JhaL2rVTWHbH4BYEx8vfSM5B3,300,false
,KG9Pba3wEih0TBi9XNHT4pI25V42,-NcXs2ErKckrr89Qsdf_,-NcXv2pWm1f1Q9A7lWWS,Em5ikAsNyIWtFq0uXd2kkiKGj9o2,200,false
,KG9Pba3wEih0TBi9XNHT4pI25V42,-NyPT5X9y1d-Hfu3x4Kk,-NyPVtvtbnR17UIyzC3r,JqL9O8kZ31aU30aSNVYkpX3TQ3n1,350,false
,KG9Pba3wEih0TBi9XNHT4pI25V42,-NmC18VrA8CeragiVGu8,-NmC4TFQCahBPwfbBz5Z,d9vYQYJC9uXLYMdkOkpKFICer3J2,200,false
,KG9Pba3wEih0TBi9XNHT4pI25V42,-Nzhrmf0iuIlOwL7OxlM,-Nzhv7zrmE-xgGC1EoFc,JjgK259ffIYREcCanlAIYEvUhNr1,200,false
,KG9Pba3wEih0TBi9XNHT4pI25V42,-Nzhrmf0iuIlOwL7OxlM,-NzhvUB-VJFOqmgk1mm9,JjgK259ffIYREcCanlAIYEvUhNr1,200,false
,KG9Pba3wEih0TBi9XNHT4pI25V42,-Nz8gz69kcJhEvw7yuiK,-Nz8rmI_FZ1gY_-RtCgA,qfu7IPPcCyXFoV1Gn1sToYfq5F63,260,false
,KG9Pba3wEih0TBi9XNHT4pI25V42,-NmC18VrA8CeragiVGu8,-NmC5J_583iJk4ArlvBh,LQKgfPypY1OIsNLYc9tejlXYH2p1,200,false
,KG9Pba3wEih0TBi9XNHT4pI25V42,-NzhxakpJN9VUjNaxkDc,-Nzhy-U3IfUfhWdH4Rkg,yrkJoIfYniVPyVIz7it4OmO00fo1,300,false
,KG9Pba3wEih0TBi9XNHT4pI25V42,-NmC18VrA8CeragiVGu8,-NmC5J_583iJk4ArlvBh,LQKgfPypY1OIsNLYc9tejlXYH2p1,200,false
,KG9Pba3wEih0TBi9XNHT4pI25V42,-NzhxakpJN9VUjNaxkDc,-NzhyWA4d2EoN1Y6-s-G,yrkJoIfYniVPyVIz7it4OmO00fo1,300,false
,KG9Pba3wEih0TBi9XNHT4pI25V42,-Nc6UA9Hl08A7BFSuNAc,-Nc6VTOrX-7LXkDnK1PC,TJMCBDbGNaTks43MRktf2ocWEce2,300,false
,KG9Pba3wEih0TBi9XNHT4pI25V42,-NzhxakpJN9VUjNaxkDc,-NzhysuNuXLLjQPuspd-,yrkJoIfYniVPyVIz7it4OmO00fo1,300,false
,KG9Pba3wEih0TBi9XNHT4pI25V42,-O2iCO-kMj1e3jLBhk3I,-O2iDWVm9nO-tPeKLcN7,uuniuBc9ejRUIrGqQlfL2zjHUTW2,300,false
,KG9Pba3wEih0TBi9XNHT4pI25V42,-N8wrJ7SvHAC_pStTMIM,-N8wsmL2_lyB6oYgJTuO,Jesm11UK3TQlvv8gP4M2i9mNSWt1,300,false
,KG9Pba3wEih0TBi9XNHT4pI25V42,-O7mAuYTaeRX9n5j3Nuy,-O7mCxZoracdLc3kQdG3,GP5WzDwvMIWkMcB1FhNOUnc2G462,200,false
,KG9Pba3wEih0TBi9XNHT4pI25V42,-NmC18VrA8CeragiVGu8,-NmC3zHKWpUgOPi-vIMv,f9CbGvmk5xNcX2nQem9RdN3JaNo2,300,false
,KG9Pba3wEih0TBi9XNHT4pI25V42,-NyPT5X9y1d-Hfu3x4Kk,-Nz7dXBVkcVnkE1bXDaR,unx7JeTSE9cEGdBknsaCP6fOn722,200,false
,KG9Pba3wEih0TBi9XNHT4pI25V42,-O4A69NIczhDVSOvO-bK,-O4A6vAjWhTh4c66lozl,W4zM5c0XmNfv11Z7mXQIjkP1QE82,300,false
,KG9Pba3wEih0TBi9XNHT4pI25V42,-NyPQFt54nlNBW3puYIA,-Nz7c1mrSxF3AM0MkKgH,5Cs2g0Sbaqbzc3QouNrhNMAyuZw2,200,false
,KG9Pba3wEih0TBi9XNHT4pI25V42,-O4A69NIczhDVSOvO-bK,-O4A7JRtUlLTg8YqAY37,W4zM5c0XmNfv11Z7mXQIjkP1QE82,300,false
,KG9Pba3wEih0TBi9XNHT4pI25V42,-O4A69NIczhDVSOvO-bK,-O4A7eTwQIItyzde7fnW,W4zM5c0XmNfv11Z7mXQIjkP1QE82,300,false
,KG9Pba3wEih0TBi9XNHT4pI25V42,-Nt0dCRS9khradpJF5zd,-Nt0dk7NbHkuHI8_DjTA,I8SdowhqZmTlqj4Jo5P4ceL4bt52,300,false
,KG9Pba3wEih0TBi9XNHT4pI25V42,-NzhxakpJN9VUjNaxkDc,-Nzi-RrZQA3MDrNj4_aB,yrkJoIfYniVPyVIz7it4OmO00fo1,200,false
,KG9Pba3wEih0TBi9XNHT4pI25V42,-NzhxakpJN9VUjNaxkDc,-Nzi-rqb2MuRgDzK4q-Z,yrkJoIfYniVPyVIz7it4OmO00fo1,200,false
,KG9Pba3wEih0TBi9XNHT4pI25V42,-NzhxakpJN9VUjNaxkDc,-Nzi0Aj0W95lOxfxo1Ie,yrkJoIfYniVPyVIz7it4OmO00fo1,200,false
,KG9Pba3wEih0TBi9XNHT4pI25V42,-Nt0dCRS9khradpJF5zd,-Nt0e8w14Zy1GHbUCF5T,I8SdowhqZmTlqj4Jo5P4ceL4bt52,300,false
,KG9Pba3wEih0TBi9XNHT4pI25V42,-NrG3htiQeFdwRH5uWDN,-NrG8p8JAWM6a_keuTXq,Qkg0A8sNoGPGzfeGqoXz8uTAhWj2,200,false
,KG9Pba3wEih0TBi9XNHT4pI25V42,-O2iRso2iyzmadqIfVbD,-O2iSJxW236KMyApWe0f,r81eaF32dKNviefmtozL4sD6eEk1,300,false
,KG9Pba3wEih0TBi9XNHT4pI25V42,-Nzhrmf0iuIlOwL7OxlM,-NzhtT8zbN9PIqu0RgQ0,JjgK259ffIYREcCanlAIYEvUhNr1,300,false
,KG9Pba3wEih0TBi9XNHT4pI25V42,-Nzhrmf0iuIlOwL7OxlM,-Nzht5CMNinGqP-HpxQX,JjgK259ffIYREcCanlAIYEvUhNr1,300,false
,KG9Pba3wEih0TBi9XNHT4pI25V42,-MvW5gwdK1MOWBE3u7g6,-MvW5gwdK1MOWBE3u7g9,HT5Wtj365pgjoy6T12HssGFQog62,300,false
,KG9Pba3wEih0TBi9XNHT4pI25V42,-NrG3htiQeFdwRH5uWDN,-NrG5HJYwfH4liroGXii,OLgOhoayTwaC1eoUz4pNW7mZlNq2,350,false
,KG9Pba3wEih0TBi9XNHT4pI25V42,-NrG3htiQeFdwRH5uWDN,-NrG5lwA4LweBQPkhqGB,OLgOhoayTwaC1eoUz4pNW7mZlNq2,350,false
,KG9Pba3wEih0TBi9XNHT4pI25V42,-NyPT5X9y1d-Hfu3x4Kk,-Nz7drF8d4_W3PsoXA87,JqL9O8kZ31aU30aSNVYkpX3TQ3n1,200,false
,KG9Pba3wEih0TBi9XNHT4pI25V42,-Nz8gz69kcJhEvw7yuiK,-Nz8tJF34Bks4HiPLqb3,qfu7IPPcCyXFoV1Gn1sToYfq5F63,40,false
,KG9Pba3wEih0TBi9XNHT4pI25V42,-NyPQFt54nlNBW3puYIA,-NyPUlupQ6jBxywhUH63,5Cs2g0Sbaqbzc3QouNrhNMAyuZw2,350,false
,KG9Pba3wEih0TBi9XNHT4pI25V42,-NyPQFt54nlNBW3puYIA,-NyPV7vWjYaxVX_1Gzfo,5Cs2g0Sbaqbzc3QouNrhNMAyuZw2,350,false
,KG9Pba3wEih0TBi9XNHT4pI25V42,-MvW5gwdK1MOWBE3u7g6,-MvW5gwdK1MOWBE3u7g8,AFBGifBIPaQOATglnzwrLb9QtC23,300,false
,KG9Pba3wEih0TBi9XNHT4pI25V42,-O08vVh_sepkZWWYtBMO,-O08vsqJMhBWrNKTuKiS,Um7ukvX6WgX7IhV9IISWypHOqww1,300,false
,KG9Pba3wEih0TBi9XNHT4pI25V42,-O08vVh_sepkZWWYtBMO,-O08wG3qCuMaBM2jUzna,Um7ukvX6WgX7IhV9IISWypHOqww1,300,false
,KG9Pba3wEih0TBi9XNHT4pI25V42,-NzhxakpJN9VUjNaxkDc,-Nzhy-U3IfUfhWdH4Rkg,yrkJoIfYniVPyVIz7it4OmO00fo1,300,false
,KG9Pba3wEih0TBi9XNHT4pI25V42,-O4A69NIczhDVSOvO-bK,-O4A6vAjWhTh4c66lozl,W4zM5c0XmNfv11Z7mXQIjkP1QE82,300,false
,KG9Pba3wEih0TBi9XNHT4pI25V42,-NzhxakpJN9VUjNaxkDc,-NzhzJUAI8an8rhRhrHl,m3q9gVSo5JgstClP5YIRkwUXUST2,300,false
,KG9Pba3wEih0TBi9XNHT4pI25V42,-O85f_8vXT7G7-THmWlc,-O85hV3L99V3Phl3GM9W,y9qvolAXr7gMyva1KIcJBE755O22,200,false
,KG9Pba3wEih0TBi9XNHT4pI25V42,-NikJ-sBrcRBMSF0jgFo,-NikLupoi1Vfxj9FOcG5,4qpjHqWGxBVRircldaLbMbykVHs2,200,false
,KG9Pba3wEih0TBi9XNHT4pI25V42,-NikJ-sBrcRBMSF0jgFo,-NikMSDkW9Q7OwEx9i50,4qpjHqWGxBVRircldaLbMbykVHs2,200,false
,KG9Pba3wEih0TBi9XNHT4pI25V42,-NmC7GdJysF695FFzZap,-NmC8seXEhZzMfrk_a5t,79gcweFD1vf6oNM9ZEG4RUWTEPh1,300,false
,KG9Pba3wEih0TBi9XNHT4pI25V42,-O2iCO-kMj1e3jLBhk3I,-O2iN9OiR5xZHtqs2g5P,gYAt9sGGXeRYTOJLSEcps4mmpKK2,300,false
,KG9Pba3wEih0TBi9XNHT4pI25V42,-Nc6Oh9qfA9ThSW4lbxv,-Nc6QoTKmZndH7XV17Dj,jVAEsjG9K1h17J88ekyz8dx1XSo1,300,false
,KG9Pba3wEih0TBi9XNHT4pI25V42,-Ny0cIPTcro557kRNPEh,-Nz7bEth_Zn7YTFueRHu,ecPETjLkj8TPRy2PppjGXNv9OuJ3,200,false
,KG9Pba3wEih0TBi9XNHT4pI25V42,-NyPT5X9y1d-Hfu3x4Kk,-NyPWC_RvPFq8GLBm-5W,unx7JeTSE9cEGdBknsaCP6fOn722,350,false
,KG9Pba3wEih0TBi9XNHT4pI25V42,-Nc6Oh9qfA9ThSW4lbxv,-Nc6QJoVKBMMQDLBFT37,jVAEsjG9K1h17J88ekyz8dx1XSo1,300,false
,KG9Pba3wEih0TBi9XNHT4pI25V42,-O08Scdjlm_JdR5aBA18,-O08V9lYBzmXGZyY06NI,civtSkENcvg1KnsN9JKtE0JPTsV2,300,false
,KG9Pba3wEih0TBi9XNHT4pI25V42,-O4A69NIczhDVSOvO-bK,-O4A9Zu1SvZjXrQoQyrl,W4zM5c0XmNfv11Z7mXQIjkP1QE82,200,false
,KG9Pba3wEih0TBi9XNHT4pI25V42,-O2iCO-kMj1e3jLBhk3I,-O2iLafmghSVp3Dx_p0V,oXqZ0ZlQsLcTSPY8UOyukVWaYuG3,300,false
,KG9Pba3wEih0TBi9XNHT4pI25V42,-O2iCO-kMj1e3jLBhk3I,-O2iM7WL6efm2x91FehE,oXqZ0ZlQsLcTSPY8UOyukVWaYuG3,300,false
,KG9Pba3wEih0TBi9XNHT4pI25V42,-O3lopehLKmdtWWFSRE8,-O3lpHnvDSewCQujirKL,hmSLTcGlNgXwgzDaFAeIPMEuHvo1,500,false
,KG9Pba3wEih0TBi9XNHT4pI25V42,-O4A69NIczhDVSOvO-bK,-O4A6vAjWhTh4c66lozl,W4zM5c0XmNfv11Z7mXQIjkP1QE82,300,false
,KG9Pba3wEih0TBi9XNHT4pI25V42,-O4A69NIczhDVSOvO-bK,-O4A8U3FC8qU3Y1efNl9,W4zM5c0XmNfv11Z7mXQIjkP1QE82,200,false
,KG9Pba3wEih0TBi9XNHT4pI25V42,-NoVk5Kd7SDp2FKbe2Jr,-NoVmLgFP3ev5v11tfAY,5thBaBZMEmdtt6Ny7mY60v3redb2,300,false
,KG9Pba3wEih0TBi9XNHT4pI25V42,-NoVk5Kd7SDp2FKbe2Jr,-NoVmeZVmmgYNxANZALf,5thBaBZMEmdtt6Ny7mY60v3redb2,300,false
,KG9Pba3wEih0TBi9XNHT4pI25V42,-O08Scdjlm_JdR5aBA18,-O08X4OjSysslQtCnSef,civtSkENcvg1KnsN9JKtE0JPTsV2,200,false
,KG9Pba3wEih0TBi9XNHT4pI25V42,-Nzhrmf0iuIlOwL7OxlM,-Nzhua1YBM1aZltxsz5G,JjgK259ffIYREcCanlAIYEvUhNr1,200,false
,KG9Pba3wEih0TBi9XNHT4pI25V42,-NtRGnH3AbJJ9Y2PvrXH,-NtRHNLYn6asza81C5t3,i7OZAXq2ERagRVtlg58zkKCeWor1,500,false
,KG9Pba3wEih0TBi9XNHT4pI25V42,-Nt0dCRS9khradpJF5zd,-Nt0f94vJLCgbmyZBskU,I8SdowhqZmTlqj4Jo5P4ceL4bt52,200,false
,KG9Pba3wEih0TBi9XNHT4pI25V42,-Nc6Oh9qfA9ThSW4lbxv,-Nc6PtOC7oH1DR4AjtEl,xeuGoGi4lEUWKjf1bIJMBXZaZRa2,300,false
,KG9Pba3wEih0TBi9XNHT4pI25V42,-Nl7ldAXg-HYEu5UMywi,-Nl7qBavtazhQ8colX4P,4cfZhv4RhwRiWyfpgTRvsMunR7o2,300,false
,KG9Pba3wEih0TBi9XNHT4pI25V42,-O08vVh_sepkZWWYtBMO,-O08we8MtTu5y6dHv9RH,XWjQitUh0eT8zFThl08AJo9yU4K2,300,false
,KG9Pba3wEih0TBi9XNHT4pI25V42,-O2iRso2iyzmadqIfVbD,-O2iT4IXCgbFFbsoUOyi,r81eaF32dKNviefmtozL4sD6eEk1,300,false
,KG9Pba3wEih0TBi9XNHT4pI25V42,-O2iCO-kMj1e3jLBhk3I,-O2iNmXJPTawig22QnDh,oXqZ0ZlQsLcTSPY8UOyukVWaYuG3,200,false
,KG9Pba3wEih0TBi9XNHT4pI25V42,-O2iCO-kMj1e3jLBhk3I,-O2iRFgigzRkqV9VHDqr,gYAt9sGGXeRYTOJLSEcps4mmpKK2,200,false
,KG9Pba3wEih0TBi9XNHT4pI25V42,-N8wrJ7SvHAC_pStTMIM,-N8wsmL2_lyB6oYgJTuO,Jesm11UK3TQlvv8gP4M2i9mNSWt1,300,false
,KG9Pba3wEih0TBi9XNHT4pI25V42,-NrG3htiQeFdwRH5uWDN,-NrG7hiiHcPoz2vy0EwF,OLgOhoayTwaC1eoUz4pNW7mZlNq2,200,false
,KG9Pba3wEih0TBi9XNHT4pI25V42,-NrG3htiQeFdwRH5uWDN,-NrG8DuY47gGAxT5u_Bh,OLgOhoayTwaC1eoUz4pNW7mZlNq2,200,false
,KG9Pba3wEih0TBi9XNHT4pI25V42,-Nc6UA9Hl08A7BFSuNAc,-Nc6V0X6OIQrhj8c84Mw,isjbIapDy6gSQR6eG7F8seVoRRv2,300,false
,KG9Pba3wEih0TBi9XNHT4pI25V42,-O08vVh_sepkZWWYtBMO,-O08xSuDFCHuFY5S4x7d,dK3sjIgkMHctBeXvX5Fmfr7jBQr2,300,false
,KG9Pba3wEih0TBi9XNHT4pI25V42,-NzhxakpJN9VUjNaxkDc,-NzhyWA4d2EoN1Y6-s-G,3fRMDAVqQeR6ZKvng7Qj5Qekqvi1,300,false
,KG9Pba3wEih0TBi9XNHT4pI25V42,-NzhxakpJN9VUjNaxkDc,-NzhysuNuXLLjQPuspd-,3fRMDAVqQeR6ZKvng7Qj5Qekqvi1,300,false
,KG9Pba3wEih0TBi9XNHT4pI25V42,-NoVk5Kd7SDp2FKbe2Jr,-NoVl05cwblKySdgw3ES,5thBaBZMEmdtt6Ny7mY60v3redb2,300,false
,KG9Pba3wEih0TBi9XNHT4pI25V42,-NoVk5Kd7SDp2FKbe2Jr,-NoVlNhdzUovGOIM7iut,5thBaBZMEmdtt6Ny7mY60v3redb2,300,false
,KG9Pba3wEih0TBi9XNHT4pI25V42,-O2iRso2iyzmadqIfVbD,-O2iUS2MXzci6rSo-gDh,r81eaF32dKNviefmtozL4sD6eEk1,160,false
,KG9Pba3wEih0TBi9XNHT4pI25V42,-O4A69NIczhDVSOvO-bK,-O4A7JRtUlLTg8YqAY37,FW1szKnSmDYwOtwUN9DwkA90pcg1,300,false
,KG9Pba3wEih0TBi9XNHT4pI25V42,-Nc6UA9Hl08A7BFSuNAc,-Nc6Wd3VTLEeMHlv4qLp,TJMCBDbGNaTks43MRktf2ocWEce2,200,false
,KG9Pba3wEih0TBi9XNHT4pI25V42,-O4A69NIczhDVSOvO-bK,-O4A7eTwQIItyzde7fnW,FW1szKnSmDYwOtwUN9DwkA90pcg1,300,false
,KG9Pba3wEih0TBi9XNHT4pI25V42,-NmC18VrA8CeragiVGu8,-NmC27wH2iBooJJtQVsG,2yCQTherqQW0BBhGUWPRwwiPYA92,300,false
,KG9Pba3wEih0TBi9XNHT4pI25V42,-Nt0dCRS9khradpJF5zd,-Nt0eVtg7KrpUToZc6p7,MsJJOynfuBgbTfi2ql4vOPe1kja2,300,false
,KG9Pba3wEih0TBi9XNHT4pI25V42,-NmC18VrA8CeragiVGu8,-NmC3IN8-skUxO0_9c18,KU5qG9OGzwPYrJIGT9k4PG0XE3J2,300,false
,KG9Pba3wEih0TBi9XNHT4pI25V42,-O2iRso2iyzmadqIfVbD,-O2iSJxW236KMyApWe0f,r81eaF32dKNviefmtozL4sD6eEk1,300,false
,KG9Pba3wEih0TBi9XNHT4pI25V42,-NmC18VrA8CeragiVGu8,-NmC4TFQCahBPwfbBz5Z,f9CbGvmk5xNcX2nQem9RdN3JaNo2,200,false
,KG9Pba3wEih0TBi9XNHT4pI25V42,-O2iRso2iyzmadqIfVbD,-O2iSiCZ3n_IDeoNr9Sj,r81eaF32dKNviefmtozL4sD6eEk1,300,false
,KG9Pba3wEih0TBi9XNHT4pI25V42,-NcXs2ErKckrr89Qsdf_,-NcXu_7aEPbNNzccZoQf,Em5ikAsNyIWtFq0uXd2kkiKGj9o2,300,false
,KG9Pba3wEih0TBi9XNHT4pI25V42,-O5s3Rd4oAvokOAYSy_4,-O5s4nhsunLWLU2x5iy6,PPvT5rlnSmUZRV3HJfVarM8jAzm2,300,false
,KG9Pba3wEih0TBi9XNHT4pI25V42,-N_rA4HA5hBTTHe_RVRK,-N_rS8ZhDu5VOuFPVl4D,pW97YlPBkXOG95t2wkANYReYGhp2,300,false
,KG9Pba3wEih0TBi9XNHT4pI25V42,-NzhxakpJN9VUjNaxkDc,-NzhzyFXDKVfO12DZ_wF,m3q9gVSo5JgstClP5YIRkwUXUST2,200,false
,KG9Pba3wEih0TBi9XNHT4pI25V42,-N_rA4HA5hBTTHe_RVRK,-N_rEGL1tgsluDWD6ex-,pW97YlPBkXOG95t2wkANYReYGhp2,300,false
,KG9Pba3wEih0TBi9XNHT4pI25V42,-Nl7ldAXg-HYEu5UMywi,-Nl7nGED9NfHgbo65J6t,0wNHbQ2LSyQleCxzQr8PIrsiVpB2,300,false
,KG9Pba3wEih0TBi9XNHT4pI25V42,-MvW5gwdK1MOWBE3u7g6,-MvW5gwdK1MOWBE3u7g7,VjxSmXbYHKPVvYlH2K6rDB2KdMZ2,300,false
,KG9Pba3wEih0TBi9XNHT4pI25V42,-O08vVh_sepkZWWYtBMO,-O08xp27Zwk-Wmm4rMD1,Um7ukvX6WgX7IhV9IISWypHOqww1,200,false
,KG9Pba3wEih0TBi9XNHT4pI25V42,-MvW5gwdK1MOWBE3u7g6,-MvW5gwdK1MOWBE3u7g9,zcv2u3XYexPXXVsqZD4pPzfuXtB2,300,false
,KG9Pba3wEih0TBi9XNHT4pI25V42,-Nt0dCRS9khradpJF5zd,-Nt0f94vJLCgbmyZBskU,I8SdowhqZmTlqj4Jo5P4ceL4bt52,200,false
,KG9Pba3wEih0TBi9XNHT4pI25V42,-NmC18VrA8CeragiVGu8,-NmC6Txocmq8GZ4cO7H6,KU5qG9OGzwPYrJIGT9k4PG0XE3J2,200,false
,KG9Pba3wEih0TBi9XNHT4pI25V42,-NmC18VrA8CeragiVGu8,-NmC5J_583iJk4ArlvBh,KU5qG9OGzwPYrJIGT9k4PG0XE3J2,200,false
,KG9Pba3wEih0TBi9XNHT4pI25V42,-NrG3htiQeFdwRH5uWDN,-NrG5lwA4LweBQPkhqGB,Qkg0A8sNoGPGzfeGqoXz8uTAhWj2,350,false
,KG9Pba3wEih0TBi9XNHT4pI25V42,-NrG3htiQeFdwRH5uWDN,-NrG6DDd-74GAp1oKsuu,Qkg0A8sNoGPGzfeGqoXz8uTAhWj2,350,false
,KG9Pba3wEih0TBi9XNHT4pI25V42,-O2iCO-kMj1e3jLBhk3I,-O2iDWVm9nO-tPeKLcN7,oXqZ0ZlQsLcTSPY8UOyukVWaYuG3,300,false
,KG9Pba3wEih0TBi9XNHT4pI25V42,-Nl7ldAXg-HYEu5UMywi,-Nl7rw88iOihIHj-S3DA,4cfZhv4RhwRiWyfpgTRvsMunR7o2,200,false
,KG9Pba3wEih0TBi9XNHT4pI25V42,-O08vVh_sepkZWWYtBMO,-O08vsqJMhBWrNKTuKiS,A6twa36Lp0RTttKbCcpFJLnLeQH2,300,false
,KG9Pba3wEih0TBi9XNHT4pI25V42,-NikJ-sBrcRBMSF0jgFo,-NikLFJvnMyG7jfT-dK8,4qpjHqWGxBVRircldaLbMbykVHs2,300,false
,KG9Pba3wEih0TBi9XNHT4pI25V42,-NtRGnH3AbJJ9Y2PvrXH,-NtRIsYNSjaX50S7FryQ,i7OZAXq2ERagRVtlg58zkKCeWor1,300,false
,KG9Pba3wEih0TBi9XNHT4pI25V42,-NikJ-sBrcRBMSF0jgFo,-NikKlkgG8STENhi1-RG,4qpjHqWGxBVRircldaLbMbykVHs2,300,false
,KG9Pba3wEih0TBi9XNHT4pI25V42,-OEO3uN0yOJDl9KJg_L-,-OEO4Qi32j5u1BTk8Ne7,lzE8rR5G2QPhwIctNWVuGoFjJfF3,300,false
,KG9Pba3wEih0TBi9XNHT4pI25V42,-OEO3uN0yOJDl9KJg_L-,-OEO4pg2vgOp_5oQttSc,lzE8rR5G2QPhwIctNWVuGoFjJfF3,300,false
,KG9Pba3wEih0TBi9XNHT4pI25V42,-O3lSfIeS08GM2ivPHvw,-O3lU73vihDJ-tkjb1W7,zUbjejEygcOo1OhxGJ6EjSv3lnJ2,350,false
,KG9Pba3wEih0TBi9XNHT4pI25V42,-Nzi60zH5ycXLCx0UeSc,-Nzi7o-Lf_jPEMf3Qg5K,AVp53dfgqlYPtSgr1LQ00Mk0ET63,300,false
,KG9Pba3wEih0TBi9XNHT4pI25V42,-O4A69NIczhDVSOvO-bK,-O4A6vAjWhTh4c66lozl,W4zM5c0XmNfv11Z7mXQIjkP1QE82,300,false
,KG9Pba3wEih0TBi9XNHT4pI25V42,-MvW5gwdK1MOWBE3u7g6,-MvW5gwdK1MOWBE3u7gA,AFBGifBIPaQOATglnzwrLb9QtC23,200,false
,KG9Pba3wEih0TBi9XNHT4pI25V42,-Nc6UA9Hl08A7BFSuNAc,-Nc6X0pL5nPDbO4iR8uD,TJMCBDbGNaTks43MRktf2ocWEce2,200,false
,KG9Pba3wEih0TBi9XNHT4pI25V42,-O08Scdjlm_JdR5aBA18,-O08WetfDgMEbuIKjnxo,civtSkENcvg1KnsN9JKtE0JPTsV2,200,false
,KG9Pba3wEih0TBi9XNHT4pI25V42,-NmC18VrA8CeragiVGu8,-NmC3zHKWpUgOPi-vIMv,yZeXFRqFnpUNENh14478Tus9uBi2,300,false
,KG9Pba3wEih0TBi9XNHT4pI25V42,-NZZuJzST4E62TJ_gPvq,-N_rruIq0BgOu7VCPENp,98r0UZWauITNQG0JD09lciw2yjA3,300,false
,KG9Pba3wEih0TBi9XNHT4pI25V42,-NoVk5Kd7SDp2FKbe2Jr,-NoVnhugSUIhQyXwHgsf,5thBaBZMEmdtt6Ny7mY60v3redb2,200,false
,KG9Pba3wEih0TBi9XNHT4pI25V42,-NrG3htiQeFdwRH5uWDN,-NrG7GTRtvB4HNgk14D_,Qkg0A8sNoGPGzfeGqoXz8uTAhWj2,350,false
,KG9Pba3wEih0TBi9XNHT4pI25V42,-Nz8TUgyp8W61kxo694b,-Nz8cfhT4Qs6i-8a4-EE,Uf47FAHf40f0NihCg5npxy3h5Eo2,350,false
,KG9Pba3wEih0TBi9XNHT4pI25V42,-Nz8TUgyp8W61kxo694b,-Nz8dGH2Lx9TWPKsCp3L,Uf47FAHf40f0NihCg5npxy3h5Eo2,350,false
,KG9Pba3wEih0TBi9XNHT4pI25V42,-NyPQFt54nlNBW3puYIA,-NyPURUWwgu2qwP-H-fL,5Cs2g0Sbaqbzc3QouNrhNMAyuZw2,350,false
,KG9Pba3wEih0TBi9XNHT4pI25V42,-O4A69NIczhDVSOvO-bK,-O4A8U3FC8qU3Y1efNl9,W4zM5c0XmNfv11Z7mXQIjkP1QE82,200,false
,KG9Pba3wEih0TBi9XNHT4pI25V42,-O2iRso2iyzmadqIfVbD,-O2iT4IXCgbFFbsoUOyi,r81eaF32dKNviefmtozL4sD6eEk1,300,false
,KG9Pba3wEih0TBi9XNHT4pI25V42,-O4AuNoq6t8ZB3Y97B8z,-O4Auvq9kM2Gmns-_04r,c7srj80ovoVtqSOwZBm1ppBO68a2,300,false
,KG9Pba3wEih0TBi9XNHT4pI25V42,-O-1Cyu-zBSt-dIFoblE,-O-1FmAoeLjT-YSDRXuk,1gGzMXxa8mRjJmRNlZSekOpiBRJ3,330,false
,KG9Pba3wEih0TBi9XNHT4pI25V42,-O3lSfIeS08GM2ivPHvw,-O3lTdZLuXvPWQ5W3cyg,zUbjejEygcOo1OhxGJ6EjSv3lnJ2,350,false
,KG9Pba3wEih0TBi9XNHT4pI25V42,-O2iCO-kMj1e3jLBhk3I,-O2iMdXQsSAmK0lohefp,oXqZ0ZlQsLcTSPY8UOyukVWaYuG3,300,false
,KG9Pba3wEih0TBi9XNHT4pI25V42,-NzhxakpJN9VUjNaxkDc,-O3gbqoWJRkhFhgcVdGi,yrkJoIfYniVPyVIz7it4OmO00fo1,200,false
,KG9Pba3wEih0TBi9XNHT4pI25V42,-O4A69NIczhDVSOvO-bK,-O4A9Zu1SvZjXrQoQyrl,W4zM5c0XmNfv11Z7mXQIjkP1QE82,200,false
,KG9Pba3wEih0TBi9XNHT4pI25V42,-Nc6Oh9qfA9ThSW4lbxv,-Nc6QJoVKBMMQDLBFT37,JxBaQbVufiYaS3rIpst69xygdhS2,300,false
,KG9Pba3wEih0TBi9XNHT4pI25V42,-Nc6Oh9qfA9ThSW4lbxv,-Nc6QoTKmZndH7XV17Dj,JxBaQbVufiYaS3rIpst69xygdhS2,300,false
,KG9Pba3wEih0TBi9XNHT4pI25V42,-Nc6Oh9qfA9ThSW4lbxv,-Nc6REiQl4nV4AXPxknu,JxBaQbVufiYaS3rIpst69xygdhS2,300,false
,KG9Pba3wEih0TBi9XNHT4pI25V42,-O4A69NIczhDVSOvO-bK,-O4A7eTwQIItyzde7fnW,W4zM5c0XmNfv11Z7mXQIjkP1QE82,300,false
,KG9Pba3wEih0TBi9XNHT4pI25V42,-NrG3htiQeFdwRH5uWDN,-NrG8DuY47gGAxT5u_Bh,Qkg0A8sNoGPGzfeGqoXz8uTAhWj2,200,false
,KG9Pba3wEih0TBi9XNHT4pI25V42,-N_rA4HA5hBTTHe_RVRK,-N_rCAhIBVn-7NAIov63,Z4J6C2jf4sSwzwd6K6JIWInDqen2,300,false
,KG9Pba3wEih0TBi9XNHT4pI25V42,-N_rA4HA5hBTTHe_RVRK,-N_rDAV9dkG0PMBxLE69,Z4J6C2jf4sSwzwd6K6JIWInDqen2,300,false
,KG9Pba3wEih0TBi9XNHT4pI25V42,-NoVk5Kd7SDp2FKbe2Jr,-NoVo-uZ0FiuNvI5BazA,5thBaBZMEmdtt6Ny7mY60v3redb2,200,false
,KG9Pba3wEih0TBi9XNHT4pI25V42,-O4A69NIczhDVSOvO-bK,-O4A7JRtUlLTg8YqAY37,FW1szKnSmDYwOtwUN9DwkA90pcg1,300,false
,KG9Pba3wEih0TBi9XNHT4pI25V42,-O2iCO-kMj1e3jLBhk3I,-O2iLafmghSVp3Dx_p0V,oXqZ0ZlQsLcTSPY8UOyukVWaYuG3,300,false
,KG9Pba3wEih0TBi9XNHT4pI25V42,-O5s3Rd4oAvokOAYSy_4,-O5s5bgEy8Y2nxuGvO3_,PPvT5rlnSmUZRV3HJfVarM8jAzm2,200,false
,KG9Pba3wEih0TBi9XNHT4pI25V42,-Nzi60zH5ycXLCx0UeSc,-Nzi8rPTTrUnNE570wXg,AVp53dfgqlYPtSgr1LQ00Mk0ET63,300,false
,KG9Pba3wEih0TBi9XNHT4pI25V42,-Nz8gz69kcJhEvw7yuiK,-Nz8syGdcIwPn3fkc82I,qfu7IPPcCyXFoV1Gn1sToYfq5F63,260,false
,KG9Pba3wEih0TBi9XNHT4pI25V42,-O08Scdjlm_JdR5aBA18,-O08V9lYBzmXGZyY06NI,rTZ82KNjL9MvtTXMxwbB9zvwdwd2,300,false
,KG9Pba3wEih0TBi9XNHT4pI25V42,-NrG3htiQeFdwRH5uWDN,-NrG7hiiHcPoz2vy0EwF,Qkg0A8sNoGPGzfeGqoXz8uTAhWj2,200,false
,KG9Pba3wEih0TBi9XNHT4pI25V42,-NmC18VrA8CeragiVGu8,-NmC6Txocmq8GZ4cO7H6,2yCQTherqQW0BBhGUWPRwwiPYA92,200,false
,KG9Pba3wEih0TBi9XNHT4pI25V42,-NtRGnH3AbJJ9Y2PvrXH,-NtRHNLYn6asza81C5t3,i7OZAXq2ERagRVtlg58zkKCeWor1,500,false
,KG9Pba3wEih0TBi9XNHT4pI25V42,-NcXs2ErKckrr89Qsdf_,-NcXv2pWm1f1Q9A7lWWS,Em5ikAsNyIWtFq0uXd2kkiKGj9o2,200,false
,KG9Pba3wEih0TBi9XNHT4pI25V42,-O2iRso2iyzmadqIfVbD,-O2iSJxW236KMyApWe0f,r81eaF32dKNviefmtozL4sD6eEk1,300,false
,KG9Pba3wEih0TBi9XNHT4pI25V42,-O7mAuYTaeRX9n5j3Nuy,-O7mCbz8FUXkz_fhCbWV,GP5WzDwvMIWkMcB1FhNOUnc2G462,280,false
,KG9Pba3wEih0TBi9XNHT4pI25V42,-NrG3htiQeFdwRH5uWDN,-NrG5lwA4LweBQPkhqGB,eEdTVK4XqIWuNv71or0QSkfPdFy1,350,false
,KG9Pba3wEih0TBi9XNHT4pI25V42,-O3lSfIeS08GM2ivPHvw,-O3lTHRbe8YhqeVxbo4P,zUbjejEygcOo1OhxGJ6EjSv3lnJ2,350,false
,KG9Pba3wEih0TBi9XNHT4pI25V42,-NikJ-sBrcRBMSF0jgFo,-NikLupoi1Vfxj9FOcG5,4qpjHqWGxBVRircldaLbMbykVHs2,200,false
,KG9Pba3wEih0TBi9XNHT4pI25V42,-Nzhrmf0iuIlOwL7OxlM,-Nzht5CMNinGqP-HpxQX,i2F4957LoSQws0Hj5H0MeP62zYp1,300,false
,KG9Pba3wEih0TBi9XNHT4pI25V42,-Nz8TUgyp8W61kxo694b,-Nz8cI8DRjzOud1NKXDp,LmxPwOIS46V0sL3QLoqbYf4DHBT2,350,false
,KG9Pba3wEih0TBi9XNHT4pI25V42,-NyPT5X9y1d-Hfu3x4Kk,-NyPVtvtbnR17UIyzC3r,unx7JeTSE9cEGdBknsaCP6fOn722,350,false
,KG9Pba3wEih0TBi9XNHT4pI25V42,-O08Scdjlm_JdR5aBA18,-O08TRGdveTR1ACscEE-,rTZ82KNjL9MvtTXMxwbB9zvwdwd2,300,false
,KG9Pba3wEih0TBi9XNHT4pI25V42,-O08Scdjlm_JdR5aBA18,-O08UN7JJcEyY_Wy3PcR,rTZ82KNjL9MvtTXMxwbB9zvwdwd2,300,false
,KG9Pba3wEih0TBi9XNHT4pI25V42,-O08Scdjlm_JdR5aBA18,-O08VSmx--lFsgHdaDAi,rTZ82KNjL9MvtTXMxwbB9zvwdwd2,300,false
,KG9Pba3wEih0TBi9XNHT4pI25V42,-O08Scdjlm_JdR5aBA18,-O08TtG2VAtQLTTWo-SH,rTZ82KNjL9MvtTXMxwbB9zvwdwd2,300,false
,KG9Pba3wEih0TBi9XNHT4pI25V42,-Nz8TUgyp8W61kxo694b,-Nz8bngvOXQWuCw_YItd,4NW632BeFtdgPWRO0iOmVK25zjq2,350,false
,KG9Pba3wEih0TBi9XNHT4pI25V42,-NyPT5X9y1d-Hfu3x4Kk,-NyPWC_RvPFq8GLBm-5W,unx7JeTSE9cEGdBknsaCP6fOn722,350,false
,KG9Pba3wEih0TBi9XNHT4pI25V42,-O2iRso2iyzmadqIfVbD,-O2iTSjZ967VPuSGP8ME,r81eaF32dKNviefmtozL4sD6eEk1,160,false
,KG9Pba3wEih0TBi9XNHT4pI25V42,-O2iRso2iyzmadqIfVbD,-O2iTpSXiRJciOBtrbQr,r81eaF32dKNviefmtozL4sD6eEk1,160,false
,KG9Pba3wEih0TBi9XNHT4pI25V42,-O2iRso2iyzmadqIfVbD,-O2iSJxW236KMyApWe0f,r81eaF32dKNviefmtozL4sD6eEk1,300,false
,KG9Pba3wEih0TBi9XNHT4pI25V42,-NyPT5X9y1d-Hfu3x4Kk,-NyPVWdQ2KUiPkIKO_Am,unx7JeTSE9cEGdBknsaCP6fOn722,350,false
,KG9Pba3wEih0TBi9XNHT4pI25V42,-Nz8TUgyp8W61kxo694b,-Nz8eVRz8XOiKZ-QWs1e,Uf47FAHf40f0NihCg5npxy3h5Eo2,200,false
,KG9Pba3wEih0TBi9XNHT4pI25V42,-NikJ-sBrcRBMSF0jgFo,-NikKlkgG8STENhi1-RG,4qpjHqWGxBVRircldaLbMbykVHs2,300,false
,KG9Pba3wEih0TBi9XNHT4pI25V42,-O3lSfIeS08GM2ivPHvw,-O3lV8PaQWdxrd4tDNdB,zUbjejEygcOo1OhxGJ6EjSv3lnJ2,200,false
,KG9Pba3wEih0TBi9XNHT4pI25V42,-NikJ-sBrcRBMSF0jgFo,-NikLFJvnMyG7jfT-dK8,4qpjHqWGxBVRircldaLbMbykVHs2,300,false
,KG9Pba3wEih0TBi9XNHT4pI25V42,-O3lSfIeS08GM2ivPHvw,-O3lUkHiQX_jTelG-byR,zUbjejEygcOo1OhxGJ6EjSv3lnJ2,200,false
,KG9Pba3wEih0TBi9XNHT4pI25V42,-MvW5gwdK1MOWBE3u7g6,-MvW5gwdK1MOWBE3u7g8,eUOBW5aIZhNAerZXNbPViz8vpxs1,300,false
,KG9Pba3wEih0TBi9XNHT4pI25V42,-O08vVh_sepkZWWYtBMO,-O08vsqJMhBWrNKTuKiS,7PmgbCnOUaglxzUASpjgPmQ6BOj1,300,false
,KG9Pba3wEih0TBi9XNHT4pI25V42,-NzhxakpJN9VUjNaxkDc,-Nzhy-U3IfUfhWdH4Rkg,yrkJoIfYniVPyVIz7it4OmO00fo1,300,false
,KG9Pba3wEih0TBi9XNHT4pI25V42,-O08Scdjlm_JdR5aBA18,-O08Vq6SVkj8UemuXMFg,rTZ82KNjL9MvtTXMxwbB9zvwdwd2,200,false
,KG9Pba3wEih0TBi9XNHT4pI25V42,-N_rA4HA5hBTTHe_RVRK,-N_rFO64wr75wH_HLbVb,pW97YlPBkXOG95t2wkANYReYGhp2,200,false
,KG9Pba3wEih0TBi9XNHT4pI25V42,-N_rA4HA5hBTTHe_RVRK,-N_rGE42e0Hz2PjYOWuX,pW97YlPBkXOG95t2wkANYReYGhp2,200,false
,KG9Pba3wEih0TBi9XNHT4pI25V42,-O3lSfIeS08GM2ivPHvw,-O3lU73vihDJ-tkjb1W7,zUbjejEygcOo1OhxGJ6EjSv3lnJ2,350,false
,KG9Pba3wEih0TBi9XNHT4pI25V42,-NmC7GdJysF695FFzZap,-NmC8seXEhZzMfrk_a5t,8OVfOndkGqRGMzS7YqIYUf3DAWT2,300,false
,KG9Pba3wEih0TBi9XNHT4pI25V42,-O-1Cyu-zBSt-dIFoblE,-O-1G956IpbNok5TxV4J,1gGzMXxa8mRjJmRNlZSekOpiBRJ3,180,false
,KG9Pba3wEih0TBi9XNHT4pI25V42,-Nzi60zH5ycXLCx0UeSc,-O32r2YMM4bva9lA83_-,AVp53dfgqlYPtSgr1LQ00Mk0ET63,200,false
,KG9Pba3wEih0TBi9XNHT4pI25V42,-O2iRso2iyzmadqIfVbD,-O2iUS2MXzci6rSo-gDh,r81eaF32dKNviefmtozL4sD6eEk1,160,false
,KG9Pba3wEih0TBi9XNHT4pI25V42,-Nc6UA9Hl08A7BFSuNAc,-Nc6VTOrX-7LXkDnK1PC,7qCl8LcxKsUdBtsDpU4leMyGZnr1,300,false
,KG9Pba3wEih0TBi9XNHT4pI25V42,-NmC18VrA8CeragiVGu8,-NmC2faARSqpAG6okYEj,1U7BJzSQEVPfPB5WlRbbhWiiTrC2,300,false
,KG9Pba3wEih0TBi9XNHT4pI25V42,-NZZuJzST4E62TJ_gPvq,-N_rruIq0BgOu7VCPENp,t3wC8hsZeoRD3ntPHUWYP4SyrnJ3,300,false
,KG9Pba3wEih0TBi9XNHT4pI25V42,-Nl7ldAXg-HYEu5UMywi,-Nl7nGED9NfHgbo65J6t,LaYoDL8oDrgaKrRg1vOP5CWmanB2,300,false
,KG9Pba3wEih0TBi9XNHT4pI25V42,-NZZuJzST4E62TJ_gPvq,-NsHnClg2eh_08S_7DmI,t3wC8hsZeoRD3ntPHUWYP4SyrnJ3,300,false
,KG9Pba3wEih0TBi9XNHT4pI25V42,-Nl7ldAXg-HYEu5UMywi,-Nl7p0MqMy8IsomQju4P,LaYoDL8oDrgaKrRg1vOP5CWmanB2,300,false
,KG9Pba3wEih0TBi9XNHT4pI25V42,-O08vVh_sepkZWWYtBMO,-O08xSuDFCHuFY5S4x7d,Ahw29KJX7KgcLjtaAKatwKjGLYw1,300,false
,KG9Pba3wEih0TBi9XNHT4pI25V42,-O08Scdjlm_JdR5aBA18,-O08TtG2VAtQLTTWo-SH,rTZ82KNjL9MvtTXMxwbB9zvwdwd2,300,false
,KG9Pba3wEih0TBi9XNHT4pI25V42,-O4A69NIczhDVSOvO-bK,-O4A6vAjWhTh4c66lozl,W4zM5c0XmNfv11Z7mXQIjkP1QE82,300,false
,KG9Pba3wEih0TBi9XNHT4pI25V42,-Nz8gz69kcJhEvw7yuiK,-Nz8tzF8mnIGB4W3X0tp,qfu7IPPcCyXFoV1Gn1sToYfq5F63,40,false
,KG9Pba3wEih0TBi9XNHT4pI25V42,-O4AuNoq6t8ZB3Y97B8z,-O4E_Dfaz8ma9_RHg-K_,c7srj80ovoVtqSOwZBm1ppBO68a2,200,false
,KG9Pba3wEih0TBi9XNHT4pI25V42,-NyPQFt54nlNBW3puYIA,-NyPURUWwgu2qwP-H-fL,5Cs2g0Sbaqbzc3QouNrhNMAyuZw2,350,false
,KG9Pba3wEih0TBi9XNHT4pI25V42,-NrG3htiQeFdwRH5uWDN,-NrG7GTRtvB4HNgk14D_,Qkg0A8sNoGPGzfeGqoXz8uTAhWj2,350,false
,KG9Pba3wEih0TBi9XNHT4pI25V42,-NyPQFt54nlNBW3puYIA,-Nz7c1mrSxF3AM0MkKgH,5Cs2g0Sbaqbzc3QouNrhNMAyuZw2,200,false
,KG9Pba3wEih0TBi9XNHT4pI25V42,-MvW5gwdK1MOWBE3u7g6,-MvW5gwdK1MOWBE3u7g9,ipwLsYi6Plheu4snDKnl7elpFg02,300,false
,KG9Pba3wEih0TBi9XNHT4pI25V42,-NzhxakpJN9VUjNaxkDc,-NzhyWA4d2EoN1Y6-s-G,Er5fiWkkaPQxFEfEeIutZJmCBJO2,300,false
,KG9Pba3wEih0TBi9XNHT4pI25V42,-NrG3htiQeFdwRH5uWDN,-NrG8p8JAWM6a_keuTXq,eEdTVK4XqIWuNv71or0QSkfPdFy1,200,false
,KG9Pba3wEih0TBi9XNHT4pI25V42,-O4A69NIczhDVSOvO-bK,-O4A8U3FC8qU3Y1efNl9,W4zM5c0XmNfv11Z7mXQIjkP1QE82,200,false
,KG9Pba3wEih0TBi9XNHT4pI25V42,-O4A69NIczhDVSOvO-bK,-O4A7eTwQIItyzde7fnW,W4zM5c0XmNfv11Z7mXQIjkP1QE82,300,false
,KG9Pba3wEih0TBi9XNHT4pI25V42,-NoVk5Kd7SDp2FKbe2Jr,-NoVmLgFP3ev5v11tfAY,5thBaBZMEmdtt6Ny7mY60v3redb2,300,false
,KG9Pba3wEih0TBi9XNHT4pI25V42,-O3lSfIeS08GM2ivPHvw,-O3lTHRbe8YhqeVxbo4P,zUbjejEygcOo1OhxGJ6EjSv3lnJ2,350,false
,KG9Pba3wEih0TBi9XNHT4pI25V42,-O2iCO-kMj1e3jLBhk3I,-O2iRFgigzRkqV9VHDqr,X8WJ9wP6tgUYg9MzIkb1qTJSshk2,200,false
,KG9Pba3wEih0TBi9XNHT4pI25V42,-NoVk5Kd7SDp2FKbe2Jr,-NoVmeZVmmgYNxANZALf,5thBaBZMEmdtt6Ny7mY60v3redb2,300,false
,KG9Pba3wEih0TBi9XNHT4pI25V42,-O2iRso2iyzmadqIfVbD,-O2iT4IXCgbFFbsoUOyi,r81eaF32dKNviefmtozL4sD6eEk1,300,false
,KG9Pba3wEih0TBi9XNHT4pI25V42,-NyPT5X9y1d-Hfu3x4Kk,-Nz7dXBVkcVnkE1bXDaR,unx7JeTSE9cEGdBknsaCP6fOn722,200,false
,KG9Pba3wEih0TBi9XNHT4pI25V42,-Nzi60zH5ycXLCx0UeSc,-Nzi88nW1AZ1lhfpa2Fr,AVp53dfgqlYPtSgr1LQ00Mk0ET63,300,false
,KG9Pba3wEih0TBi9XNHT4pI25V42,-O08vVh_sepkZWWYtBMO,-O08we8MtTu5y6dHv9RH,MkngxJW9fibVoyzsCqF3UP6P6Lo2,300,false
,KG9Pba3wEih0TBi9XNHT4pI25V42,-Nc6UA9Hl08A7BFSuNAc,-Nc6Wd3VTLEeMHlv4qLp,7qCl8LcxKsUdBtsDpU4leMyGZnr1,200,false
,KG9Pba3wEih0TBi9XNHT4pI25V42,-O3lSfIeS08GM2ivPHvw,-O3lTdZLuXvPWQ5W3cyg,zUbjejEygcOo1OhxGJ6EjSv3lnJ2,350,false
,KG9Pba3wEih0TBi9XNHT4pI25V42,-O4A69NIczhDVSOvO-bK,-O4A9Zu1SvZjXrQoQyrl,W4zM5c0XmNfv11Z7mXQIjkP1QE82,200,false
,KG9Pba3wEih0TBi9XNHT4pI25V42,-NrG3htiQeFdwRH5uWDN,-NrG9jnOfMjfAqS3CimW,Qkg0A8sNoGPGzfeGqoXz8uTAhWj2,200,false
,KG9Pba3wEih0TBi9XNHT4pI25V42,-NtRGnH3AbJJ9Y2PvrXH,-NtRHNLYn6asza81C5t3,i7OZAXq2ERagRVtlg58zkKCeWor1,500,false
,KG9Pba3wEih0TBi9XNHT4pI25V42,-NyPT5X9y1d-Hfu3x4Kk,-NyPVtvtbnR17UIyzC3r,i23QHSvIMDPSbM2wfoBtlu2UFcA3,350,false
,KG9Pba3wEih0TBi9XNHT4pI25V42,-NzhxakpJN9VUjNaxkDc,-NzhysuNuXLLjQPuspd-,patlbTGC6jNEeU8JO6p1BgtEPjw2,300,false
,KG9Pba3wEih0TBi9XNHT4pI25V42,-Nzhrmf0iuIlOwL7OxlM,-NzhshtG_h2SG96Qhobf,JjgK259ffIYREcCanlAIYEvUhNr1,300,false
,KG9Pba3wEih0TBi9XNHT4pI25V42,-O4A69NIczhDVSOvO-bK,-O4A7JRtUlLTg8YqAY37,W4zM5c0XmNfv11Z7mXQIjkP1QE82,300,false
,KG9Pba3wEih0TBi9XNHT4pI25V42,-O5s3Rd4oAvokOAYSy_4,-O5s5A6AG8VhjGy-P_fb,QpNynavALeRphpqE2Ce8iK4aCbv2,300,false
,KG9Pba3wEih0TBi9XNHT4pI25V42,-O5s3Rd4oAvokOAYSy_4,-O5s4nhsunLWLU2x5iy6,QpNynavALeRphpqE2Ce8iK4aCbv2,300,false
,KG9Pba3wEih0TBi9XNHT4pI25V42,-Nt0dCRS9khradpJF5zd,-Nt0eVtg7KrpUToZc6p7,NwKxWtoJhFQIkUtM1KdzTxqJA1N2,300,false
,KG9Pba3wEih0TBi9XNHT4pI25V42,-O2OF229tBkgX-nhToQ8,-O2OHjqDU5YM-vl-AQut,7OliUNvMaFbKNo3UpnvGY4Favx92,200,false
,KG9Pba3wEih0TBi9XNHT4pI25V42,-NzhxakpJN9VUjNaxkDc,-NzhzJUAI8an8rhRhrHl,NO1rj37fUWdAWMGtiQ92TnhcDuT2,300,false
,KG9Pba3wEih0TBi9XNHT4pI25V42,-NmC18VrA8CeragiVGu8,-NmC4TFQCahBPwfbBz5Z,2yCQTherqQW0BBhGUWPRwwiPYA92,200,false
,KG9Pba3wEih0TBi9XNHT4pI25V42,-NzhxakpJN9VUjNaxkDc,-O3gb-6Y39mzH6rLXIV0,yrkJoIfYniVPyVIz7it4OmO00fo1,300,false
,KG9Pba3wEih0TBi9XNHT4pI25V42,-NrG3htiQeFdwRH5uWDN,-NrG5HJYwfH4liroGXii,B8ESIAQFaXN9PhNGTrDfWylQy4L2,350,false
,KG9Pba3wEih0TBi9XNHT4pI25V42,-Nz8TUgyp8W61kxo694b,-Nz8dnIMrrPRovQJ2Gm8,LmxPwOIS46V0sL3QLoqbYf4DHBT2,200,false
,KG9Pba3wEih0TBi9XNHT4pI25V42,-NrG3htiQeFdwRH5uWDN,-NrG5lwA4LweBQPkhqGB,B8ESIAQFaXN9PhNGTrDfWylQy4L2,350,false
,KG9Pba3wEih0TBi9XNHT4pI25V42,-Nt0dCRS9khradpJF5zd,-Nt0e8w14Zy1GHbUCF5T,lGBMBQkOemSbsq3am5cjQ9NZUOL2,300,false
,KG9Pba3wEih0TBi9XNHT4pI25V42,-Nt0dCRS9khradpJF5zd,-Nt0dk7NbHkuHI8_DjTA,85kjlqh7gOZmkPBsHkhu2s3mGhC3,300,false
,KG9Pba3wEih0TBi9XNHT4pI25V42,-Nz8gz69kcJhEvw7yuiK,-Nz8syGdcIwPn3fkc82I,qfu7IPPcCyXFoV1Gn1sToYfq5F63,260,false
,KG9Pba3wEih0TBi9XNHT4pI25V42,-NyZD8bzYBvRicskkW1I,-NyZDwq6dGNBkNl8mQGy,LiFOrD73diQxqWFALmlbObJVzaD2,350,false
,KG9Pba3wEih0TBi9XNHT4pI25V42,-NcXs2ErKckrr89Qsdf_,-NcXszPYLYFyRWlyT2jh,IZVmVrKMeYMhNApzME4B4iD0meR2,300,false
,KG9Pba3wEih0TBi9XNHT4pI25V42,-NcXs2ErKckrr89Qsdf_,-NcXu2OMUrzqZKduQwRD,IZVmVrKMeYMhNApzME4B4iD0meR2,300,false
,KG9Pba3wEih0TBi9XNHT4pI25V42,-NikJ-sBrcRBMSF0jgFo,-NikKDH65SXjmZM5nj7g,4qpjHqWGxBVRircldaLbMbykVHs2,300,false
,KG9Pba3wEih0TBi9XNHT4pI25V42,-N_rA4HA5hBTTHe_RVRK,-N_rDg0OPmNWcKnB15RQ,Za6Q3zQbvbX8DKjZDlTPbSB3VjF3,300,false
,KG9Pba3wEih0TBi9XNHT4pI25V42,-O08Scdjlm_JdR5aBA18,-O08WetfDgMEbuIKjnxo,rTZ82KNjL9MvtTXMxwbB9zvwdwd2,200,false
,KG9Pba3wEih0TBi9XNHT4pI25V42,-O08Scdjlm_JdR5aBA18,-O08XTpLd6NlmtuTwnpD,rTZ82KNjL9MvtTXMxwbB9zvwdwd2,200,false
,KG9Pba3wEih0TBi9XNHT4pI25V42,-Nzhrmf0iuIlOwL7OxlM,-Nzht5CMNinGqP-HpxQX,JjgK259ffIYREcCanlAIYEvUhNr1,300,false
,KG9Pba3wEih0TBi9XNHT4pI25V42,-O7mAuYTaeRX9n5j3Nuy,-O7mCHN-I06WYMsxafGK,GP5WzDwvMIWkMcB1FhNOUnc2G462,280,false
,KG9Pba3wEih0TBi9XNHT4pI25V42,-NrG3htiQeFdwRH5uWDN,-NrG6gnqT9gYK-sLjvsk,D782BLhK67U2QnyRpHIy9oU7ROf1,350,false
,KG9Pba3wEih0TBi9XNHT4pI25V42,-NrG3htiQeFdwRH5uWDN,-NrG6DDd-74GAp1oKsuu,D782BLhK67U2QnyRpHIy9oU7ROf1,350,false
,KG9Pba3wEih0TBi9XNHT4pI25V42,-NmC18VrA8CeragiVGu8,-NmC5J_583iJk4ArlvBh,KU5qG9OGzwPYrJIGT9k4PG0XE3J2,200,false
,KG9Pba3wEih0TBi9XNHT4pI25V42,-NikJ-sBrcRBMSF0jgFo,-NikLupoi1Vfxj9FOcG5,4qpjHqWGxBVRircldaLbMbykVHs2,200,false
,KG9Pba3wEih0TBi9XNHT4pI25V42,-O08Scdjlm_JdR5aBA18,-O08V9lYBzmXGZyY06NI,rTZ82KNjL9MvtTXMxwbB9zvwdwd2,300,false
,KG9Pba3wEih0TBi9XNHT4pI25V42,-N8wrJ7SvHAC_pStTMIM,-N8wsmL2_lyB6oYgJTuO,zvVHo0H5qlcyQxPuGPvbuf0gvvf2,300,false
,KG9Pba3wEih0TBi9XNHT4pI25V42,-N8wrJ7SvHAC_pStTMIM,-N8wtlIzDIeb_bCLJrYv,zvVHo0H5qlcyQxPuGPvbuf0gvvf2,300,false
,KG9Pba3wEih0TBi9XNHT4pI25V42,-Nl7ldAXg-HYEu5UMywi,-Nl7qo73b_M6fJHtWMeB,LaYoDL8oDrgaKrRg1vOP5CWmanB2,200,false
,KG9Pba3wEih0TBi9XNHT4pI25V42,-NyPT5X9y1d-Hfu3x4Kk,-Nz7drF8d4_W3PsoXA87,i23QHSvIMDPSbM2wfoBtlu2UFcA3,200,false
,KG9Pba3wEih0TBi9XNHT4pI25V42,-NyPQFt54nlNBW3puYIA,-NyPURUWwgu2qwP-H-fL,5Cs2g0Sbaqbzc3QouNrhNMAyuZw2,350,false
,KG9Pba3wEih0TBi9XNHT4pI25V42,-NyPQFt54nlNBW3puYIA,-Nz7cLqwnDL_8r61vhry,5Cs2g0Sbaqbzc3QouNrhNMAyuZw2,200,false
,KG9Pba3wEih0TBi9XNHT4pI25V42,-O2iRso2iyzmadqIfVbD,-O2iTSjZ967VPuSGP8ME,r81eaF32dKNviefmtozL4sD6eEk1,160,false
,KG9Pba3wEih0TBi9XNHT4pI25V42,-O08vVh_sepkZWWYtBMO,-O08xp27Zwk-Wmm4rMD1,7PmgbCnOUaglxzUASpjgPmQ6BOj1,200,false
,KG9Pba3wEih0TBi9XNHT4pI25V42,-N_rA4HA5hBTTHe_RVRK,-N_rEGL1tgsluDWD6ex-,tOr5aRaQBjaBx3GLyw7BhVAugx12,300,false
,KG9Pba3wEih0TBi9XNHT4pI25V42,-O08vVh_sepkZWWYtBMO,-O08xSuDFCHuFY5S4x7d,ZGz8wwfFzSZsT3tCERclkZlw3482,300,false
,KG9Pba3wEih0TBi9XNHT4pI25V42,-OEO3uN0yOJDl9KJg_L-,-OEO4pg2vgOp_5oQttSc,W4er7aEvANNbN2OnZUmbQH45INR2,300,false
,KG9Pba3wEih0TBi9XNHT4pI25V42,-Nzi60zH5ycXLCx0UeSc,-Nzi8TU0ud-USRS0szII,AVp53dfgqlYPtSgr1LQ00Mk0ET63,300,false
,KG9Pba3wEih0TBi9XNHT4pI25V42,-OEO3uN0yOJDl9KJg_L-,-OEO4Qi32j5u1BTk8Ne7,W4er7aEvANNbN2OnZUmbQH45INR2,300,false
,KG9Pba3wEih0TBi9XNHT4pI25V42,-Nzi60zH5ycXLCx0UeSc,-Nzi8rPTTrUnNE570wXg,AVp53dfgqlYPtSgr1LQ00Mk0ET63,300,false
,KG9Pba3wEih0TBi9XNHT4pI25V42,-NmC7GdJysF695FFzZap,-NmC9SsZuM5Hg--_gz4R,8OVfOndkGqRGMzS7YqIYUf3DAWT2,200,false
,KG9Pba3wEih0TBi9XNHT4pI25V42,-MvW5gwdK1MOWBE3u7g6,-MvW5gwdK1MOWBE3u7g7,zcv2u3XYexPXXVsqZD4pPzfuXtB2,300,false
,KG9Pba3wEih0TBi9XNHT4pI25V42,-Nzi60zH5ycXLCx0UeSc,-Nzi7o-Lf_jPEMf3Qg5K,AVp53dfgqlYPtSgr1LQ00Mk0ET63,300,false
,KG9Pba3wEih0TBi9XNHT4pI25V42,-NrG3htiQeFdwRH5uWDN,-NrG7hiiHcPoz2vy0EwF,D782BLhK67U2QnyRpHIy9oU7ROf1,200,false
,KG9Pba3wEih0TBi9XNHT4pI25V42,-NmC18VrA8CeragiVGu8,-NmC6Txocmq8GZ4cO7H6,1U7BJzSQEVPfPB5WlRbbhWiiTrC2,200,false
,KG9Pba3wEih0TBi9XNHT4pI25V42,-Nc6UA9Hl08A7BFSuNAc,-Nc6VTOrX-7LXkDnK1PC,awWrKAlk9PXdGkdhiSkXaLWbi2x2,300,false
,KG9Pba3wEih0TBi9XNHT4pI25V42,-NcXs2ErKckrr89Qsdf_,-NcXu_7aEPbNNzccZoQf,Em5ikAsNyIWtFq0uXd2kkiKGj9o2,300,false
,KG9Pba3wEih0TBi9XNHT4pI25V42,-O5s3Rd4oAvokOAYSy_4,-O5s4nhsunLWLU2x5iy6,LOw76H2IMzQ6f5FEYBuAXyjMT612,300,false
,KG9Pba3wEih0TBi9XNHT4pI25V42,-O08Scdjlm_JdR5aBA18,-O08X4OjSysslQtCnSef,rTZ82KNjL9MvtTXMxwbB9zvwdwd2,200,false
,KG9Pba3wEih0TBi9XNHT4pI25V42,-O4AuNoq6t8ZB3Y97B8z,-O4Auvq9kM2Gmns-_04r,LOw76H2IMzQ6f5FEYBuAXyjMT612,300,false
,KG9Pba3wEih0TBi9XNHT4pI25V42,-NoVk5Kd7SDp2FKbe2Jr,-NoVl05cwblKySdgw3ES,5thBaBZMEmdtt6Ny7mY60v3redb2,300,false
,KG9Pba3wEih0TBi9XNHT4pI25V42,-NyPT5X9y1d-Hfu3x4Kk,-NyPVtvtbnR17UIyzC3r,unx7JeTSE9cEGdBknsaCP6fOn722,350,false
,KG9Pba3wEih0TBi9XNHT4pI25V42,-NyPT5X9y1d-Hfu3x4Kk,-NyPWC_RvPFq8GLBm-5W,unx7JeTSE9cEGdBknsaCP6fOn722,350,false
,KG9Pba3wEih0TBi9XNHT4pI25V42,-N8wrJ7SvHAC_pStTMIM,-N8wuVNETeVU9awihAIt,zvVHo0H5qlcyQxPuGPvbuf0gvvf2,200,false
,KG9Pba3wEih0TBi9XNHT4pI25V42,-NmC7GdJysF695FFzZap,-NmC8seXEhZzMfrk_a5t,VSiLK705I9eAEoaTAUGJj7FV7Cc2,300,false
,KG9Pba3wEih0TBi9XNHT4pI25V42,-O2OF229tBkgX-nhToQ8,-O2OGThYnuW1vpBn6HC0,sYbALEeccHP0JLKtfXJUvOISxDe2,300,false
,KG9Pba3wEih0TBi9XNHT4pI25V42,-Nl7ldAXg-HYEu5UMywi,-Nl7nGED9NfHgbo65J6t,2GF2OeYk2rUmXAaKzcYczGMAbRp1,300,false
,KG9Pba3wEih0TBi9XNHT4pI25V42,-NZZuJzST4E62TJ_gPvq,-N_rrSXRo2PyFR5D6qjQ,QaBQOHgeGSWcLU4ocN9DKfaM1Rw2,300,false
,KG9Pba3wEih0TBi9XNHT4pI25V42,-NikJ-sBrcRBMSF0jgFo,-NikKlkgG8STENhi1-RG,4qpjHqWGxBVRircldaLbMbykVHs2,300,false
,KG9Pba3wEih0TBi9XNHT4pI25V42,-Nzhrmf0iuIlOwL7OxlM,-NzhtT8zbN9PIqu0RgQ0,JjgK259ffIYREcCanlAIYEvUhNr1,300,false
,KG9Pba3wEih0TBi9XNHT4pI25V42,-NyPQFt54nlNBW3puYIA,-Nz7c1mrSxF3AM0MkKgH,5Cs2g0Sbaqbzc3QouNrhNMAyuZw2,200,false
,KG9Pba3wEih0TBi9XNHT4pI25V42,-N_rA4HA5hBTTHe_RVRK,-N_rI7ojBZ1mVQa0ySaf,tOr5aRaQBjaBx3GLyw7BhVAugx12,200,false
,KG9Pba3wEih0TBi9XNHT4pI25V42,-O7mAuYTaeRX9n5j3Nuy,-O7mCHN-I06WYMsxafGK,GP5WzDwvMIWkMcB1FhNOUnc2G462,280,false
,KG9Pba3wEih0TBi9XNHT4pI25V42,-Nt0dCRS9khradpJF5zd,-Nt0f94vJLCgbmyZBskU,lGBMBQkOemSbsq3am5cjQ9NZUOL2,200,false
,KG9Pba3wEih0TBi9XNHT4pI25V42,-NtRGnH3AbJJ9Y2PvrXH,-NtRHNLYn6asza81C5t3,i7OZAXq2ERagRVtlg58zkKCeWor1,500,false
,KG9Pba3wEih0TBi9XNHT4pI25V42,-O4A69NIczhDVSOvO-bK,-O4A6vAjWhTh4c66lozl,W4zM5c0XmNfv11Z7mXQIjkP1QE82,300,false
,KG9Pba3wEih0TBi9XNHT4pI25V42,-NrG3htiQeFdwRH5uWDN,-NrG8DuY47gGAxT5u_Bh,D782BLhK67U2QnyRpHIy9oU7ROf1,200,false
,KG9Pba3wEih0TBi9XNHT4pI25V42,-NrG3htiQeFdwRH5uWDN,-NrG8p8JAWM6a_keuTXq,B8ESIAQFaXN9PhNGTrDfWylQy4L2,200,false
,KG9Pba3wEih0TBi9XNHT4pI25V42,-O4A69NIczhDVSOvO-bK,-O4A7eTwQIItyzde7fnW,W4zM5c0XmNfv11Z7mXQIjkP1QE82,300,false
,KG9Pba3wEih0TBi9XNHT4pI25V42,-N_rA4HA5hBTTHe_RVRK,-N_rS8ZhDu5VOuFPVl4D,3hJpERVUpNYZ9UatN93NfW6X8vA2,300,false
,KG9Pba3wEih0TBi9XNHT4pI25V42,-O3lSfIeS08GM2ivPHvw,-O3lUkHiQX_jTelG-byR,zUbjejEygcOo1OhxGJ6EjSv3lnJ2,200,false
,KG9Pba3wEih0TBi9XNHT4pI25V42,-O4A69NIczhDVSOvO-bK,-O4A9Zu1SvZjXrQoQyrl,W4zM5c0XmNfv11Z7mXQIjkP1QE82,200,false
,KG9Pba3wEih0TBi9XNHT4pI25V42,-N_rA4HA5hBTTHe_RVRK,-N_rEGL1tgsluDWD6ex-,3hJpERVUpNYZ9UatN93NfW6X8vA2,300,false
,KG9Pba3wEih0TBi9XNHT4pI25V42,-O08Scdjlm_JdR5aBA18,-O08TRGdveTR1ACscEE-,rTZ82KNjL9MvtTXMxwbB9zvwdwd2,300,false
,KG9Pba3wEih0TBi9XNHT4pI25V42,-O3lSfIeS08GM2ivPHvw,-O3lTdZLuXvPWQ5W3cyg,zUbjejEygcOo1OhxGJ6EjSv3lnJ2,350,false
,KG9Pba3wEih0TBi9XNHT4pI25V42,-O08Scdjlm_JdR5aBA18,-O08UN7JJcEyY_Wy3PcR,rTZ82KNjL9MvtTXMxwbB9zvwdwd2,300,false
,KG9Pba3wEih0TBi9XNHT4pI25V42,-NyZD8bzYBvRicskkW1I,-NyZELio1r7yPkhnCuRT,LiFOrD73diQxqWFALmlbObJVzaD2,200,false
,KG9Pba3wEih0TBi9XNHT4pI25V42,-O3lSfIeS08GM2ivPHvw,-O3lV8PaQWdxrd4tDNdB,zUbjejEygcOo1OhxGJ6EjSv3lnJ2,200,false
,KG9Pba3wEih0TBi9XNHT4pI25V42,-O7mAuYTaeRX9n5j3Nuy,-O7mCxZoracdLc3kQdG3,GP5WzDwvMIWkMcB1FhNOUnc2G462,200,false
,KG9Pba3wEih0TBi9XNHT4pI25V42,-Nc6UA9Hl08A7BFSuNAc,-Nc6V0X6OIQrhj8c84Mw,awWrKAlk9PXdGkdhiSkXaLWbi2x2,300,false
,KG9Pba3wEih0TBi9XNHT4pI25V42,-NmC18VrA8CeragiVGu8,-NmC27wH2iBooJJtQVsG,VGhIcjLhxGeTnYErEuLoXYndvnu2,300,false
,KG9Pba3wEih0TBi9XNHT4pI25V42,-Nzi60zH5ycXLCx0UeSc,-O32r2YMM4bva9lA83_-,AVp53dfgqlYPtSgr1LQ00Mk0ET63,200,false
,KG9Pba3wEih0TBi9XNHT4pI25V42,-NzhxakpJN9VUjNaxkDc,-Nzhy-U3IfUfhWdH4Rkg,LxFkjmkK8wYfW2sNLUWZqHOcOAp2,300,false
,KG9Pba3wEih0TBi9XNHT4pI25V42,-NikJ-sBrcRBMSF0jgFo,-NikLFJvnMyG7jfT-dK8,4qpjHqWGxBVRircldaLbMbykVHs2,300,false
,KG9Pba3wEih0TBi9XNHT4pI25V42,-O4A69NIczhDVSOvO-bK,-O4A7JRtUlLTg8YqAY37,W4zM5c0XmNfv11Z7mXQIjkP1QE82,300,false
,KG9Pba3wEih0TBi9XNHT4pI25V42,-NrG3htiQeFdwRH5uWDN,-NrG6gnqT9gYK-sLjvsk,gC0JufuLc6QCKA76DNhpaUWE0qc2,350,false
,KG9Pba3wEih0TBi9XNHT4pI25V42,-NrG3htiQeFdwRH5uWDN,-NrG6DDd-74GAp1oKsuu,gC0JufuLc6QCKA76DNhpaUWE0qc2,350,false
,KG9Pba3wEih0TBi9XNHT4pI25V42,-NyZD8bzYBvRicskkW1I,-NyZDwq6dGNBkNl8mQGy,LiFOrD73diQxqWFALmlbObJVzaD2,350,false
,KG9Pba3wEih0TBi9XNHT4pI25V42,-MvW5gwdK1MOWBE3u7g6,-MvW5gwdK1MOWBE3u7g8,ToFUP8ky4WcYxxF960KlRjxAdxl2,300,false
,KG9Pba3wEih0TBi9XNHT4pI25V42,-NyZD8bzYBvRicskkW1I,-NyZDYOxjq2OMCHPQHm8,LiFOrD73diQxqWFALmlbObJVzaD2,350,false
,KG9Pba3wEih0TBi9XNHT4pI25V42,-MvW5gwdK1MOWBE3u7g6,-MvW5gwdK1MOWBE3u7g9,ToFUP8ky4WcYxxF960KlRjxAdxl2,300,false
,KG9Pba3wEih0TBi9XNHT4pI25V42,-NyPT5X9y1d-Hfu3x4Kk,-Nz7dXBVkcVnkE1bXDaR,unx7JeTSE9cEGdBknsaCP6fOn722,200,false
,KG9Pba3wEih0TBi9XNHT4pI25V42,-O-1Cyu-zBSt-dIFoblE,-O-1FmAoeLjT-YSDRXuk,1gGzMXxa8mRjJmRNlZSekOpiBRJ3,330,false
,KG9Pba3wEih0TBi9XNHT4pI25V42,-O2iCO-kMj1e3jLBhk3I,-O2iLafmghSVp3Dx_p0V,DckikO7ScOhQXgkK6wGatFfCKM93,300,false
,KG9Pba3wEih0TBi9XNHT4pI25V42,-Nz8gz69kcJhEvw7yuiK,-Nz8tbsNgSMTHHogrwO3,qfu7IPPcCyXFoV1Gn1sToYfq5F63,40,false
,KG9Pba3wEih0TBi9XNHT4pI25V42,-O2iRso2iyzmadqIfVbD,-O2iUS2MXzci6rSo-gDh,r81eaF32dKNviefmtozL4sD6eEk1,160,false
,KG9Pba3wEih0TBi9XNHT4pI25V42,-O08Scdjlm_JdR5aBA18,-O08VSmx--lFsgHdaDAi,rTZ82KNjL9MvtTXMxwbB9zvwdwd2,300,false
,KG9Pba3wEih0TBi9XNHT4pI25V42,-NzhxakpJN9VUjNaxkDc,-NzhzyFXDKVfO12DZ_wF,YCGyT4sczRaeqfc5o7xBJCmbiRr1,200,false
,KG9Pba3wEih0TBi9XNHT4pI25V42,-NzhxakpJN9VUjNaxkDc,-NzhzJUAI8an8rhRhrHl,7h8Fs3NPbBNz3ztGcj925eoxQf52,300,false
,KG9Pba3wEih0TBi9XNHT4pI25V42,-NzhxakpJN9VUjNaxkDc,-Nzi0Aj0W95lOxfxo1Ie,patlbTGC6jNEeU8JO6p1BgtEPjw2,200,false
,KG9Pba3wEih0TBi9XNHT4pI25V42,-NzhxakpJN9VUjNaxkDc,-Nzi-RrZQA3MDrNj4_aB,LxFkjmkK8wYfW2sNLUWZqHOcOAp2,200,false
,KG9Pba3wEih0TBi9XNHT4pI25V42,-NikJ-sBrcRBMSF0jgFo,-NikKDH65SXjmZM5nj7g,YKy9R8YMePcKvzsZ7NuOLXS3Zp62,300,false
,KG9Pba3wEih0TBi9XNHT4pI25V42,-NzhxakpJN9VUjNaxkDc,-Nzhy-U3IfUfhWdH4Rkg,LxFkjmkK8wYfW2sNLUWZqHOcOAp2,300,false
,KG9Pba3wEih0TBi9XNHT4pI25V42,-O08Scdjlm_JdR5aBA18,-O08UN7JJcEyY_Wy3PcR,rTZ82KNjL9MvtTXMxwbB9zvwdwd2,300,false
,KG9Pba3wEih0TBi9XNHT4pI25V42,-O7mAuYTaeRX9n5j3Nuy,-O7mCHN-I06WYMsxafGK,GP5WzDwvMIWkMcB1FhNOUnc2G462,280,false
,KG9Pba3wEih0TBi9XNHT4pI25V42,-O7mAuYTaeRX9n5j3Nuy,-O7mCbz8FUXkz_fhCbWV,GP5WzDwvMIWkMcB1FhNOUnc2G462,280,false
,KG9Pba3wEih0TBi9XNHT4pI25V42,-O08vVh_sepkZWWYtBMO,-O08we8MtTu5y6dHv9RH,HmdRHJ4lSFOBB91rE42FTFyiRuS2,300,false
,KG9Pba3wEih0TBi9XNHT4pI25V42,-NzhxakpJN9VUjNaxkDc,-NzhysuNuXLLjQPuspd-,yrkJoIfYniVPyVIz7it4OmO00fo1,300,false
,KG9Pba3wEih0TBi9XNHT4pI25V42,-NcXs2ErKckrr89Qsdf_,-NcXu2OMUrzqZKduQwRD,TFp6M3p9lDcg38Ojwz2cO7Cc7L22,300,false
,KG9Pba3wEih0TBi9XNHT4pI25V42,-N_rA4HA5hBTTHe_RVRK,-N_rCAhIBVn-7NAIov63,josBjZoBZENrSWOcu3uEMHybY4u1,300,false
,KG9Pba3wEih0TBi9XNHT4pI25V42,-Nzhrmf0iuIlOwL7OxlM,-Nzhv7zrmE-xgGC1EoFc,JjgK259ffIYREcCanlAIYEvUhNr1,200,false
,KG9Pba3wEih0TBi9XNHT4pI25V42,-O7mAuYTaeRX9n5j3Nuy,-O7mCxZoracdLc3kQdG3,GP5WzDwvMIWkMcB1FhNOUnc2G462,200,false
,KG9Pba3wEih0TBi9XNHT4pI25V42,-NyZD8bzYBvRicskkW1I,-NyZELio1r7yPkhnCuRT,LiFOrD73diQxqWFALmlbObJVzaD2,200,false
,KG9Pba3wEih0TBi9XNHT4pI25V42,-N_rA4HA5hBTTHe_RVRK,-N_rFO64wr75wH_HLbVb,Za6Q3zQbvbX8DKjZDlTPbSB3VjF3,200,false
,KG9Pba3wEih0TBi9XNHT4pI25V42,-O2iRso2iyzmadqIfVbD,-O2iSiCZ3n_IDeoNr9Sj,r81eaF32dKNviefmtozL4sD6eEk1,300,false
,KG9Pba3wEih0TBi9XNHT4pI25V42,-O08vVh_sepkZWWYtBMO,-O08z7-lRDWJ_U1pxQmd,ZGz8wwfFzSZsT3tCERclkZlw3482,200,false
,KG9Pba3wEih0TBi9XNHT4pI25V42,-Nz8TUgyp8W61kxo694b,-Nz8cfhT4Qs6i-8a4-EE,CwVF7nbpPzPlUkDiCoTkr6ekq2I2,350,false
,KG9Pba3wEih0TBi9XNHT4pI25V42,-NoVk5Kd7SDp2FKbe2Jr,-NoVoHRegnCZrE5LSHE6,5thBaBZMEmdtt6Ny7mY60v3redb2,200,false
,KG9Pba3wEih0TBi9XNHT4pI25V42,-O7mAuYTaeRX9n5j3Nuy,-O7mDIl007mLEK73VuVW,GP5WzDwvMIWkMcB1FhNOUnc2G462,200,false
,KG9Pba3wEih0TBi9XNHT4pI25V42,-NrG3htiQeFdwRH5uWDN,-NrG5lwA4LweBQPkhqGB,Qkg0A8sNoGPGzfeGqoXz8uTAhWj2,350,false
,KG9Pba3wEih0TBi9XNHT4pI25V42,-Nl7ldAXg-HYEu5UMywi,-Nl7nGED9NfHgbo65J6t,3qNiRoy5jAcAGW5P6Snjy74kyHp2,300,false
,KG9Pba3wEih0TBi9XNHT4pI25V42,-O3lSfIeS08GM2ivPHvw,-O3lU73vihDJ-tkjb1W7,zUbjejEygcOo1OhxGJ6EjSv3lnJ2,350,false
,KG9Pba3wEih0TBi9XNHT4pI25V42,-NcXs2ErKckrr89Qsdf_,-NcXszPYLYFyRWlyT2jh,Em5ikAsNyIWtFq0uXd2kkiKGj9o2,300,false
,KG9Pba3wEih0TBi9XNHT4pI25V42,-O08vVh_sepkZWWYtBMO,-O08vsqJMhBWrNKTuKiS,nkt0JFjiY0X7kJejyqOq7PZstHu2,300,false
,KG9Pba3wEih0TBi9XNHT4pI25V42,-O08vVh_sepkZWWYtBMO,-O08wzXd6faohj_jfp2v,nkt0JFjiY0X7kJejyqOq7PZstHu2,300,false
,KG9Pba3wEih0TBi9XNHT4pI25V42,-O08vVh_sepkZWWYtBMO,-O08wG3qCuMaBM2jUzna,nkt0JFjiY0X7kJejyqOq7PZstHu2,300,false
,KG9Pba3wEih0TBi9XNHT4pI25V42,-O08vVh_sepkZWWYtBMO,-O08xSuDFCHuFY5S4x7d,ODcyyy9LB2fStgTkevyKr37naLK2,300,false
,KG9Pba3wEih0TBi9XNHT4pI25V42,-O3lSfIeS08GM2ivPHvw,-O3lTHRbe8YhqeVxbo4P,zUbjejEygcOo1OhxGJ6EjSv3lnJ2,350,false
,KG9Pba3wEih0TBi9XNHT4pI25V42,-NyZD8bzYBvRicskkW1I,-NyZDYOxjq2OMCHPQHm8,LiFOrD73diQxqWFALmlbObJVzaD2,350,false
,KG9Pba3wEih0TBi9XNHT4pI25V42,-NmC18VrA8CeragiVGu8,-NmC3zHKWpUgOPi-vIMv,XhWHO29N3jVVZXVACHV2f4AZHeg2,300,false
,KG9Pba3wEih0TBi9XNHT4pI25V42,-O08vVh_sepkZWWYtBMO,-O08yCp4I32zV8Lv4yeV,HmdRHJ4lSFOBB91rE42FTFyiRuS2,200,false
,KG9Pba3wEih0TBi9XNHT4pI25V42,-NoVk5Kd7SDp2FKbe2Jr,-NoVlNhdzUovGOIM7iut,5thBaBZMEmdtt6Ny7mY60v3redb2,300,false
,KG9Pba3wEih0TBi9XNHT4pI25V42,-NikJ-sBrcRBMSF0jgFo,-NikMSDkW9Q7OwEx9i50,4qpjHqWGxBVRircldaLbMbykVHs2,200,false
,KG9Pba3wEih0TBi9XNHT4pI25V42,-Nl7ldAXg-HYEu5UMywi,-Nl7p0MqMy8IsomQju4P,mgpc2dMylLU3wLA7vcDVY8a3XjV2,300,false
,KG9Pba3wEih0TBi9XNHT4pI25V42,-Nl7ldAXg-HYEu5UMywi,-Nl7qBavtazhQ8colX4P,mgpc2dMylLU3wLA7vcDVY8a3XjV2,300,false
,KG9Pba3wEih0TBi9XNHT4pI25V42,-O2OF229tBkgX-nhToQ8,-O2OI4Gk2d7_r8lOojX1,sYbALEeccHP0JLKtfXJUvOISxDe2,200,false
,KG9Pba3wEih0TBi9XNHT4pI25V42,-NrG3htiQeFdwRH5uWDN,-NrG7hiiHcPoz2vy0EwF,gC0JufuLc6QCKA76DNhpaUWE0qc2,200,false
,KG9Pba3wEih0TBi9XNHT4pI25V42,-NrG3htiQeFdwRH5uWDN,-NrG9jnOfMjfAqS3CimW,gC0JufuLc6QCKA76DNhpaUWE0qc2,200,false
,KG9Pba3wEih0TBi9XNHT4pI25V42,-NyPT5X9y1d-Hfu3x4Kk,-NyPWC_RvPFq8GLBm-5W,QiK9zb2Jnrf1jGcYrDZ51V8OZJU2,350,false
,KG9Pba3wEih0TBi9XNHT4pI25V42,-O7mAuYTaeRX9n5j3Nuy,-O7mDIl007mLEK73VuVW,GP5WzDwvMIWkMcB1FhNOUnc2G462,200,false
,KG9Pba3wEih0TBi9XNHT4pI25V42,-NcXs2ErKckrr89Qsdf_,-NcXu_7aEPbNNzccZoQf,Em5ikAsNyIWtFq0uXd2kkiKGj9o2,300,false
,KG9Pba3wEih0TBi9XNHT4pI25V42,-Nt0dCRS9khradpJF5zd,-Nt0dk7NbHkuHI8_DjTA,hL4IJHRQe7VjxXRpLTcA72cPEmE3,300,false
,KG9Pba3wEih0TBi9XNHT4pI25V42,-O4A69NIczhDVSOvO-bK,-O4A85C6M_apBWLikX84,W4zM5c0XmNfv11Z7mXQIjkP1QE82,200,false
,KG9Pba3wEih0TBi9XNHT4pI25V42,-O7mAuYTaeRX9n5j3Nuy,-O7mCxZoracdLc3kQdG3,GP5WzDwvMIWkMcB1FhNOUnc2G462,200,false
,KG9Pba3wEih0TBi9XNHT4pI25V42,-OEO3uN0yOJDl9KJg_L-,-OEO5aOOCNSLgFNlamU2,W4er7aEvANNbN2OnZUmbQH45INR2,160,false
,KG9Pba3wEih0TBi9XNHT4pI25V42,-O4A69NIczhDVSOvO-bK,-O4A9Zu1SvZjXrQoQyrl,W4zM5c0XmNfv11Z7mXQIjkP1QE82,200,false
,KG9Pba3wEih0TBi9XNHT4pI25V42,-O85f_8vXT7G7-THmWlc,-O85giMK_SLtmAlEpEj0,y9qvolAXr7gMyva1KIcJBE755O22,300,false
,KG9Pba3wEih0TBi9XNHT4pI25V42,-O4A69NIczhDVSOvO-bK,-O4A6vAjWhTh4c66lozl,W4zM5c0XmNfv11Z7mXQIjkP1QE82,300,false
,KG9Pba3wEih0TBi9XNHT4pI25V42,-O4A69NIczhDVSOvO-bK,-O4A7eTwQIItyzde7fnW,W4zM5c0XmNfv11Z7mXQIjkP1QE82,300,false
,KG9Pba3wEih0TBi9XNHT4pI25V42,-O08Scdjlm_JdR5aBA18,-O08XTpLd6NlmtuTwnpD,rTZ82KNjL9MvtTXMxwbB9zvwdwd2,200,false
,KG9Pba3wEih0TBi9XNHT4pI25V42,-NyPT5X9y1d-Hfu3x4Kk,-NyPVtvtbnR17UIyzC3r,unx7JeTSE9cEGdBknsaCP6fOn722,350,false
,KG9Pba3wEih0TBi9XNHT4pI25V42,-O3lSfIeS08GM2ivPHvw,-O3lV8PaQWdxrd4tDNdB,zUbjejEygcOo1OhxGJ6EjSv3lnJ2,200,false
,KG9Pba3wEih0TBi9XNHT4pI25V42,-NikJ-sBrcRBMSF0jgFo,-NikNgf5aHOpzTioEp5m,4qpjHqWGxBVRircldaLbMbykVHs2,200,false
,KG9Pba3wEih0TBi9XNHT4pI25V42,-NyPQFt54nlNBW3puYIA,-NyPUlupQ6jBxywhUH63,5Cs2g0Sbaqbzc3QouNrhNMAyuZw2,350,false
,KG9Pba3wEih0TBi9XNHT4pI25V42,-NyPQFt54nlNBW3puYIA,-NyPV7vWjYaxVX_1Gzfo,5Cs2g0Sbaqbzc3QouNrhNMAyuZw2,350,false
,KG9Pba3wEih0TBi9XNHT4pI25V42,-NrG3htiQeFdwRH5uWDN,-NrG6DDd-74GAp1oKsuu,4S1W0kYutIcL2tQahkpwHH8tsap1,350,false
,KG9Pba3wEih0TBi9XNHT4pI25V42,-Nzhrmf0iuIlOwL7OxlM,-NzhshtG_h2SG96Qhobf,JjgK259ffIYREcCanlAIYEvUhNr1,300,false
,KG9Pba3wEih0TBi9XNHT4pI25V42,-NyPQFt54nlNBW3puYIA,-Nz7cLqwnDL_8r61vhry,5Cs2g0Sbaqbzc3QouNrhNMAyuZw2,200,false
,KG9Pba3wEih0TBi9XNHT4pI25V42,-NmC18VrA8CeragiVGu8,-NmC27wH2iBooJJtQVsG,VGhIcjLhxGeTnYErEuLoXYndvnu2,300,false
,KG9Pba3wEih0TBi9XNHT4pI25V42,-NyZD8bzYBvRicskkW1I,-NyZELio1r7yPkhnCuRT,LiFOrD73diQxqWFALmlbObJVzaD2,200,false
,KG9Pba3wEih0TBi9XNHT4pI25V42,-NikJ-sBrcRBMSF0jgFo,-NikLupoi1Vfxj9FOcG5,YKy9R8YMePcKvzsZ7NuOLXS3Zp62,200,false
,KG9Pba3wEih0TBi9XNHT4pI25V42,-Nzi60zH5ycXLCx0UeSc,-Nzi7o-Lf_jPEMf3Qg5K,AVp53dfgqlYPtSgr1LQ00Mk0ET63,300,false
,KG9Pba3wEih0TBi9XNHT4pI25V42,-O-1Cyu-zBSt-dIFoblE,-O-1G956IpbNok5TxV4J,1gGzMXxa8mRjJmRNlZSekOpiBRJ3,180,false
,KG9Pba3wEih0TBi9XNHT4pI25V42,-Nz8TUgyp8W61kxo694b,-Nz8bngvOXQWuCw_YItd,KLJeD0bWtldPWiFfKDWevXEvwXE2,350,false
,KG9Pba3wEih0TBi9XNHT4pI25V42,-NyPQFt54nlNBW3puYIA,-Nz7c1mrSxF3AM0MkKgH,5Cs2g0Sbaqbzc3QouNrhNMAyuZw2,200,false
,KG9Pba3wEih0TBi9XNHT4pI25V42,-O2iCO-kMj1e3jLBhk3I,-O2iNmXJPTawig22QnDh,DckikO7ScOhQXgkK6wGatFfCKM93,200,false
,KG9Pba3wEih0TBi9XNHT4pI25V42,-NzhxakpJN9VUjNaxkDc,-Nzi-rqb2MuRgDzK4q-Z,Er5fiWkkaPQxFEfEeIutZJmCBJO2,200,false
,KG9Pba3wEih0TBi9XNHT4pI25V42,-O7mAuYTaeRX9n5j3Nuy,-O7mCHN-I06WYMsxafGK,GP5WzDwvMIWkMcB1FhNOUnc2G462,280,false
,KG9Pba3wEih0TBi9XNHT4pI25V42,-NrG3htiQeFdwRH5uWDN,-NrG8DuY47gGAxT5u_Bh,Qkg0A8sNoGPGzfeGqoXz8uTAhWj2,200,false
,KG9Pba3wEih0TBi9XNHT4pI25V42,-NcXs2ErKckrr89Qsdf_,-NdKFdCqVGnzDSWs0dLW,TFp6M3p9lDcg38Ojwz2cO7Cc7L22,200,false
,KG9Pba3wEih0TBi9XNHT4pI25V42,-Nz8gz69kcJhEvw7yuiK,-Nz8rmI_FZ1gY_-RtCgA,qfu7IPPcCyXFoV1Gn1sToYfq5F63,260,false
,KG9Pba3wEih0TBi9XNHT4pI25V42,-Nz8gz69kcJhEvw7yuiK,-Nz8sbgEhTGqoDwMyKrG,qfu7IPPcCyXFoV1Gn1sToYfq5F63,260,false
,KG9Pba3wEih0TBi9XNHT4pI25V42,-NmC7GdJysF695FFzZap,-NmC9SsZuM5Hg--_gz4R,VSiLK705I9eAEoaTAUGJj7FV7Cc2,200,false
,KG9Pba3wEih0TBi9XNHT4pI25V42,-MvW5gwdK1MOWBE3u7g6,-MvW5gwdK1MOWBE3u7g8,SlQmsc2Hi2WAzag3vX4V8XdkIDP2,300,false
,KG9Pba3wEih0TBi9XNHT4pI25V42,-NikJ-sBrcRBMSF0jgFo,-NikKDH65SXjmZM5nj7g,4qpjHqWGxBVRircldaLbMbykVHs2,300,false
,KG9Pba3wEih0TBi9XNHT4pI25V42,-NikJ-sBrcRBMSF0jgFo,-NikKlkgG8STENhi1-RG,4qpjHqWGxBVRircldaLbMbykVHs2,300,false
,KG9Pba3wEih0TBi9XNHT4pI25V42,-Nl7ldAXg-HYEu5UMywi,-Nl7qo73b_M6fJHtWMeB,mgpc2dMylLU3wLA7vcDVY8a3XjV2,200,false
,KG9Pba3wEih0TBi9XNHT4pI25V42,-Nl7ldAXg-HYEu5UMywi,-Nl7rw88iOihIHj-S3DA,mgpc2dMylLU3wLA7vcDVY8a3XjV2,200,false
,KG9Pba3wEih0TBi9XNHT4pI25V42,-Nz8gz69kcJhEvw7yuiK,-Nz8syGdcIwPn3fkc82I,qfu7IPPcCyXFoV1Gn1sToYfq5F63,260,false
,KG9Pba3wEih0TBi9XNHT4pI25V42,-O7mAuYTaeRX9n5j3Nuy,-O7mCxZoracdLc3kQdG3,GP5WzDwvMIWkMcB1FhNOUnc2G462,200,false
,KG9Pba3wEih0TBi9XNHT4pI25V42,-N_rA4HA5hBTTHe_RVRK,-N_rCAhIBVn-7NAIov63,OpTPaGeHL7YCoMTdummdhKzPL112,300,false
,KG9Pba3wEih0TBi9XNHT4pI25V42,-N_rA4HA5hBTTHe_RVRK,-N_rDAV9dkG0PMBxLE69,OpTPaGeHL7YCoMTdummdhKzPL112,300,false
,KG9Pba3wEih0TBi9XNHT4pI25V42,-NyPT5X9y1d-Hfu3x4Kk,-Nz7dXBVkcVnkE1bXDaR,QiK9zb2Jnrf1jGcYrDZ51V8OZJU2,200,false
,KG9Pba3wEih0TBi9XNHT4pI25V42,-Nt0dCRS9khradpJF5zd,-Nt0f94vJLCgbmyZBskU,hL4IJHRQe7VjxXRpLTcA72cPEmE3,200,false
,KG9Pba3wEih0TBi9XNHT4pI25V42,-Nc6UA9Hl08A7BFSuNAc,-Nc6VTOrX-7LXkDnK1PC,TpH3UFtqreOPkC44gHTmAqtX69m1,300,false
,KG9Pba3wEih0TBi9XNHT4pI25V42,-OEO3uN0yOJDl9KJg_L-,-OEO4Qi32j5u1BTk8Ne7,lzE8rR5G2QPhwIctNWVuGoFjJfF3,300,false
,KG9Pba3wEih0TBi9XNHT4pI25V42,-NcXs2ErKckrr89Qsdf_,-NcXu2OMUrzqZKduQwRD,Em5ikAsNyIWtFq0uXd2kkiKGj9o2,300,false
,KG9Pba3wEih0TBi9XNHT4pI25V42,-Nz8gz69kcJhEvw7yuiK,-Nz8tzF8mnIGB4W3X0tp,qfu7IPPcCyXFoV1Gn1sToYfq5F63,40,false
,KG9Pba3wEih0TBi9XNHT4pI25V42,-O08Scdjlm_JdR5aBA18,-O08V9lYBzmXGZyY06NI,rTZ82KNjL9MvtTXMxwbB9zvwdwd2,300,false
,KG9Pba3wEih0TBi9XNHT4pI25V42,-O3lSfIeS08GM2ivPHvw,-O3lUkHiQX_jTelG-byR,zUbjejEygcOo1OhxGJ6EjSv3lnJ2,200,false
,KG9Pba3wEih0TBi9XNHT4pI25V42,-MvW5gwdK1MOWBE3u7g6,-MvW5gwdK1MOWBE3u7g7,DP74GRbzWHQW8QlLYGwlq5IIU502,300,false
,KG9Pba3wEih0TBi9XNHT4pI25V42,-MvW5gwdK1MOWBE3u7g6,-MvW5gwdK1MOWBE3u7g9,tUxEFWqtS0Rhbk1GjhAMSkPyG363,300,false
,KG9Pba3wEih0TBi9XNHT4pI25V42,-NmC18VrA8CeragiVGu8,-NmC5J_583iJk4ArlvBh,XhWHO29N3jVVZXVACHV2f4AZHeg2,200,false
,KG9Pba3wEih0TBi9XNHT4pI25V42,-O08vVh_sepkZWWYtBMO,-O08z7-lRDWJ_U1pxQmd,ODcyyy9LB2fStgTkevyKr37naLK2,200,false
,KG9Pba3wEih0TBi9XNHT4pI25V42,-NcXs2ErKckrr89Qsdf_,-NcXvxcxv5ZAirWzAGcp,Em5ikAsNyIWtFq0uXd2kkiKGj9o2,200,false
,KG9Pba3wEih0TBi9XNHT4pI25V42,-Nz8gz69kcJhEvw7yuiK,-Nz8tJF34Bks4HiPLqb3,qfu7IPPcCyXFoV1Gn1sToYfq5F63,40,false
,KG9Pba3wEih0TBi9XNHT4pI25V42,-NcXs2ErKckrr89Qsdf_,-NcXszPYLYFyRWlyT2jh,Tfgd4BaaIYdN10cytTLtfACdMiy2,300,false
,KG9Pba3wEih0TBi9XNHT4pI25V42,-N_rA4HA5hBTTHe_RVRK,-N_rSiKs82A4VHNArXvf,QHeB2hbB1IevWGbImrsiohGlEHu2,200,false
,KG9Pba3wEih0TBi9XNHT4pI25V42,-N_rA4HA5hBTTHe_RVRK,-N_rI7ojBZ1mVQa0ySaf,QHeB2hbB1IevWGbImrsiohGlEHu2,200,false
,KG9Pba3wEih0TBi9XNHT4pI25V42,-NrG3htiQeFdwRH5uWDN,-NrG5HJYwfH4liroGXii,zuYjJ7GteLWEDgaIzzRVE4wBtSW2,350,false
,KG9Pba3wEih0TBi9XNHT4pI25V42,-NikJ-sBrcRBMSF0jgFo,-NikMSDkW9Q7OwEx9i50,4qpjHqWGxBVRircldaLbMbykVHs2,200,false
,KG9Pba3wEih0TBi9XNHT4pI25V42,-Nt0dCRS9khradpJF5zd,-Nt0eVtg7KrpUToZc6p7,fS7svYsjv8hNvns5UjvEi0p8keB3,300,false
,KG9Pba3wEih0TBi9XNHT4pI25V42,-O7mAuYTaeRX9n5j3Nuy,-O7mDIl007mLEK73VuVW,GP5WzDwvMIWkMcB1FhNOUnc2G462,200,false
,KG9Pba3wEih0TBi9XNHT4pI25V42,-O-1Cyu-zBSt-dIFoblE,-O-1FT1G9MctcDJXgW4v,1gGzMXxa8mRjJmRNlZSekOpiBRJ3,330,false
,KG9Pba3wEih0TBi9XNHT4pI25V42,-NzhxakpJN9VUjNaxkDc,-Nzhy-U3IfUfhWdH4Rkg,yrkJoIfYniVPyVIz7it4OmO00fo1,300,false
,KG9Pba3wEih0TBi9XNHT4pI25V42,-O3lSfIeS08GM2ivPHvw,-O3lU73vihDJ-tkjb1W7,zUbjejEygcOo1OhxGJ6EjSv3lnJ2,350,false
,KG9Pba3wEih0TBi9XNHT4pI25V42,-O08Scdjlm_JdR5aBA18,-O08TRGdveTR1ACscEE-,rTZ82KNjL9MvtTXMxwbB9zvwdwd2,300,false
,KG9Pba3wEih0TBi9XNHT4pI25V42,-NcXs2ErKckrr89Qsdf_,-NcXv2pWm1f1Q9A7lWWS,Tfgd4BaaIYdN10cytTLtfACdMiy2,200,false
,KG9Pba3wEih0TBi9XNHT4pI25V42,-NyPQFt54nlNBW3puYIA,-Nz7cLqwnDL_8r61vhry,5Cs2g0Sbaqbzc3QouNrhNMAyuZw2,200,false
,KG9Pba3wEih0TBi9XNHT4pI25V42,-MvW5gwdK1MOWBE3u7g6,-MvW5gweqPowDXKXA3c1,DP74GRbzWHQW8QlLYGwlq5IIU502,200,false
,KG9Pba3wEih0TBi9XNHT4pI25V42,-Nz8gz69kcJhEvw7yuiK,-Nz8tbsNgSMTHHogrwO3,qfu7IPPcCyXFoV1Gn1sToYfq5F63,40,false
,KG9Pba3wEih0TBi9XNHT4pI25V42,-Nl7ldAXg-HYEu5UMywi,-Nl7qo73b_M6fJHtWMeB,3qNiRoy5jAcAGW5P6Snjy74kyHp2,200,false
,KG9Pba3wEih0TBi9XNHT4pI25V42,-Nz8gz69kcJhEvw7yuiK,-Nz8tzF8mnIGB4W3X0tp,qfu7IPPcCyXFoV1Gn1sToYfq5F63,40,false
,KG9Pba3wEih0TBi9XNHT4pI25V42,-O4A69NIczhDVSOvO-bK,-O4A8U3FC8qU3Y1efNl9,W4zM5c0XmNfv11Z7mXQIjkP1QE82,200,false
,KG9Pba3wEih0TBi9XNHT4pI25V42,-MvW5gwdK1MOWBE3u7g6,-MvW5gwdK1MOWBE3u7gA,ipwLsYi6Plheu4snDKnl7elpFg02,200,false
,KG9Pba3wEih0TBi9XNHT4pI25V42,-O2OF229tBkgX-nhToQ8,-O2OHjqDU5YM-vl-AQut,xLuEjIqoZSYVy3qYPT3q60Ocxmi2,200,false
,KG9Pba3wEih0TBi9XNHT4pI25V42,-Nz8gz69kcJhEvw7yuiK,-Nz8tJF34Bks4HiPLqb3,qfu7IPPcCyXFoV1Gn1sToYfq5F63,40,false
,KG9Pba3wEih0TBi9XNHT4pI25V42,-O08vVh_sepkZWWYtBMO,-O08yfZdlcZXR0v-MhGe,nkt0JFjiY0X7kJejyqOq7PZstHu2,200,false
,KG9Pba3wEih0TBi9XNHT4pI25V42,-O3lSfIeS08GM2ivPHvw,-O3lTdZLuXvPWQ5W3cyg,zUbjejEygcOo1OhxGJ6EjSv3lnJ2,350,false
,KG9Pba3wEih0TBi9XNHT4pI25V42,-NyPQFt54nlNBW3puYIA,-NyPUlupQ6jBxywhUH63,5Cs2g0Sbaqbzc3QouNrhNMAyuZw2,350,false
,KG9Pba3wEih0TBi9XNHT4pI25V42,-O4A69NIczhDVSOvO-bK,-O4A7eTwQIItyzde7fnW,W4zM5c0XmNfv11Z7mXQIjkP1QE82,300,false
,KG9Pba3wEih0TBi9XNHT4pI25V42,-Nz8gz69kcJhEvw7yuiK,-Nz8sbgEhTGqoDwMyKrG,qfu7IPPcCyXFoV1Gn1sToYfq5F63,260,false
,KG9Pba3wEih0TBi9XNHT4pI25V42,-NzhxakpJN9VUjNaxkDc,-NzhyWA4d2EoN1Y6-s-G,TTnHDkGphATsefMsApyGIhNyhQA3,300,false
,KG9Pba3wEih0TBi9XNHT4pI25V42,-NzhxakpJN9VUjNaxkDc,-NzhysuNuXLLjQPuspd-,TTnHDkGphATsefMsApyGIhNyhQA3,300,false
,KG9Pba3wEih0TBi9XNHT4pI25V42,-NzhxakpJN9VUjNaxkDc,-NzhzJUAI8an8rhRhrHl,TTnHDkGphATsefMsApyGIhNyhQA3,300,false
,KG9Pba3wEih0TBi9XNHT4pI25V42,-O3lSfIeS08GM2ivPHvw,-O3lV8PaQWdxrd4tDNdB,zUbjejEygcOo1OhxGJ6EjSv3lnJ2,200,false
,KG9Pba3wEih0TBi9XNHT4pI25V42,-NrG3htiQeFdwRH5uWDN,-NrG8p8JAWM6a_keuTXq,zuYjJ7GteLWEDgaIzzRVE4wBtSW2,200,false
,KG9Pba3wEih0TBi9XNHT4pI25V42,-NyPQFt54nlNBW3puYIA,-NyPV7vWjYaxVX_1Gzfo,5Cs2g0Sbaqbzc3QouNrhNMAyuZw2,350,false
,KG9Pba3wEih0TBi9XNHT4pI25V42,-NZZuJzST4E62TJ_gPvq,-N_rrSXRo2PyFR5D6qjQ,6XHNdEYwDYhMqLGP3HqLEgy2EGF3,300,false
,KG9Pba3wEih0TBi9XNHT4pI25V42,-NyPQFt54nlNBW3puYIA,-NyPURUWwgu2qwP-H-fL,5Cs2g0Sbaqbzc3QouNrhNMAyuZw2,350,false
,KG9Pba3wEih0TBi9XNHT4pI25V42,-NmC18VrA8CeragiVGu8,-NmC6Txocmq8GZ4cO7H6,VGhIcjLhxGeTnYErEuLoXYndvnu2,200,false
,KG9Pba3wEih0TBi9XNHT4pI25V42,-O2OF229tBkgX-nhToQ8,-O2OFlD0FivMgNFq6m0C,SlHsjEBjo3N5GYz6Mx9bOg69tnk2,300,false
,KG9Pba3wEih0TBi9XNHT4pI25V42,-O2OF229tBkgX-nhToQ8,-O2OG6he4G6anOmfvIyZ,SlHsjEBjo3N5GYz6Mx9bOg69tnk2,300,false
,KG9Pba3wEih0TBi9XNHT4pI25V42,-Nz8gz69kcJhEvw7yuiK,-Nz8tJF34Bks4HiPLqb3,qfu7IPPcCyXFoV1Gn1sToYfq5F63,40,false
,KG9Pba3wEih0TBi9XNHT4pI25V42,-NrG3htiQeFdwRH5uWDN,-NrG5HJYwfH4liroGXii,prwz1VHg4CeX2pVOgAW8eAbrI1n2,350,false
,KG9Pba3wEih0TBi9XNHT4pI25V42,-O08Scdjlm_JdR5aBA18,-O08WetfDgMEbuIKjnxo,rTZ82KNjL9MvtTXMxwbB9zvwdwd2,200,false
,KG9Pba3wEih0TBi9XNHT4pI25V42,-Nzi60zH5ycXLCx0UeSc,-O32r2YMM4bva9lA83_-,AVp53dfgqlYPtSgr1LQ00Mk0ET63,200,false
,KG9Pba3wEih0TBi9XNHT4pI25V42,-NyPQFt54nlNBW3puYIA,-Nz7cLqwnDL_8r61vhry,5Cs2g0Sbaqbzc3QouNrhNMAyuZw2,200,false
,KG9Pba3wEih0TBi9XNHT4pI25V42,-NzhxakpJN9VUjNaxkDc,-O3gbqoWJRkhFhgcVdGi,yrkJoIfYniVPyVIz7it4OmO00fo1,200,false
,KG9Pba3wEih0TBi9XNHT4pI25V42,-NmC18VrA8CeragiVGu8,-NmC27wH2iBooJJtQVsG,7reSsOAwiGYNTbrV0BUCIqJiffO2,300,false
,KG9Pba3wEih0TBi9XNHT4pI25V42,-O3lOj3T61E_5vERBmtE,-O3lP_RVoCHKUneAFPLU,JlhVu3aP6rMQ7BSnai8t8h26tl02,300,false
,KG9Pba3wEih0TBi9XNHT4pI25V42,-NrG3htiQeFdwRH5uWDN,-NrG9jnOfMjfAqS3CimW,prwz1VHg4CeX2pVOgAW8eAbrI1n2,200,false
,KG9Pba3wEih0TBi9XNHT4pI25V42,-Nzhrmf0iuIlOwL7OxlM,-NzhvUB-VJFOqmgk1mm9,JjgK259ffIYREcCanlAIYEvUhNr1,200,false
,KG9Pba3wEih0TBi9XNHT4pI25V42,-NmC18VrA8CeragiVGu8,-NmC2faARSqpAG6okYEj,CJY5TZz3zNQdgHoZfJCOyOQs4QU2,300,false
,KG9Pba3wEih0TBi9XNHT4pI25V42,-NcXs2ErKckrr89Qsdf_,-NcXszPYLYFyRWlyT2jh,Em5ikAsNyIWtFq0uXd2kkiKGj9o2,300,false
,KG9Pba3wEih0TBi9XNHT4pI25V42,-NcXs2ErKckrr89Qsdf_,-NcXu2OMUrzqZKduQwRD,Em5ikAsNyIWtFq0uXd2kkiKGj9o2,300,false
,KG9Pba3wEih0TBi9XNHT4pI25V42,-NcXs2ErKckrr89Qsdf_,-NcXu_7aEPbNNzccZoQf,Em5ikAsNyIWtFq0uXd2kkiKGj9o2,300,false
,KG9Pba3wEih0TBi9XNHT4pI25V42,-O3lSfIeS08GM2ivPHvw,-O3lU73vihDJ-tkjb1W7,zUbjejEygcOo1OhxGJ6EjSv3lnJ2,350,false
,KG9Pba3wEih0TBi9XNHT4pI25V42,-Ny0cIPTcro557kRNPEh,-Nz7bc2O8jMm2Hxz_9YW,ecPETjLkj8TPRy2PppjGXNv9OuJ3,200,false
,KG9Pba3wEih0TBi9XNHT4pI25V42,-O08Scdjlm_JdR5aBA18,-O08TRGdveTR1ACscEE-,rTZ82KNjL9MvtTXMxwbB9zvwdwd2,300,false
,KG9Pba3wEih0TBi9XNHT4pI25V42,-O3lSfIeS08GM2ivPHvw,-O3lUkHiQX_jTelG-byR,zUbjejEygcOo1OhxGJ6EjSv3lnJ2,200,false
,KG9Pba3wEih0TBi9XNHT4pI25V42,-Nl7ldAXg-HYEu5UMywi,-Nl7qBavtazhQ8colX4P,IqZmTfg7LiUxjsqnvbez8b7uTMo1,300,false
,KG9Pba3wEih0TBi9XNHT4pI25V42,-O4A69NIczhDVSOvO-bK,-O4A9Zu1SvZjXrQoQyrl,W4zM5c0XmNfv11Z7mXQIjkP1QE82,200,false
,KG9Pba3wEih0TBi9XNHT4pI25V42,-NZZuJzST4E62TJ_gPvq,-N_rruIq0BgOu7VCPENp,eBHDlWJINuThpbYlMgpAWeBIC4b2,300,false
,KG9Pba3wEih0TBi9XNHT4pI25V42,-NZZuJzST4E62TJ_gPvq,-N_rsaAGDmIPKyJ2IPXr,6XHNdEYwDYhMqLGP3HqLEgy2EGF3,200,false
,KG9Pba3wEih0TBi9XNHT4pI25V42,-NzhxakpJN9VUjNaxkDc,-Nzi0Aj0W95lOxfxo1Ie,TTnHDkGphATsefMsApyGIhNyhQA3,200,false
,KG9Pba3wEih0TBi9XNHT4pI25V42,-O4A69NIczhDVSOvO-bK,-O4A6vAjWhTh4c66lozl,W4zM5c0XmNfv11Z7mXQIjkP1QE82,300,false
,KG9Pba3wEih0TBi9XNHT4pI25V42,-O4A69NIczhDVSOvO-bK,-O4A7eTwQIItyzde7fnW,W4zM5c0XmNfv11Z7mXQIjkP1QE82,300,false